unit,time,y,x_linear,x_nonlinear,x_null,x_common,common_factor,scenario
U01,1,-3.0934277199762974,-2.1204179873019666,-1.9420934588665553,-0.5641995376157821,-1.1084891756128783,-1.2890938246331798,break
U01,2,-2.6428151680154564,-1.184870352273822,-1.2460392312081126,-0.9748464248434914,0.07619333317007837,-0.21715638632356793,break
U01,3,-1.763846283137323,-0.17779502797510272,-0.4806191273964202,0.6555210110376024,1.2248406427653469,1.1846386630634118,break
U01,4,-1.1027614307327007,0.3520666391991263,-0.41836090243619606,-0.23507552470632992,0.5366725116601566,0.4818268736634136,break
U01,5,0.4314121544863825,-0.7239172847308831,1.2657254889901008,-1.2282640857877798,0.7553655224695656,0.6381788695777348,break
U01,6,-0.2869643130696806,-1.6185713378826512,-0.6576376976237435,-0.2887912231579286,0.23178440867422923,0.051080874846014035,break
U01,7,-1.7939573355467773,0.8896970904932734,-2.0544869353589457,0.34967318912564627,-0.8542441928496511,-0.7334451441488269,break
U01,8,-1.5562403650595316,1.339201333410349,-0.7617262382511817,1.0677168821941523,-0.7871732673289809,-0.2898942826107799,break
U01,9,-1.4706060579624551,-1.5541993884949625,-0.6807288944456612,1.259749765008122,-0.981743734629398,-0.9337568787663932,break
U01,10,-0.4990993032104625,-1.1490426043886872,-0.466780727088527,0.5279518373516511,-1.1011840301491944,-0.68054242687396,break
U01,11,-0.6310438376558589,-1.40923380749176,0.9999737375173867,-0.620602778737221,-0.7245291480862254,-0.45838832906364246,break
U01,12,-3.3657168412134855,-1.2064910241735918,1.2664603502118705,0.38995761509232624,-0.7310813427017995,-1.0346998327731887,break
U01,13,-2.288496019511972,0.6295944432173464,-0.130379597002918,0.33853507332745314,-0.24727399399478645,-0.6825489301073662,break
U01,14,-2.48894829211983,-1.1588949098638035,-1.2838439200104423,1.0661852528918991,-0.5953288016354544,-0.7820392429392049,break
U01,15,-3.3616619784158033,1.853003336071248,0.3651182321767782,0.9685451572065684,-0.784141496737445,-0.12913902628538598,break
U01,16,-1.0336974723456356,0.6459445612645511,-0.06351242584448379,-0.5223204822479017,-1.1646968525059056,-0.47779077313900187,break
U01,17,0.5394741995943527,-0.22938413037066596,0.13394702906267092,-0.16208060253069548,-0.9897694386107543,-0.17792525721347777,break
U01,18,0.3118658098560767,-1.317758418217381,0.37973690604359833,-1.1904392877219399,-0.04587369583231393,-0.2910526113938311,break
U01,19,-0.7662129803856061,-0.8047217727260209,0.11915612601419213,0.9949054065328471,-0.26478212722399275,-0.2588904741071179,break
U01,20,-0.9052040523616868,0.7889639748407435,1.0382285572805716,0.6723567174506668,1.7217398922128337,1.1625107075432033,break
U01,21,0.0526880944231769,1.2045301209421677,0.8823161914900399,0.18026098815136302,1.3943275259412082,1.1492912854284365,break
U01,22,1.8531631816035747,0.444827263212856,1.9327975533419806,-0.07691981966325098,1.3092807265146518,1.30581416899265,break
U01,23,1.7094593824284654,1.2062324547904137,1.8492068860951205,0.8724240005746529,1.257379862851253,0.9406470770364824,break
U01,24,2.316393763524548,1.2115657642545983,-1.1135407706816345,1.4831051254538763,0.7968654316045072,0.9181541877844124,break
U01,25,1.3625755239401078,0.872643037600713,0.34105725650783303,0.5901688434915134,0.09297319630126283,0.37325285367586336,break
U01,26,0.13477663958399355,0.41490210956541346,-0.19819600923550112,-0.023428406574711708,1.499697325201294,1.2555164426773155,break
U01,27,1.7254048625345573,-0.5887316859420217,-1.1462982867685996,-0.34137160053051463,0.5169525022950581,0.6290180906127061,break
U01,28,-0.4703521461260094,-0.18098977526334242,-1.5680921792402291,-0.73372422551395,0.06999632775070985,-0.2797634560467365,break
U02,1,-0.6699744055135319,0.0131470274977251,-0.5946654302517589,-0.20623054246913014,-1.4688840954267608,-1.2890938246331798,break
U02,2,0.9243985656696282,2.0680837874948805,1.5737588533080444,1.3157238347903626,-0.8920477802269366,-0.21715638632356793,break
U02,3,0.3778203242567406,0.4662835147542749,1.4624178453420682,0.48318595433322936,0.3975977948845477,1.1846386630634118,break
U02,4,2.904120121738348,0.7951234021471815,-0.24636656520300512,-0.2244758001750406,0.5505709280229829,0.4818268736634136,break
U02,5,2.609940795241716,1.053972816241898,-1.315276793343038,-1.755483790873187,1.3021193812461118,0.6381788695777348,break
U02,6,-0.4282098504087306,-0.2636804458787653,1.1053073412876662,0.5118577638107097,0.6531185938719097,0.051080874846014035,break
U02,7,-0.811117849417962,0.5581707446529752,-0.06299174720641001,-0.15903227113713703,-0.5415410849635045,-0.7334451441488269,break
U02,8,0.5925755901295124,-0.9393089684840172,0.7621685528953098,-0.9809519426508256,-0.2652156311820216,-0.2898942826107799,break
U02,9,-0.2021177500276408,0.2240053688183086,-0.6439987430530683,-1.3287921798038251,-0.6622221405448896,-0.9337568787663932,break
U02,10,-0.7297293104400308,0.6046942017571489,0.25945780146325936,-0.5744678442372604,-0.7320312776198887,-0.68054242687396,break
U02,11,-2.612733112643522,-0.33967648163202924,-1.247354237701222,-0.5005697842792671,-0.5455540750415888,-0.45838832906364246,break
U02,12,-2.370644044661707,-1.2997302249678842,-0.932650342939809,1.4721795415798102,-1.5813043524286938,-1.0346998327731887,break
U02,13,-2.1190753384710845,0.6787328273851632,-0.5946147939824171,-1.0532716802123758,-0.8747063663906515,-0.6825489301073662,break
U02,14,-1.5464285849084676,0.026851507682673137,-0.8867856583729817,-2.566203627564038,-0.24851182656529358,-0.7820392429392049,break
U02,15,0.17296085161938335,0.7053067031318122,0.10186465862377,-1.1036656607316377,0.3750717283658792,-0.12913902628538598,break
U02,16,0.8840841136172515,1.094914567522993,0.40073275005800035,-0.9004400130681767,-0.03151290670102641,-0.47779077313900187,break
U02,17,1.7685739831515108,0.24994951001844984,-0.475351807859019,0.1223297448767452,0.1728874601261123,-0.17792525721347777,break
U02,18,1.2960147608768104,0.4056401375562234,-1.6292637270161583,0.19167216568172216,-0.7224772280857727,-0.2910526113938311,break
U02,19,0.3158549009395294,0.19449083810399875,0.0575623925880077,-0.800066290783648,-0.24706724640868422,-0.2588904741071179,break
U02,20,1.813289178280598,0.9725260183928423,0.19918517439651826,0.10592341188815169,1.3689437802150306,1.1625107075432033,break
U02,21,2.835369119031831,1.2076948036542352,0.3261429779682351,0.26314625097488775,1.1042234789654362,1.1492912854284365,break
U02,22,3.5090538474927406,0.04492065203257031,0.1900658472876463,0.1961619687744723,1.4955800896284603,1.30581416899265,break
U02,23,2.2839877804141797,0.3801280256189812,0.1434827847332626,0.5601413696091159,1.2917372670681697,0.9406470770364824,break
U02,24,2.486711813025145,-0.013591710947904609,-1.1544233942285183,-0.5231308411687959,1.8958580485968823,0.9181541877844124,break
U02,25,1.5773501979431541,1.3452880466460821,0.23071993025764406,0.30322748561812674,0.9506618515484222,0.37325285367586336,break
U02,26,2.271801589743807,2.0118221485407553,-0.14253173833970972,-0.42272066587631857,1.4933393514088908,1.2555164426773155,break
U02,27,5.390482904919868,0.278527835161388,0.9353757521653159,0.2398496422185823,0.43880322850353964,0.6290180906127061,break
U02,28,0.9428827797333701,-0.5828044401476326,0.3638005567594052,0.44666938434317627,-0.4852427458996801,-0.2797634560467365,break
U03,1,-1.6566932492822783,-1.0626153711865731,0.3774698357082975,-1.0072232691113892,-0.8572848541925985,-1.2890938246331798,break
U03,2,-0.7746231021988896,-0.22142342996140268,0.2531710088296037,-0.07531663471828348,0.2519836342885265,-0.21715638632356793,break
U03,3,1.5608088194035767,1.4079608804451667,-0.24646374423568995,1.4342364838518593,1.7095617330347816,1.1846386630634118,break
U03,4,2.640816262255525,0.06243750113468275,-0.7840107286471352,1.0928065374904685,0.9949014392860135,0.4818268736634136,break
U03,5,2.160984345319104,-1.3601937478992832,0.8243411972023358,0.9761820973124807,1.1173581215191795,0.6381788695777348,break
U03,6,2.0162639026443414,-0.9291887562354049,1.2610117207516465,0.6596705065880298,0.23428345329490022,0.051080874846014035,break
U03,7,-0.5587171345882186,-0.789908253445695,-0.8036219686863549,-0.49432370524852765,-0.13614586330406864,-0.7334451441488269,break
U03,8,-0.3782474489926254,-0.9114033632416126,0.009611710995948486,0.054918044178757425,-0.7527803048129658,-0.2898942826107799,break
U03,9,-0.5768206781117315,-1.4720941665166196,-0.2033563813497975,0.612912968982046,-1.378258698452448,-0.9337568787663932,break
U03,10,-0.7548286507628894,-0.5106771348713438,-1.7685112921352035,1.1270371403457013,0.18137210600097242,-0.68054242687396,break
U03,11,-0.4627409290965871,-0.767694858405236,-1.6034813240350991,0.4049430392433904,-0.23314068383930814,-0.45838832906364246,break
U03,12,0.020738079198464654,-0.8128335692091464,-1.2698580739761345,-0.5816513672741792,-0.7026809242012906,-1.0346998327731887,break
U03,13,-0.08589717011710449,-1.2830266032686446,0.19570497621506994,1.2339867820072,-0.8696573289113321,-0.6825489301073662,break
U03,14,-0.47423975607835056,-1.3326307903138903,-1.174706756004553,-0.07075038304687536,-0.6800042499438199,-0.7820392429392049,break
U03,15,0.4197067998154189,0.013031281156991661,-0.6119394918002021,-0.972758097738393,0.5694681125753859,-0.12913902628538598,break
U03,16,0.46889204518101624,1.4612230164764044,-0.6117312514166631,-2.2961913523010486,-0.0692710992744009,-0.47779077313900187,break
U03,17,0.8995014888279464,-0.23492025362640778,-0.09079680191377906,-1.4194591253090767,0.163782268929252,-0.17792525721347777,break
U03,18,0.44277282950742197,-1.3796922753475973,0.622956443427118,-1.0302993257646564,-0.7267296645444159,-0.2910526113938311,break
U03,19,-1.108040934329261,-0.8005209402752165,0.3397702032929558,-0.5801028835300774,-0.5960339578424099,-0.2588904741071179,break
U03,20,-0.1861270773226018,-0.45976224402043886,0.251780502387559,-0.27665203053220777,1.18027035528658,1.1625107075432033,break
U03,21,1.328355003288131,0.37528813026592284,0.8709282776402512,0.24542448289329005,0.8255237261022332,1.1492912854284365,break
U03,22,3.71468583981187,1.233685885532447,2.621282427986533,1.072587427756935,1.4422750730012088,1.30581416899265,break
U03,23,3.881079894817555,1.3969241758395738,0.9037045486681038,-0.7773871097029631,1.0133268285833548,0.9406470770364824,break
U03,24,3.7130154755467943,1.756751323102353,0.013027842756863861,-1.249041563069773,1.310197496596755,0.9181541877844124,break
U03,25,3.703156324257212,1.2307591161821154,-1.1555779384043547,0.23354482989552927,0.39370483363694553,0.37325285367586336,break
U03,26,5.493937093005415,0.5864772090113837,0.22847361661160848,0.874327361114215,1.9175814186547022,1.2555164426773155,break
U03,27,4.716734527862555,0.12731838276911167,0.0401018522186154,1.8901652736108938,0.6439149538878155,0.6290180906127061,break
U03,28,1.4943226405931094,-0.42509462416398536,0.6947677181190554,0.676344488959941,-0.32071441331853234,-0.2797634560467365,break
U04,1,-1.8247175033445575,0.04428505676703626,0.5297296132875273,0.940579839328713,-0.8939231016929727,-1.2890938246331798,break
U04,2,-1.5178857876893541,-0.3943971133615324,1.0460243323396932,0.3680392822924404,-0.1550389599287174,-0.21715638632356793,break
U04,3,-0.4450707843878473,1.0675005264715929,1.2691041616260454,-0.3353565108036759,1.0949653716788919,1.1846386630634118,break
U04,4,0.04689228148111224,-1.0825713528959078,0.9550132364368809,0.044484916925352974,0.451662052776906,0.4818268736634136,break
U04,5,0.02276996812178972,-0.18961652721381242,1.0765662446820443,1.6533498939980655,0.6934176669802143,0.6381788695777348,break
U04,6,-1.4435178361724073,-0.6158165836379323,-1.0483959368303606,2.0315801294273346,0.360625638051589,0.051080874846014035,break
U04,7,-2.01703397398164,-0.27900473036614076,0.19332161884736812,0.2826108307776757,-1.1876836351482079,-0.7334451441488269,break
U04,8,-0.3892154618167154,-0.03849830390813927,0.23122418630654704,0.0683215730044186,-0.31683229635715326,-0.2898942826107799,break
U04,9,-1.0818523590962412,-1.691732826624943,0.6365636849645538,0.2422204779759548,-0.5164819044837803,-0.9337568787663932,break
U04,10,0.6445347981341014,0.0812184177602128,-0.08920954728120148,1.350692653522499,-0.5506376363064163,-0.68054242687396,break
U04,11,0.07484863307433248,0.04485459938453873,-0.03905627285186322,0.8583694872634154,-0.595021888608853,-0.45838832906364246,break
U04,12,-0.7903258511480767,0.7486040088329466,-1.2188954701835306,-1.3953998901016558,-1.1978892618167702,-1.0346998327731887,break
U04,13,0.43214119910011384,-0.016642436417127454,0.054517341118240026,-0.18637082112430065,-0.19885672402047339,-0.6825489301073662,break
U04,14,-0.29415062677438153,-0.28980503895537574,-1.0138256646248047,-0.9268936421308499,-0.7335497036956483,-0.7820392429392049,break
U04,15,-0.38723573056873384,-0.7603051659432778,0.10295604703877775,0.7527658350092634,-0.8868692216319405,-0.12913902628538598,break
U04,16,-0.009818286928330533,0.5190591432851424,0.3668978682844237,-0.1233726563798554,-0.5486261835976461,-0.47779077313900187,break
U04,17,0.22582679445540096,-0.6273710197072863,-0.7693816909951878,0.052542948713849416,0.1266154937558536,-0.17792525721347777,break
U04,18,-0.588170844029862,-0.8622970059731075,-0.6875927991732276,0.0312700630282085,-0.5385951274403853,-0.2910526113938311,break
U04,19,-1.1036411525012741,-1.1774344699028698,-0.5877891350416962,0.7207815562768327,-0.9189962044147189,-0.2588904741071179,break
U04,20,0.0028315387385210444,0.4837524191715654,0.556982122459775,0.6084406550345152,1.3495875819208356,1.1625107075432033,break
U04,21,1.1091176257432833,0.7962569760242063,-0.37943864520531817,0.06067455239509292,1.159810935291146,1.1492912854284365,break
U04,22,1.3742412353829059,0.44444297419362344,-0.2093215823703264,0.08552805510766971,1.813533645887647,1.30581416899265,break
U04,23,2.1830435823897445,-0.6640514713539705,-0.5327305886569622,-0.12947845151478196,1.1076335212745276,0.9406470770364824,break
U04,24,-0.3605084439577809,-0.14949427429002043,-0.10019070241900924,1.3533533696429554,0.5763050025276113,0.9181541877844124,break
U04,25,0.5056991562124615,-0.7496574616212703,-0.28186777749554914,1.2768331537129285,0.7384222057661265,0.37325285367586336,break
U04,26,1.0483413550466016,-0.29556185329812523,1.2778479860724594,0.26950865005406155,0.6560872204095004,1.2555164426773155,break
U04,27,0.9897280029550091,0.6743695211068782,0.47492620798982177,-1.30539258277848,0.510548738944715,0.6290180906127061,break
U04,28,1.2091210862012116,-0.7884761805446323,-0.6334770345787547,-0.2820358314115229,-0.9898253080974849,-0.2797634560467365,break
U05,1,0.6611280811859883,0.4128508864846375,1.5320833901668052,2.112047064997279,-1.3819751364903485,-1.2890938246331798,break
U05,2,2.0208629086526355,-0.3854378324385768,-0.7359448591081861,0.15565001754428354,-0.5107052866205355,-0.21715638632356793,break
U05,3,0.13464177189446058,1.3004691882295554,-1.5062901256924897,-0.6564208316708534,0.7749332399498221,1.1846386630634118,break
U05,4,-0.34642767102421973,0.19487004370039407,-0.1368382018766043,0.9513428627884029,0.16944477688223603,0.4818268736634136,break
U05,5,-0.06339860076035114,-0.444617766964467,0.20685240387932963,-1.017922403423172,0.11282453809454818,0.6381788695777348,break
U05,6,1.095842996141107,0.9823775141687935,-0.48777793374975953,-1.309388216703212,-0.4261969636637426,0.051080874846014035,break
U05,7,0.43386656439279286,-0.3176957475006634,-0.4331044906694729,-1.1846822829640378,-0.736394487204506,-0.7334451441488269,break
U05,8,-1.3422271678065707,-0.5358651032194045,0.43239025513120855,-1.5797680167432417,-0.4263727338697183,-0.2898942826107799,break
U05,9,-1.3930935932152673,-1.9627613402628539,-0.016580659782502616,-0.45839880857046245,-1.0428296187868784,-0.9337568787663932,break
U05,10,-2.1826269394923745,-0.3898812800251491,0.6393542735792497,-0.4835208090782315,-0.9324051124223407,-0.68054242687396,break
U05,11,-1.1719938448920546,-1.9948962373136092,-0.35676812821551396,1.4473711266717173,-0.010497011871075268,-0.45838832906364246,break
U05,12,0.02716766627844991,-1.8069852210502164,-0.9018955471710717,0.23113611515649496,-1.5176311572380465,-1.0346998327731887,break
U05,13,-1.0921356021001614,-2.0181653438887457,-0.9569217693298266,-0.8711701477711014,-0.9062205557579679,-0.6825489301073662,break
U05,14,-1.888583804307991,-1.8597560111654992,1.2279161820567617,0.5680766510774966,-0.4147462005389102,-0.7820392429392049,break
U05,15,-2.6694620598899994,-2.521270144995847,0.5632391173659124,-0.22335244506874585,-0.20823647229397338,-0.12913902628538598,break
U05,16,-3.6790301276914104,-0.854192734070568,-1.253805331334961,2.0629767857293944,-0.29106427458987305,-0.47779077313900187,break
U05,17,-2.1992545559283427,1.0168976426012037,0.20111857675689676,-0.07906943624428642,-0.27004277723987,-0.17792525721347777,break
U05,18,-1.6483179632877512,-0.4871358159265403,-0.8720888330221757,0.8027348250713916,-0.3458540564385701,-0.2910526113938311,break
U05,19,-3.0472797378121377,-0.5081404694995156,-0.3791691232049669,0.5036713515774908,-0.39458154730283723,-0.2588904741071179,break
U05,20,-1.2171494958534992,1.785842013314708,1.0173141898584221,0.22035455604533982,1.4216915960961738,1.1625107075432033,break
U05,21,0.9797801129175285,1.5949885299958524,-0.32308340789318685,1.3520972206120443,1.7157873265945556,1.1492912854284365,break
U05,22,4.272594484914637,0.1366392984009186,-0.4327396483390342,1.8228646898253782,1.153496668229179,1.30581416899265,break
U05,23,1.8696498275656714,-0.8969398949899245,1.1456594602434975,0.10695836084342691,0.5811779636334871,0.9406470770364824,break
U05,24,-0.011389228847861976,-0.6830750012371892,0.14775129621037608,-1.3015084438233255,0.7022644270454985,0.9181541877844124,break
U05,25,-0.8322083418207137,-0.38116466233391066,-0.0814779674641701,-1.270588125511051,0.8207414616520116,0.37325285367586336,break
U05,26,-2.4804114183632713,-1.1182878685505768,0.1104793119214609,0.13528207431248396,1.6092803891590581,1.2555164426773155,break
U05,27,-2.513020985520142,-0.9935274483105208,0.995857075703976,-0.23097058320335617,0.8685939213314138,0.6290180906127061,break
U05,28,-0.9412881427044646,-1.7589797798950635,2.0162651008352697,0.9970475079516247,-0.024645128765467483,-0.2797634560467365,break
U06,1,-0.8790492584371333,-1.3361452846887227,-1.0305332468854582,0.27770769509859894,-1.632568305462493,-1.2890938246331798,break
U06,2,-0.6856945228190398,-0.6743194822535754,1.4483993556950956,0.08094871418080493,-0.3185240000459143,-0.21715638632356793,break
U06,3,0.0860736840377172,-0.5018505256516409,1.4404186637805778,0.39283939733364887,1.2563860452732827,1.1846386630634118,break
U06,4,-1.9489258543909418,-1.134577299536433,-1.5106972094556546,0.35423060218131475,-0.18262987893388083,0.4818268736634136,break
U06,5,0.09988607495265936,-1.3765614797760162,-0.24928678228513174,-0.10499228813630307,0.6201689490523755,0.6381788695777348,break
U06,6,0.47785805291280986,-0.2924330395244934,-0.007975130917459869,-0.18136874828373276,0.4490041051043098,0.051080874846014035,break
U06,7,1.1723586384781013,-1.4175878190062,-0.23266283798147755,0.0006937614691321786,-1.2646673664262202,-0.7334451441488269,break
U06,8,1.1486582088953097,1.2093243658884836,-0.1508568418780428,0.15962011734790854,-0.23539585432162682,-0.2898942826107799,break
U06,9,-0.2920221613962479,0.32167138547663227,-0.22074917615977974,-0.6341393635479999,-1.1743921026301571,-0.9337568787663932,break
U06,10,-1.5821891578972642,1.5142582903360085,-0.3985563723138991,-0.6418182318167239,-0.6687021491208829,-0.68054242687396,break
U06,11,-0.2413039464469542,-0.6663457237276827,-0.8538347340258068,0.4327940494089225,-1.047705881426445,-0.45838832906364246,break
U06,12,-1.3721421866614185,-2.685580195008948,-0.9203589618654267,-0.883731189277782,-1.2614925045161696,-1.0346998327731887,break
U06,13,-2.499272251384592,-0.9212111309255011,-0.08355459368321114,-1.5766135177979717,-1.0091083406808,-0.6825489301073662,break
U06,14,-0.6281547473780167,0.12265087616461866,0.9041183567590676,0.21774360995698183,-1.369520325697032,-0.7820392429392049,break
U06,15,-1.22452098466514,0.46900335525771586,-0.07283430091635967,-1.088727053918613,-0.520544721434707,-0.12913902628538598,break
U06,16,-0.37220983872334223,-1.33693424611973,0.221906177557829,-1.0417997498254614,-0.37211871150578846,-0.47779077313900187,break
U06,17,-2.52584875564518,-1.2067651531538324,-0.42185812847904924,-1.1975725010614993,-0.29232470307078817,-0.17792525721347777,break
U06,18,-2.420895320299063,-0.6921483488816967,-1.695260960009976,-0.32966085825292435,-0.546860264266664,-0.2910526113938311,break
U06,19,-1.7030310465303788,-1.3690723922089292,-0.922202818869138,1.1431743386057551,-0.6485667507615756,-0.2588904741071179,break
U06,20,-2.0138296310975665,0.0993158347445395,-1.3177529391732326,-0.8230067334945479,0.8138278600963905,1.1625107075432033,break
U06,21,-1.1845184186038602,1.3807160740677564,-2.03583324205343,-0.34349925991277824,1.2176938083689504,1.1492912854284365,break
U06,22,2.008865667602426,0.85038844752984,-0.31822022425974117,0.6942122376536344,1.324144844121583,1.30581416899265,break
U06,23,3.4846536848521406,1.6035586728557625,0.5960447485236104,0.4835568450957646,1.393602706066394,0.9406470770364824,break
U06,24,4.32260531480276,0.32317074220585934,0.030526593879434655,-0.261072711526957,0.7002594542781986,0.9181541877844124,break
U06,25,2.224545883647055,-0.05385336258772684,-0.49741946225015976,0.3740001842354811,0.08164508383871327,0.37325285367586336,break
U06,26,2.545616985611641,0.04169983306200456,-1.9988540943848068,1.7099316845251853,1.502703759206792,1.2555164426773155,break
U06,27,-0.2680886638159339,-0.48826896366791617,-1.4393447504638477,0.3305467331393503,0.8229491433933787,0.6290180906127061,break
U06,28,-1.4387122009939755,0.7365836862680446,-0.4065744275664133,1.0607136255118166,0.5192332125443502,-0.2797634560467365,break
U07,1,0.4826762031607438,-1.909494433980343,0.7862135387116145,2.316593920555592,-1.4954062187427812,-1.2890938246331798,break
U07,2,1.2274093997284972,-0.914011122224239,0.8854684110237112,2.8778438931231967,-0.3250882961446269,-0.21715638632356793,break
U07,3,3.7049591462189015,-0.6641930338611366,0.9944474812674228,2.667372991998371,0.5674749869658386,1.1846386630634118,break
U07,4,1.9938749601326955,-0.779120880017888,1.4949104004506482,0.7639044111729667,0.0868104710777105,0.4818268736634136,break
U07,5,2.1556901799200507,0.49403966408981514,-0.5442921145629922,-0.3970893762954878,0.7186859130743206,0.6381788695777348,break
U07,6,3.17850721663681,0.757036814763943,-0.5314418690265104,-1.2280086222728213,-0.04915874767850594,0.051080874846014035,break
U07,7,0.8588058271062172,0.11508041584983478,-1.2041068052775135,-1.445830237817038,-0.44063933532569677,-0.7334451441488269,break
U07,8,2.840962712678394,0.10503959475631616,-1.0388925993397906,0.5605339119045801,-0.4615543913325435,-0.2898942826107799,break
U07,9,1.140475545031007,-2.162048570586114,-0.41463805324420944,1.6360979383104683,-1.036713822272057,-0.9337568787663932,break
U07,10,0.1567318339321384,-2.36038610014387,0.05094086952723778,1.0966932867198347,-0.7121257757716116,-0.68054242687396,break
U07,11,-0.040809995795018095,-1.0036028311592937,0.4601687047706394,0.7191571582420987,-0.7311795011080586,-0.45838832906364246,break
U07,12,1.2580293122180746,-0.3973233260880239,-1.3864267016506693,0.48256542512468514,-1.7456027118409343,-1.0346998327731887,break
U07,13,1.050160165165934,1.5723134139009585,-0.4846169558909497,-1.029240017228286,-1.416008761021947,-0.6825489301073662,break
U07,14,0.7196068162054206,-0.6780920146043123,-0.4093680145664209,0.8630780003354273,-0.8467853797473204,-0.7820392429392049,break
U07,15,0.30694513940617424,-0.8320019773186134,0.29501013382766816,-0.4919401770561845,-0.2761821257185554,-0.12913902628538598,break
U07,16,-1.680751160555816,-0.9115392764718486,0.13957187950131278,-0.8846960461095936,0.011129281113805733,-0.47779077313900187,break
U07,17,-1.0646615609709698,-0.9549992075639044,0.24443762549227194,1.1875808791408036,-0.17091571623248486,-0.17792525721347777,break
U07,18,-0.7869782290323828,0.27254895638636806,0.2546313327022648,-0.22240560106869217,0.30174644996691347,-0.2910526113938311,break
U07,19,1.020127931937663,0.6167610467719498,0.7245747438389518,0.5533056182099878,-0.3488859527450632,-0.2588904741071179,break
U07,20,2.0850304264254556,1.4312900840228593,0.3753585158986409,0.6930044809028311,1.2270549746290065,1.1625107075432033,break
U07,21,3.3730781300690067,1.2326750293548743,1.3960843465447446,0.8171617093750589,0.5568868616056887,1.1492912854284365,break
U07,22,5.668671356920223,1.0108871702153963,-0.07376347132541511,0.8724617598872433,1.3082716755943804,1.30581416899265,break
U07,23,4.643043064929583,2.01855194363014,-1.135405457076679,-0.618639433493715,1.1829428995520432,0.9406470770364824,break
U07,24,5.678569594528491,1.6799367195070452,-1.2219826238505551,0.966822564128555,0.9723857016037818,0.9181541877844124,break
U07,25,4.455674058484079,-0.01673758452336843,-0.28249858919224924,1.3915560026828344,0.09290208345277706,0.37325285367586336,break
U07,26,4.133663725612731,0.8774303233145327,-0.13508297653579987,-0.8635476203187276,1.5976456863981383,1.2555164426773155,break
U07,27,4.65110207964367,0.5440835490669353,-0.8086525279940173,-0.5371371800239989,0.6620871912553665,0.6290180906127061,break
U07,28,4.043359675942727,-0.23812336682460986,-1.4686063738913488,-2.8055299302991332,-0.3374180592240724,-0.2797634560467365,break
U08,1,-0.9395542366594892,-3.1338083784726485,0.9119679872190811,-0.537897868443136,-1.1712506663577809,-1.2890938246331798,break
U08,2,1.3440012619073372,-0.754274118351194,0.38636739201369324,-0.6912813124604015,0.15498254076815055,-0.21715638632356793,break
U08,3,2.0539333215544375,-0.23822067251572188,-0.1340197608739006,-1.2744155412822316,1.4169335315714764,1.1846386630634118,break
U08,4,2.1272880371987055,1.0336360733986514,0.23007614872161586,-0.12055327082121847,-0.09024122313871341,0.4818268736634136,break
U08,5,0.3976261451963854,-0.4543447174620854,-0.6559755769525395,-1.0398799349179302,0.2035578993460374,0.6381788695777348,break
U08,6,-1.623187822907865,1.7772761702441167,0.4491139521389941,-0.08345361420770775,0.03126269742197992,0.051080874846014035,break
U08,7,-1.1636674322153107,0.46057393152824755,-1.0646490168130849,-1.032806927740706,-0.9009844154880298,-0.7334451441488269,break
U08,8,-1.1656356411849624,-0.45907716716219094,-1.1752613261194746,-0.24403007962592527,-0.09390751239404155,-0.2898942826107799,break
U08,9,1.3896990665432978,-1.3655251055924844,-0.5575572577173336,-0.8350480363929956,-0.9220592665317842,-0.9337568787663932,break
U08,10,0.41812047416175513,0.24502587666277878,-0.040207693317988374,1.0066940405614784,-0.40257263805871246,-0.68054242687396,break
U08,11,-0.35322742192035445,-0.5327883292940884,0.4407134034607405,0.16993250345160907,-0.7320379982779657,-0.45838832906364246,break
U08,12,0.15380742618992926,-0.7909637673108697,-0.9727392675427606,0.5378180701835699,-1.100754809115676,-1.0346998327731887,break
U08,13,-0.3108217687012625,1.6907512410906798,-1.6679054004165481,0.9916565892339991,-0.44375952279315484,-0.6825489301073662,break
U08,14,-0.44723884031049144,-0.5509873195235133,-1.0259709901680356,1.2849806118663254,-0.5762794071224064,-0.7820392429392049,break
U08,15,-0.7228946459981211,0.4539761125653731,0.6156938171632416,1.3316298566659237,-0.5506275348360825,-0.12913902628538598,break
U08,16,-1.553108454252966,-0.8533908381998119,1.3506996941290126,0.1720019193547902,-0.9876777165070759,-0.47779077313900187,break
U08,17,-0.30652306118664896,-0.4612239766204907,1.7346991231963422,-1.4934867228514002,-0.20072885820968883,-0.17792525721347777,break
U08,18,0.40879357829590257,1.4629320894779767,0.10292862062078176,-1.3148735711615336,-0.46214195746581715,-0.2910526113938311,break
U08,19,2.0140230250134064,-0.3361217166386529,1.2928836523374299,-0.6044459047050977,-0.046927731154644714,-0.2588904741071179,break
U08,20,2.2258868045341114,-0.6777926229353941,0.1296334596780675,0.9241633298584437,1.6789513635519488,1.1625107075432033,break
U08,21,1.6755087925154182,0.9898328643655945,-0.8597019082022215,-0.15491366707757243,1.6921420006572883,1.1492912854284365,break
U08,22,1.3212333291421094,1.1455557334352686,0.4856233026939775,-0.07132106422491781,1.7180954248712395,1.30581416899265,break
U08,23,2.957008347792698,-0.1044559870242145,0.8081513004920776,-0.1498051016629321,0.38579693296628315,0.9406470770364824,break
U08,24,1.6726496441854195,0.29901041788325605,0.06400093639976709,-0.33210942480694217,1.0470147366726588,0.9181541877844124,break
U08,25,2.7779417417779193,0.01860223499993252,0.0020047413465388575,1.4961825305052057,0.18670774094135356,0.37325285367586336,break
U08,26,1.2485715877229961,1.0983429201730475,-0.21247679727415208,1.6049262278738956,1.3591117570133118,1.2555164426773155,break
U08,27,2.192201931502743,0.5944920280416699,-0.5491018493102415,1.5761438547023787,0.8767272963601612,0.6290180906127061,break
U08,28,2.5841545280678293,0.29371816418727553,-1.4681393874016986,-0.7694259204527396,-0.45811001340586954,-0.2797634560467365,break
U09,1,0.6526908192368837,-0.7597163383348244,-0.701426415388483,0.30994311510465244,-1.2809339061525347,-1.2890938246331798,break
U09,2,-0.29491206959926963,0.3928823723227421,-0.4233773020063289,0.381870805982237,-0.3333508169352354,-0.21715638632356793,break
U09,3,2.056832571608468,-0.24150061323069139,0.7339401515861564,0.10836919206884493,1.6332708948320707,1.1846386630634118,break
U09,4,1.9461354693331838,1.3574849704350211,-0.36649150550286713,-0.9883106839753711,-0.5519461118303081,0.4818268736634136,break
U09,5,1.0882734118645154,0.32865703697988846,-0.6243522484188635,-2.1032579303877608,0.31242176859993054,0.6381788695777348,break
U09,6,0.29776844877523023,0.059091164030846174,0.2170616956177846,-2.0610066529199584,-0.5813151527667126,0.051080874846014035,break
U09,7,1.024940186659698,-1.9948575173968803,-1.5940840861836791,-1.983479658079549,-1.5164409557258693,-0.7334451441488269,break
U09,8,1.142837768565187,0.4224613252432541,-0.5311849497990518,-0.479257978286843,-0.10393807427032253,-0.2898942826107799,break
U09,9,-0.932815854449511,-0.7114722747405624,1.126902734067051,1.008475553541969,-1.5740782115386591,-0.9337568787663932,break
U09,10,-1.8427800471695357,-0.36761997743818176,0.6571651102560783,0.8908118364163855,-0.7307245417195585,-0.68054242687396,break
U09,11,-1.1173653972583584,0.3840619475338969,0.4568461772419451,1.0759237098730678,-1.1070454111490085,-0.45838832906364246,break
U09,12,-2.089417741135195,-0.391859468419852,0.6234292536667083,-0.7184903222741497,-1.5473730398546464,-1.0346998327731887,break
U09,13,-0.6853711288961579,1.8752917230800383,1.097477846310848,-0.4269623559477057,-1.2160586911710998,-0.6825489301073662,break
U09,14,-0.4563662740897614,-0.4997800050896917,-0.059388039859165076,-0.7028224350153928,-0.5222734749800264,-0.7820392429392049,break
U09,15,0.5847529092862864,-0.20454879930198133,0.9414198507112561,1.601802347528854,-0.1464444896325609,-0.12913902628538598,break
U09,16,0.6351067295732545,0.5127169618181926,0.9517569252991699,-0.644805127819912,-0.46674418563823195,-0.47779077313900187,break
U09,17,0.8926106125712561,0.7481966592257271,-0.11034261282177249,0.20509973984170793,-0.3825603086448949,-0.17792525721347777,break
U09,18,0.8118608081820043,1.0174533085250028,-1.2661288494869876,1.3778579305909253,-0.4154558723377181,-0.2910526113938311,break
U09,19,2.9318689146706287,-1.3296301418958747,0.48914627322878196,1.2055561564260828,0.01980213895713545,-0.2588904741071179,break
U09,20,0.8159041699581822,1.2402094759874405,-0.11766556126330163,-0.7767253531460043,1.7094256066332276,1.1625107075432033,break
U09,21,0.8316333581058526,0.5263130031006139,1.2398044711540803,0.8347390411070275,1.2910212215718713,1.1492912854284365,break
U09,22,1.8213567903904415,1.452279921001981,2.3060431253139675,-0.5042158368536076,2.401916285060083,1.30581416899265,break
U09,23,2.825649332579226,0.37579777897694244,0.28018593436127115,-1.3050794482182682,1.4020664965132696,0.9406470770364824,break
U09,24,1.5922700703761363,-1.1741775258040366,1.663013902671645,-1.459055925467529,1.5613162315281035,0.9181541877844124,break
U09,25,0.44162846269445455,-0.6963282939944918,1.089062226550534,-0.9254388156183746,0.2610009610649102,0.37325285367586336,break
U09,26,0.14054830102757837,-0.2466890421997308,-1.2222803464978043,-0.28940796055812246,1.2873945398397253,1.2555164426773155,break
U09,27,1.7170917890348343,0.040454606340332544,-0.5677832369812237,-0.36139487175691476,0.931948124557058,0.6290180906127061,break
U09,28,0.5223259801140417,0.31532428105081745,0.008964667461913836,0.25923713058501874,-0.09682577198301306,-0.2797634560467365,break
U10,1,-0.006861920028345625,-0.3427266133416152,-0.04916963817656245,1.1813894222330448,-1.9441031832646671,-1.2890938246331798,break
U10,2,-0.6272363585856255,-0.4112882136126656,1.0653587655540953,-1.0108480113717584,0.13031219842462055,-0.21715638632356793,break
U10,3,0.2574191113506038,-0.8817854879941479,0.11741581631100467,-0.10154548636600474,1.3804530936121484,1.1846386630634118,break
U10,4,0.34117415590344724,-1.1029930492293676,-0.09959266266015795,0.07669271616916559,0.22947305908049304,0.4818268736634136,break
U10,5,0.8427569533938395,-1.5134829332607347,1.8865764731803931,-0.8424942170855884,0.5410063129562274,0.6381788695777348,break
U10,6,-0.5787731613042864,-0.6792356857802355,-1.253281523143924,-0.052417366336593996,0.026736150444970144,0.051080874846014035,break
U10,7,0.1593728852489502,-1.6882463499370586,-1.6704599331812824,1.2255499069291569,-0.7471934048671186,-0.7334451441488269,break
U10,8,0.8546918980471474,-1.9544208009382442,-0.08619384813058015,0.7240949601122537,-0.1549778153058494,-0.2898942826107799,break
U10,9,0.809251599979731,-2.545407565925078,-1.0727220500085983,0.6625179518804325,-1.3168779748351915,-0.9337568787663932,break
U10,10,0.6269554210222856,-0.35625540642606346,0.2131619928869776,-1.5236918509474286,-1.376720586722271,-0.68054242687396,break
U10,11,1.1336543212062007,0.8983118608870735,-0.038887915659451225,-0.6638218864048454,-0.6778274553247453,-0.45838832906364246,break
U10,12,-0.4872492829106451,-0.07729657958405149,-0.37115690576073324,0.30122141879831804,-1.2177931429698055,-1.0346998327731887,break
U10,13,-1.3499132760103185,-0.2663610896028912,-1.3158452094480106,0.8712954568080727,-0.9539441672846737,-0.6825489301073662,break
U10,14,-1.443494751326921,-0.9077318874035715,-0.05675746560180056,0.716825252384918,-1.0943462272444546,-0.7820392429392049,break
U10,15,-2.4843174971595356,0.6891735315579259,-0.5401708754376313,0.6712117981695612,-0.2714899121141837,-0.12913902628538598,break
U10,16,-0.015907341278864617,0.43610347358651513,0.4756904792015154,1.106348463305079,-0.5602278719134698,-0.47779077313900187,break
U10,17,0.7706169420635076,0.1617029522677372,-1.0388674160089322,-1.016353750276958,-0.38833972977785797,-0.17792525721347777,break
U10,18,0.7305799352114155,1.219950779190063,-0.9087228014160968,-0.1398800787430905,0.02183571053309752,-0.2910526113938311,break
U10,19,1.59117835267786,0.22053152551253938,1.0436851975059243,0.6113279039604749,-0.5549380387388096,-0.2588904741071179,break
U10,20,1.3414356708120836,0.8170994604054828,0.7374148766043174,-1.0098011862614151,0.6591871851651823,1.1625107075432033,break
U10,21,1.224454267596762,-0.802445344778688,0.573336771189747,-0.46731035215362404,0.42059625909349263,1.1492912854284365,break
U10,22,-0.31471663238022096,-0.3009030595185487,0.6325644523826377,-0.09256923890658329,1.1760315349787036,1.30581416899265,break
U10,23,1.1308510212748788,-1.3553096370176485,0.6612044454140026,0.21273828316025167,0.9517961984782324,0.9406470770364824,break
U10,24,-0.9784635715121359,-0.053067717996370736,-0.32145656274544243,-1.7489925526355135,0.8690371770806109,0.9181541877844124,break
U10,25,0.05323044046202119,1.123610747446261,1.7017342776348814,-0.7007215761865507,0.9289045967647915,0.37325285367586336,break
U10,26,2.1175636988578606,0.7416813953075311,1.0547751388878648,-1.0406077809069798,0.777248767576096,1.2555164426773155,break
U10,27,1.667882724260061,1.527385614077813,-0.38432944691838566,-1.420328120270493,-0.006900245569736563,0.6290180906127061,break
U10,28,1.2834841431306878,-0.7459400091194186,-0.9347762654391731,0.3553188526975475,-0.8387801161331695,-0.2797634560467365,break
U11,1,-1.7407348483956882,-1.427355071052208,0.09825486778889847,0.7460896342604939,-1.3085722835271105,-1.2890938246331798,break
U11,2,0.6900646654964864,-0.5862053660107691,0.4289907855919143,0.36159992315153044,-0.505119976124637,-0.21715638632356793,break
U11,3,2.216155921742491,-0.37871311854572787,-0.5465736010301699,-0.8891176520255792,0.9788227702433517,1.1846386630634118,break
U11,4,0.6300490476186831,0.5734433361286274,0.07920900854990967,-1.1607523502429684,0.5670367647287525,0.4818268736634136,break
U11,5,0.7952141280205153,0.482393755460219,0.8514865526629596,-1.9832968045032273,0.6236683005215623,0.6381788695777348,break
U11,6,-1.3316317347526725,0.6026679755341865,-0.1096702349839979,-1.0312019731602011,0.5841137023301007,0.051080874846014035,break
U11,7,-2.8002923978596583,1.780779314476091,-0.727412244568172,-1.8545147459219695,-0.7579741945921697,-0.7334451441488269,break
U11,8,-0.636413275384624,1.119859153849621,-0.32462492223447326,-0.8185837806330447,-0.5710223186574709,-0.2898942826107799,break
U11,9,-1.0820709412743978,0.9389612751580191,-2.0426731824207227,0.369011296317201,-1.0269722928157776,-0.9337568787663932,break
U11,10,-0.18791719887222236,-1.1693592731422173,-1.1914153236891032,-0.10816235068154723,-1.0263701457349668,-0.68054242687396,break
U11,11,-1.052113685100769,-1.2217804101117113,-0.8582896300736611,0.5176780837264778,-0.632476568914283,-0.45838832906364246,break
U11,12,-2.435072396360551,0.010474021130358079,-1.1358380966150907,0.33204958474650753,-0.6873702422009097,-1.0346998327731887,break
U11,13,-0.3441159509050664,-1.3531640198334516,0.1541838644348188,-0.03486443617297774,-0.39069273289933104,-0.6825489301073662,break
U11,14,-1.0855419113724203,-0.17528992950962613,-0.7930132420028916,0.4040842538226536,-0.7964788093801349,-0.7820392429392049,break
U11,15,-1.9876176105260204,-0.896816198085654,-1.6715198756355167,1.7001401852528126,-0.974511012522868,-0.12913902628538598,break
U11,16,-1.3974055804954912,-1.0523329096270273,-0.7319872986861369,2.0241923852612564,-0.6505636522999712,-0.47779077313900187,break
U11,17,-2.2091231023568,-0.550192338045422,-0.25251880451107717,0.7395228221286355,-0.28174808682061653,-0.17792525721347777,break
U11,18,-0.8063461753491621,0.5818127342820213,0.8337789195690298,0.2815646396167142,0.12763995475121637,-0.2910526113938311,break
U11,19,0.0814060425845396,0.1184589350082929,0.8418606054964831,-0.03655329931558211,-0.216515100649172,-0.2588904741071179,break
U11,20,1.533140442304958,-1.3800801812042527,-0.11669473712702094,0.14876910401058105,0.7908308596871865,1.1625107075432033,break
U11,21,-0.5157428634208414,-0.012807153829245368,1.9103041692426317,0.3753854302980229,1.694929922150478,1.1492912854284365,break
U11,22,-0.45993933115606866,0.4652931378276742,0.9343662461065303,0.17045558564129268,1.105967760312713,1.30581416899265,break
U11,23,-0.3275038375422573,1.314962348375263,0.8810745099879718,0.5733471397053932,1.1093428718797238,0.9406470770364824,break
U11,24,2.7862177367534384,1.6054935604340812,-0.4945593743550746,0.9238460037104107,0.979854727436088,0.9181541877844124,break
U11,25,3.5887086607254575,1.2559759623239135,0.058047681843260035,0.9570335157914016,0.745212349183099,0.37325285367586336,break
U11,26,4.113856206304342,2.544246445361251,2.1070787093494205,2.269877159486816,2.1576069869239665,1.2555164426773155,break
U11,27,6.650164214779947,1.9433717768679546,1.2084938066204207,-0.25083341417309724,0.8518378157353343,0.6290180906127061,break
U11,28,4.3809234693667225,-0.47163709398638587,-0.32973892137005,-0.39406061309292645,-0.14844942947392603,-0.2797634560467365,break
U12,1,0.06057942303595332,0.6409356971310854,-0.5526846320209076,-0.048155340164273926,-1.5987214908720286,-1.2890938246331798,break
U12,2,2.337464170400753,0.6958449188481979,-0.4552839574517824,-0.9235476902073229,-0.4845414439009954,-0.21715638632356793,break
U12,3,4.221595410301316,-0.5686050323106622,0.17285544511658482,-1.0601925149839648,1.1714880809842874,1.1846386630634118,break
U12,4,4.007925574116836,0.2346736517777045,0.338818813826127,-0.364928699057198,0.8814166035037468,0.4818268736634136,break
U12,5,4.853723261011484,1.1373923009076772,1.354352379713282,-0.07457771928047392,0.8556548870573133,0.6381788695777348,break
U12,6,4.419527137582819,-1.0726774115105862,0.3584362076694195,0.6754204498739553,-0.05058350177008936,0.051080874846014035,break
U12,7,3.314615953663921,0.3533520479338208,0.13014620683043535,-0.3089693326063179,-0.8832519216200316,-0.7334451441488269,break
U12,8,4.079127229060547,-0.5144344568578371,-0.3092336666550541,-0.43037291851319903,-0.31805754145748383,-0.2898942826107799,break
U12,9,2.2617499331661284,1.5456728031816094,1.095073020214711,1.0362961525864316,-0.7496068393238121,-0.9337568787663932,break
U12,10,3.110512036749064,0.5071665521052474,0.22366849791020818,1.2598643118988384,-0.7763964236470989,-0.68054242687396,break
U12,11,1.7473066495964633,-0.6113129254401417,0.5266864470459026,1.0792518955918913,-1.1871699472386574,-0.45838832906364246,break
U12,12,0.7107990782961287,-0.2681127711199539,-0.8759598981571934,-0.1233614676422034,-1.9052489175740375,-1.0346998327731887,break
U12,13,2.1899624136523594,-0.5815349800417158,-1.8759228825405339,-0.29114568663709883,-0.8309997647057141,-0.6825489301073662,break
U12,14,2.3809712402346386,-1.3651374447006417,-0.6360552125485699,-0.503167313002044,-1.4618139830227808,-0.7820392429392049,break
U12,15,1.5568061860308855,-0.8710240039005446,-0.41053021891125907,-1.822277436629432,-0.21436805971121653,-0.12913902628538598,break
U12,16,-0.7452572592815134,-0.35434684306933445,0.6757182480508132,0.45237209468741046,0.13423046624876767,-0.47779077313900187,break
U12,17,0.32909155724260575,0.770613784761205,0.5227387138429597,2.0860449952110454,-0.06722734140433942,-0.17792525721347777,break
U12,18,3.4653135829774615,-1.317416756438829,1.3187149289088083,2.1244003940635805,-0.4952602617198617,-0.2910526113938311,break
U12,19,1.320131308531482,-0.20152569835179068,1.4964119650435774,1.05045909361225,-1.434218310945317,-0.2588904741071179,break
U12,20,1.8515165350113991,0.0648752487753995,0.8745894652411058,-0.25847833253159896,0.6593092324341876,1.1625107075432033,break
U12,21,3.242663564081476,0.9423968998281776,0.5380029783502476,-0.5104438624656458,0.6138961289327076,1.1492912854284365,break
U12,22,6.134305182448315,0.22474023124329306,1.2313200632293602,-1.740006066743384,1.3060846044565655,1.30581416899265,break
U12,23,4.187608037121246,1.3415002436057655,-0.29305703358132573,0.6567122002536341,1.208965229556377,0.9406470770364824,break
U12,24,3.6344967484246906,0.21968956364968542,1.114294536975265,-0.1395557011419037,0.9871793011159059,0.9181541877844124,break
U12,25,3.9601269411367683,0.28679610465284,0.8282444659989134,2.1962365108575144,0.22835212875834912,0.37325285367586336,break
U12,26,5.168353055735911,1.9845461839893224,1.1709935325362093,0.5572974096538809,1.8625848578491206,1.2555164426773155,break
U12,27,5.519141121487388,0.8759821981207626,1.7729086803269352,-1.631646179355622,0.36976570795903785,0.6290180906127061,break
U12,28,3.665381945078095,-0.16152859451823934,1.1295097978815307,0.027574781635945067,-0.6917615174169492,-0.2797634560467365,break
U13,1,-0.4776835458752617,-0.7823358842102492,0.4639738411334958,-1.2617367202804328,-1.3937526890766285,-1.2890938246331798,break
U13,2,1.36498815988004,2.2093405401168056,1.9520903489473955,-2.0735144971505455,-0.1044206464883515,-0.21715638632356793,break
U13,3,2.6157319154404712,1.148590244460034,0.489881819481791,-2.1905490741238482,1.312438482924795,1.1846386630634118,break
U13,4,1.594239180759782,0.8402286980170692,1.0615177677150915,0.43644373374203316,0.7027383747841993,0.4818268736634136,break
U13,5,2.831809585705601,0.6091187938635395,0.9064285073160852,-0.21376485964598008,0.7466661163199478,0.6381788695777348,break
U13,6,1.4776716854926877,-0.39509309613941357,1.2587380957704528,1.2865779469339615,-0.8644383906316178,0.051080874846014035,break
U13,7,0.0864340276900496,-0.41645226042379724,-0.12607918856004777,0.8405970472271096,-1.1726061249260569,-0.7334451441488269,break
U13,8,0.5980801393738027,-0.023116749077229895,1.6121572902740349,-0.336101587505389,-0.3361338155757757,-0.2898942826107799,break
U13,9,0.2155777272054643,-0.5654651149097842,-1.3874122154205684,0.8765593089784831,-0.9565481758528366,-0.9337568787663932,break
U13,10,-0.5511142711757988,-2.1854625570700237,-0.6360328196206833,1.1167140767662418,-0.7819634677032142,-0.68054242687396,break
U13,11,-2.219265853141143,-0.40659522067684,0.264042649720052,1.8088964818226463,-0.3620536381760802,-0.45838832906364246,break
U13,12,-2.203185699398434,-0.2307863748586344,1.3617011575244753,1.1387598608868394,-0.9505749965808925,-1.0346998327731887,break
U13,13,0.3127282598650636,-1.5227898842360985,0.495913130226662,0.27790137392398906,-1.1480460858560988,-0.6825489301073662,break
U13,14,-0.19020120841004812,0.5519852390760631,0.3442004486440313,-1.470387194051417,-1.1671459531372448,-0.7820392429392049,break
U13,15,0.41503528253806643,0.36966625096636596,0.867215389355086,-0.6156641828011881,0.07556864993292406,-0.12913902628538598,break
U13,16,1.442853338360803,-0.7644781711142024,0.3324099284600396,0.32515277220441086,-1.0587123941992327,-0.47779077313900187,break
U13,17,-0.3195772944222937,1.3810340892189683,0.1056089901411188,-0.3939088031386616,-1.0066229649506377,-0.17792525721347777,break
U13,18,0.6846804686598044,1.3442994192588102,0.6985356204231556,-1.1963703640960932,-0.2789594363854128,-0.2910526113938311,break
U13,19,1.934666450845206,0.5993276905259883,-1.6090220025901354,-1.1106657333269587,-0.3181519046338701,-0.2588904741071179,break
U13,20,3.183561712757053,2.0321057871492485,-1.0250422601899434,-0.15717294886103916,1.4143283244337892,1.1625107075432033,break
U13,21,4.666498333752587,1.8896255045297652,0.17103451683910148,-1.242182303310109,1.110062462276412,1.1492912854284365,break
U13,22,4.2714332490600295,1.843769580043294,-0.05336104085640808,-0.6087051494857335,0.838743103505791,1.30581416899265,break
U13,23,4.8970455090280955,0.18683174820071388,-0.7970235386183777,-1.0373156178557867,0.5068841525375052,0.9406470770364824,break
U13,24,2.3396860266125805,0.40811340539336727,0.4160282657131841,0.7144332160811326,1.080381950577877,0.9181541877844124,break
U13,25,2.875964791063051,1.5489001436231997,0.2498104774419879,0.41793107363196347,0.427241550325007,0.37325285367586336,break
U13,26,5.40840774322426,2.618891122424478,-0.6673662668277989,1.6301466289861128,1.2499768251770886,1.2555164426773155,break
U13,27,5.861761232233636,0.18507292114769083,-0.43704811344085104,0.18294429304479687,0.8172884483434633,0.6290180906127061,break
U13,28,2.339856133162722,-0.6802128977527119,-1.7543238035029516,-0.362157444565087,0.04935698444528158,-0.2797634560467365,break
U14,1,-2.0334128333199235,-0.6688663658614302,-0.2577551339262877,1.0088005716178194,-1.017788160419152,-1.2890938246331798,break
U14,2,-2.093246921602537,0.5990438698480491,0.4225684506708338,-0.12705544020849524,0.24321283160482993,-0.21715638632356793,break
U14,3,-0.4319881232533539,0.017830485519096606,-0.14440956384989528,-1.0121973638566306,1.204691183569987,1.1846386630634118,break
U14,4,2.090725611970618,0.5855809917373178,-0.533898093634768,-1.2130063472972465,0.7212830214634263,0.4818268736634136,break
U14,5,0.08634564088543795,-2.263069270588103,0.7143416197450769,-1.823933044512998,0.44250165886036724,0.6381788695777348,break
U14,6,-0.07213267773480472,-1.6557958944138353,-0.49978352594472686,0.18513784303201986,0.3758589964159516,0.051080874846014035,break
U14,7,-0.1762637464899992,-1.6733533638407694,-0.44147575709594433,0.4007499590868367,-0.8514257809016166,-0.7334451441488269,break
U14,8,-0.13078490971296458,-1.4923267898414176,0.5214763652135536,1.3010132015740763,-0.7459969519525638,-0.2898942826107799,break
U14,9,-0.06659759724318048,-1.9919270815203938,0.30586878013315477,1.031425325330252,-0.600586979271563,-0.9337568787663932,break
U14,10,-0.5970319157187506,-1.7721949133251131,-0.6372815056345854,0.22925333058555966,-0.7188500383354701,-0.68054242687396,break
U14,11,-1.2435260918808142,-0.7232296103071311,1.8702213167760073,0.7623297744054274,0.1749071985317025,-0.45838832906364246,break
U14,12,-2.1369531628237466,-1.021308861239743,0.2874085790883561,0.3043957797406899,-0.8728147132795427,-1.0346998327731887,break
U14,13,-1.6598856723944317,-1.8177415601553422,0.370364310663263,-0.5763455639563031,-0.9335064204683621,-0.6825489301073662,break
U14,14,-1.4740843327555586,-2.415612153657466,-0.8483042675768586,-0.8726822902447817,-0.943926924985691,-0.7820392429392049,break
U14,15,-2.219806432137738,-1.4822077750685856,0.2522584117617462,1.6071950915760642,-0.32914494150235385,-0.12913902628538598,break
U14,16,-4.16654535762897,-1.3423040674673126,0.42990170501788805,0.7330303314690823,-0.4531278465359404,-0.47779077313900187,break
U14,17,-2.8388195707036354,0.6893900122746296,-0.8605076444480423,-0.4625638827850872,-0.39127210807285384,-0.17792525721347777,break
U14,18,-1.1634271011175152,-0.20336881717933367,0.5153504638463204,-0.330077838117815,0.2469176714695559,-0.2910526113938311,break
U14,19,-1.9462517398566779,0.2571815105364667,-0.44394307528757415,-0.735622408782324,-0.36805819935309064,-0.2588904741071179,break
U14,20,0.7814365405034185,1.2090054612100443,-1.0708207185019294,0.15786115083038377,0.8962428745510036,1.1625107075432033,break
U14,21,3.069787020884778,0.09204288785141744,-0.1684122933298267,0.2594386626141985,0.7301528226229443,1.1492912854284365,break
U14,22,3.6803365801893215,1.6687471614049014,0.3892076825355829,-0.7829688494703946,1.889774118232817,1.30581416899265,break
U14,23,3.156223491355647,2.875521835845446,0.5439136720586982,-0.7581042667845463,0.29309476835543236,0.9406470770364824,break
U14,24,4.112501331359584,1.624321805656572,1.493574302609278,-0.3628915299055451,1.214098055369378,0.9181541877844124,break
U14,25,3.3066635890733442,0.18871078345252268,1.4508545724711757,-0.3410798731490821,0.3382058665842791,0.37325285367586336,break
U14,26,3.345452035680067,0.0726129600748528,1.1898269397228565,-0.3124805083908835,1.3646371871596608,1.2555164426773155,break
U14,27,2.648511729413576,1.0640788374347188,1.544582761029001,-0.9664414716204224,-0.1649766013723697,0.6290180906127061,break
U14,28,2.9944348881809786,-1.0886588636280494,-0.8044225655966264,-0.6550976831807208,-0.2625210354204291,-0.2797634560467365,break
U15,1,-3.565583859380375,-3.5842387574441084,-0.13825216400196708,-0.22329769850653822,-1.4988094418662252,-1.2890938246331798,break
U15,2,-2.662582849537339,-1.043959689705736,-0.25395504678846925,0.16938795560711528,-0.2839298613046534,-0.21715638632356793,break
U15,3,-2.520341609963063,0.943027938043669,0.7476133172860502,0.4795734083106931,1.4418162690162268,1.1846386630634118,break
U15,4,-1.7119465092803658,0.5741327891138631,-1.0682421743457078,-0.6948217205792397,0.47840937878501605,0.4818268736634136,break
U15,5,-1.3421431468651281,0.30162577353829745,0.04228669052920647,-0.422659738775162,1.0196591203737104,0.6381788695777348,break
U15,6,-0.6584394015895446,0.1034481339294919,-0.07691451239185135,0.16557973917741683,0.48146821847371607,0.051080874846014035,break
U15,7,-1.7646018963163017,-0.22451814338005227,0.15276535981902153,-0.3180085474217291,-0.5529123359892529,-0.7334451441488269,break
U15,8,-2.843607068728681,-1.2022240289694561,-0.3464760036127579,-0.6769060003093068,-0.3193492667361027,-0.2898942826107799,break
U15,9,-1.5783770163995459,-1.9451802080503975,-0.9932847690785059,-0.5897655344485866,-1.2319873505239194,-0.9337568787663932,break
U15,10,-3.8290764893852893,-1.2567877459892318,-1.4016357159616737,-1.4320076146331786,-0.6466377133264386,-0.68054242687396,break
U15,11,-2.6394424594414914,-2.3568548791545236,-1.0804531259277705,-1.644400785368445,-0.8945143009345431,-0.45838832906364246,break
U15,12,-2.320195945007491,-2.8618761471866487,0.0537789509493346,0.44985060745618966,-1.142869484299551,-1.0346998327731887,break
U15,13,-1.9889436493238717,-1.7722013470669646,1.5033666772842957,0.6153537079965163,-0.892837683805629,-0.6825489301073662,break
U15,14,-2.053143847683932,-0.6647069918646145,1.392096497584394,-0.9849391372926842,-1.0972126891344323,-0.7820392429392049,break
U15,15,-1.7271264420533812,0.7355884873994581,0.5150074345809232,-1.7328247549717368,-0.23792264372161798,-0.12913902628538598,break
U15,16,-1.583500312787303,0.0356114118956113,-0.6709073570774701,-0.9073645878673587,-0.48398683546933496,-0.47779077313900187,break
U15,17,-1.8739439822890493,-1.7297469967455883,0.8292099388441735,-0.21100740472951832,0.5636637498865726,-0.17792525721347777,break
U15,18,-4.804338808154976,-2.1594109131958614,0.03227673167194359,0.3081922917802164,-0.5135056439544248,-0.2910526113938311,break
U15,19,-5.646616656429253,-1.80828700754255,-0.4514966245026717,0.635935095463829,0.21175299502151423,-0.2588904741071179,break
U15,20,-3.4735891180272858,-1.0804818440958102,0.39338137778590243,-0.3896420244588099,1.2484411168833056,1.1625107075432033,break
U15,21,-2.209501553023834,0.7421392141175162,0.8410358912810845,0.8109274880853616,1.3570251721361948,1.1492912854284365,break
U15,22,0.5624534380002171,2.699088425543925,0.9609510152164646,-0.8335499341573205,1.950128527146172,1.30581416899265,break
U15,23,1.083186123310296,1.3335043852632111,-0.10241063686951876,-0.5742666731955702,1.0864599572890437,0.9406470770364824,break
U15,24,2.519960820846928,-0.4192051204175729,1.2353713385902199,0.39511769225366067,0.9327888800516514,0.9181541877844124,break
U15,25,0.6604340175009679,-1.1355863670973076,-0.28038898051088823,1.1989927512330105,0.18378427183951326,0.37325285367586336,break
U15,26,-1.4849481615695714,1.551483452573579,-0.5778409512453895,0.005767190950334733,1.5990898317724422,1.2555164426773155,break
U15,27,1.4711977140851222,0.2814877208612635,0.04042814026935759,0.337922451229983,1.226374819537532,0.6290180906127061,break
U15,28,0.8944181546979088,-1.9556316567380725,-0.8804014138463501,-0.9995697906516795,-0.12141391394082263,-0.2797634560467365,break
U16,1,-2.4313316958705173,-0.34024522726935114,-2.0195390589389763,-0.020628101688771095,-1.533516117356977,-1.2890938246331798,break
U16,2,-1.6722824106800889,-1.9257769931496733,-1.383654438260896,-0.8709973111617898,0.1243891855147034,-0.21715638632356793,break
U16,3,-0.018609104578808253,-1.1824865626280103,-1.6636917994126907,-1.0468932844290144,2.1760773115845256,1.1846386630634118,break
U16,4,1.512670552300266,0.046904533867939135,-1.4997705533256314,-2.872885327956905,1.1019093810873593,0.4818268736634136,break
U16,5,1.40329418389114,0.6856918903244731,-0.5317381676886688,-0.733045793620705,1.2777411964308567,0.6381788695777348,break
U16,6,3.039459179651182,-0.8835132574614601,-0.29783125088972406,0.8101492911434891,0.25281998567964614,0.051080874846014035,break
U16,7,0.45300733941146865,0.5912969201666867,-0.5228957376237787,-0.36186251295761335,-1.1907443029193756,-0.7334451441488269,break
U16,8,1.3945647327847956,-0.49642846903791654,-0.3643145606586242,-0.5423490462032368,-0.2724683411600375,-0.2898942826107799,break
U16,9,-1.4993575428708477,-1.094139656683749,-0.06909877678974152,-1.9643132111794217,-1.7110961033918048,-0.9337568787663932,break
U16,10,-2.645251006313334,0.2672554819963723,-0.11555909034386584,0.5123872889441959,-1.1616223061268465,-0.68054242687396,break
U16,11,-0.9716460611054759,0.26301909359268744,0.2413803384342074,0.17260403229688756,-0.39421252560775655,-0.45838832906364246,break
U16,12,-1.0991622458708024,-0.8085857567227306,0.005523159714232395,-0.8624779405961468,-0.9855054729831476,-1.0346998327731887,break
U16,13,-1.1103549731690725,0.051764033952704014,0.746992610990959,-0.4802094481609047,-0.9603664575806505,-0.6825489301073662,break
U16,14,-0.593670367874739,-0.31026943254360917,0.7926568470771967,-0.6754121375739077,-0.7255421514207882,-0.7820392429392049,break
U16,15,-0.5120956846538334,-0.21269812009789849,0.2401936064430058,-0.09069825609211121,0.6047604482612146,-0.12913902628538598,break
U16,16,-0.19588976921400658,-0.6296798838141967,-1.4277925990137654,-0.49777675783193226,-0.589622857438248,-0.47779077313900187,break
U16,17,-2.2326176791858705,-0.47253280161077893,0.2608071464629509,0.6914657055603108,-0.049156660562093585,-0.17792525721347777,break
U16,18,0.06749209252441712,-0.719437220410174,0.2835419751982746,1.3330889991929995,-0.7326254225505224,-0.2910526113938311,break
U16,19,-0.9010178635894286,0.19082102441688967,0.6802972670882828,0.9843992599386535,-0.76067280529331,-0.2588904741071179,break
U16,20,2.88528856454427,1.1743191994135898,0.3479851200198183,0.7033422057137507,0.46589847298518505,1.1625107075432033,break
U16,21,3.9839070199389313,1.4022699463333586,1.009127889460981,0.4458464505798347,0.9489257649315204,1.1492912854284365,break
U16,22,3.935148401072792,1.634594650344273,1.5944353063333196,-1.3084874154287325,1.2229835374390645,1.30581416899265,break
U16,23,4.175510055204492,0.941957371130203,0.5077679682536809,-0.21709630461296092,0.15654596907028673,0.9406470770364824,break
U16,24,2.139733538651747,0.7674754247579205,-1.173957920610588,-0.007342250200089426,0.4126318832698991,0.9181541877844124,break
U16,25,2.410757027271363,0.1525556511093457,-0.3502520729599671,1.67597541364765,0.09671981067705632,0.37325285367586336,break
U16,26,1.4477690048813048,0.1270018864135744,1.105991977693595,0.21784368291380818,1.2351017732128593,1.2555164426773155,break
U16,27,0.5192404381997952,-1.1636658952958727,0.3586931678303421,0.7021943476582602,0.8789383339259529,0.6290180906127061,break
U16,28,-0.9750429931261293,-0.6521631742406936,0.3134228289981609,1.3339772589430536,-0.20319790899840984,-0.2797634560467365,break
U17,1,-2.887465025331681,0.009875570144099136,1.0023706059594928,-0.18378332153604326,-1.412874819766258,-1.2890938246331798,break
U17,2,-3.196362296273953,-1.7165346291449417,-0.04737308919235095,-0.04484541686363226,-0.5459988180514228,-0.21715638632356793,break
U17,3,-1.9538536112271312,0.029779163176982686,-0.5734681741901217,0.7554056233611992,1.3770666854977742,1.1846386630634118,break
U17,4,-0.194895748333495,0.8681521746075997,0.28558149237782937,0.4112768675633116,0.1569083157797484,0.4818268736634136,break
U17,5,-0.8566405587782762,-1.3061443892475941,0.07526395176660297,-0.647675040904153,0.8406117449544724,0.6381788695777348,break
U17,6,-2.8113294713584946,-0.5829640280711171,1.272779336546159,-0.46566030937770125,0.44469197731507454,0.051080874846014035,break
U17,7,-1.9885556320128113,-0.9509451870112886,1.1638317184539138,0.41377523377748127,-0.9860615367948591,-0.7334451441488269,break
U17,8,-3.8639647669939747,-1.3090925185001199,-0.7237348174056909,-1.0221949422207657,-0.8024938356866786,-0.2898942826107799,break
U17,9,-3.5229683919689094,-0.40985697965407814,-1.9413510292567069,0.721575973416627,-1.255513388342807,-0.9337568787663932,break
U17,10,-3.9550754550363028,-1.5575914009788627,-1.3741028612044424,-0.7088167024795944,-0.8624411071093578,-0.68054242687396,break
U17,11,-2.847620031270311,-0.9828849584245933,-1.1770551693313847,0.2151163052625203,-0.7191583365900661,-0.45838832906364246,break
U17,12,-3.461474643876722,0.7480352868905713,-0.20029061499362616,-1.229626683858455,-1.662778908901355,-1.0346998327731887,break
U17,13,-4.744413340852381,-0.5807519238305028,0.9005854525961079,0.5830393199929627,-1.4359318433243278,-0.6825489301073662,break
U17,14,-4.190286282070393,-1.1525510024826817,-0.15307055952679005,0.04869341053594389,-0.5046139438336132,-0.7820392429392049,break
U17,15,-5.570529132279752,-2.0269062752269957,-0.35405356586682624,-0.2923874428321771,-0.021615244243096604,-0.12913902628538598,break
U17,16,-5.301165672435968,-1.0242525538216685,-1.191515760170391,0.6896175651062958,-0.5334107893240801,-0.47779077313900187,break
U17,17,-5.629615624025725,-0.3979598327066926,-0.7689640888965852,0.9135283782459312,-0.14958459393815454,-0.17792525721347777,break
U17,18,-4.002189308036009,-0.10378252866070355,0.10619715897068258,0.9886139268535223,-0.3733988511078208,-0.2910526113938311,break
U17,19,-4.31465882941644,-1.648034151787622,0.08552485218650539,0.7695430083129289,-0.2687549613238621,-0.2588904741071179,break
U17,20,-2.792233829644249,-0.8057400600731203,0.7525901364544272,1.3430609832156986,1.3452977629956118,1.1625107075432033,break
U17,21,-3.488264646071987,0.16621681446652267,0.9169089719816403,1.9397556866468912,1.434255288680916,1.1492912854284365,break
U17,22,-1.5492050720524155,-0.3260413957167392,-1.3178003145964234,0.6220682043974544,0.9684471667570598,1.30581416899265,break
U17,23,-1.7731335680975073,0.8034405362370401,-0.2833199178637721,-1.670560647909906,0.9940101828432897,0.9406470770364824,break
U17,24,-0.8478149967591476,0.7801500599209027,1.2734809698504799,-0.2579963544145997,0.833182087374441,0.9181541877844124,break
U17,25,-0.49715304583516323,1.0790388197137333,-1.41802778483108,0.2861858537582642,0.493627630619822,0.37325285367586336,break
U17,26,0.8206952207452927,0.5623282248135629,-1.812532021396147,-0.814743475150395,1.4943859345967971,1.2555164426773155,break
U17,27,0.07873109282486242,-0.350174670346361,-2.0897671296118903,-0.1532968142983027,0.3551821927942364,0.6290180906127061,break
U17,28,-1.5068099817413065,-1.1916825250245813,-2.856176139947997,0.3514250997413113,-0.7940561846821296,-0.2797634560467365,break
U18,1,-0.06268383874845185,-0.49807867679821344,-0.8944259117414151,0.09436104478873177,-1.0935811609131347,-1.2890938246331798,break
U18,2,-1.9272150432796558,1.1492688135557085,-0.8008734430679442,-1.0913281677618816,0.12276065526816321,-0.21715638632356793,break
U18,3,-2.8691846595475403,0.6775998015647856,-0.3709585581617044,-0.7906806297325379,1.5971766528715576,1.1846386630634118,break
U18,4,-0.086441396188916,0.14797666707147858,-0.13629931729682346,-0.44128850671120595,0.6710433622040393,0.4818268736634136,break
U18,5,0.5837253997152544,1.288115428147085,1.0113771820449124,-0.23830307500593628,0.3284357959276665,0.6381788695777348,break
U18,6,-1.0236246856887385,-0.308228926531209,0.2675084798020876,-0.40480847862172753,0.21235869115391642,0.051080874846014035,break
U18,7,-1.1523773223300564,-1.545811449837971,-0.8105903079955833,0.4365989252106103,-1.3496568848450696,-0.7334451441488269,break
U18,8,-0.6581433547797005,-0.5595721719725155,0.14221597989692902,-0.1581600767307888,0.4928035191785907,-0.2898942826107799,break
U18,9,-0.7497708395940779,0.0956604435896935,0.6545727155202152,0.2624250812374158,-0.7648667813005622,-0.9337568787663932,break
U18,10,-0.5335765577138777,-1.7309984271317949,1.1681139002828111,-0.27328677157315673,-0.36456276059836146,-0.68054242687396,break
U18,11,-0.6166243210710518,-2.31158472679935,1.0775066587752862,0.758669523531117,-0.8193675839889798,-0.45838832906364246,break
U18,12,-1.7308057074740004,-1.0297768515214751,-0.7316843048836829,0.035854177811136256,-1.383638898403532,-1.0346998327731887,break
U18,13,0.946438849231666,-0.3582512523201486,-0.6525049499284024,-0.3030265795091956,-0.47192087539785044,-0.6825489301073662,break
U18,14,-0.0866584966747869,0.723885501516113,-2.2918494432848284,-1.0117991692487618,-0.5754513987804477,-0.7820392429392049,break
U18,15,1.3195733730608779,0.7284931044265501,-1.448414815482342,-1.2901689657493307,0.07540784710393533,-0.12913902628538598,break
U18,16,0.23137264885739062,-0.3856723543903794,0.02199093470015895,-0.9312999576031566,-0.26219058505159054,-0.47779077313900187,break
U18,17,-0.459777773091234,1.08136030118222,-0.33886053919538267,-2.476347481048116,-0.31756212010247736,-0.17792525721347777,break
U18,18,0.35985716792765937,-0.3218178362464506,-0.06368972096749312,-1.1568187049655356,-0.8106969230516349,-0.2910526113938311,break
U18,19,-0.859015287380542,0.565862741679461,0.31995045319564486,-0.0932897268368017,-0.8673007616369512,-0.2588904741071179,break
U18,20,0.3035267250842605,0.35545050521320243,1.0270376745820384,-0.02905582023121952,0.8537253808648596,1.1625107075432033,break
U18,21,0.48634369877004435,0.21313806748457903,0.417264633892816,0.07448797466632116,1.3819645373343559,1.1492912854284365,break
U18,22,2.196283656566525,-0.021184425474393857,0.15164239312934652,1.8482633585824066,2.11969179710139,1.30581416899265,break
U18,23,2.2630972896325794,0.26112623829225173,-1.3861501959495082,0.6966941473472801,0.8386834560964225,0.9406470770364824,break
U18,24,1.1087542350425104,-0.25327887183540465,-1.3066106768961376,0.4139638959184156,1.5510069396173238,0.9181541877844124,break
U18,25,0.6002856477507837,1.44523961602041,-0.49497182675757234,-0.4587238881135456,0.8025413319913837,0.37325285367586336,break
U18,26,2.10097934579336,1.7304514798334507,0.5281236063589065,-1.2072634894499032,1.0957350350500965,1.2555164426773155,break
U18,27,3.5406566277299927,-0.35552500470962534,1.4823797293027363,-0.29894803977815215,0.5104811516687078,0.6290180906127061,break
U18,28,1.4900610463713286,-0.09641986520188248,-1.0508617747900495,-0.5922325779873097,-0.49407878479156137,-0.2797634560467365,break
U19,1,-0.6906101222120374,0.16147088929406972,-0.4194685617556251,0.7871422501075139,-1.3618909939152906,-1.2890938246331798,break
U19,2,2.044621480388043,1.0062860920962036,0.16891670639476197,0.6394468179158507,-0.4589840346678274,-0.21715638632356793,break
U19,3,3.361089961920163,1.1184381514399702,0.10560439160063914,0.9992018812097339,1.32350220215538,1.1846386630634118,break
U19,4,2.356322783775454,1.4292967476719807,0.9631886701423943,0.6765332778798676,0.977066527119338,0.4818268736634136,break
U19,5,4.168947733919807,2.4078951355170446,-1.5792860436771377,0.9865613289012234,0.6861387970271413,0.6381788695777348,break
U19,6,2.76853125211337,-1.049893084111856,-0.915384906335801,2.702256644775358,0.5712400592587211,0.051080874846014035,break
U19,7,2.3185488197291853,-0.38017650761358085,0.14880925122728186,0.5622153500788772,-0.48946957635024374,-0.7334451441488269,break
U19,8,2.6203565852844832,0.7390050117048418,-0.6601546620229041,-0.4050416510359044,-0.521378912330873,-0.2898942826107799,break
U19,9,0.5925186978214093,-1.5812095467077032,-0.6576065912904565,-0.3996960948451208,-1.0542433099972959,-0.9337568787663932,break
U19,10,1.9422474134806709,-0.2165794324617056,-0.6732043288946485,-1.0501686020592669,-1.044544774891821,-0.68054242687396,break
U19,11,1.8965220369411084,-1.1027911886889181,0.14606953189057933,-1.7257386950575986,-0.9094703276519728,-0.45838832906364246,break
U19,12,-0.6649629796573756,-0.627147050655088,-0.37777575215664355,0.030126579503746198,-1.478495661426068,-1.0346998327731887,break
U19,13,-1.042883569854833,0.04628500153859548,-0.5980809566569967,0.8556916821622801,-0.7924849736847224,-0.6825489301073662,break
U19,14,-0.5315980715176052,0.3476358126161965,0.7800625589255126,-0.029470638382020187,-0.6699772673722805,-0.7820392429392049,break
U19,15,-0.27248344147671366,-1.2733087871716307,-0.007550338437254556,-0.5368672635476571,-0.08434536801794511,-0.12913902628538598,break
U19,16,-0.06890261504327289,1.0013129973424981,-1.1134062276996506,-2.052260201148579,-1.2943185268914787,-0.47779077313900187,break
U19,17,0.9423153801270309,-0.7791126834790545,-0.147611924029619,-2.084748333458549,-0.1323431096616951,-0.17792525721347777,break
U19,18,0.1718096826072188,0.200470120741717,0.5696596805732721,-0.8845054328355383,-0.08768047958612415,-0.2910526113938311,break
U19,19,2.204675294294708,0.0795377324822807,0.34046458564023496,-0.14147183629119178,-0.6444980794770785,-0.2588904741071179,break
U19,20,0.7897858407680172,1.2379224906419177,0.10234865602796545,-0.9428933647584301,1.5815392840361484,1.1625107075432033,break
U19,21,2.2142702893066755,1.216564626932794,0.6396242831645813,-2.6877620469455104,1.9612105172035772,1.1492912854284365,break
U19,22,3.165763968355459,2.1359255258143897,0.8479101851083248,-0.6158765554947729,1.369906307540303,1.30581416899265,break
U19,23,4.5366581604609335,2.256379974376778,0.8213934902394795,-0.27302002532990366,1.3061943700335317,0.9406470770364824,break
U19,24,4.529591284200777,2.2256915744891552,0.4259624834286561,0.02107134385879242,1.4393203335231317,0.9181541877844124,break
U19,25,4.857704426851259,0.23040897697203894,-0.6802384571525095,-1.2587279723010742,0.6145385591596908,0.37325285367586336,break
U19,26,4.8184294848528735,-0.4336957662519384,-0.20022688553705653,-0.30633487239426893,1.4478047621464634,1.2555164426773155,break
U19,27,2.8966911646582676,2.0577214941476525,0.577911575879879,0.6638088430606466,1.3408572857355345,0.6290180906127061,break
U19,28,3.1374366544199104,0.02182178120305414,0.4942589066946555,1.0286872441482446,0.08836479945272202,-0.2797634560467365,break
U20,1,-1.54542487980732,-1.2653749707818356,0.2887638248322314,1.4923023887752642,-1.4436643483363114,-1.2890938246331798,break
U20,2,-1.4695540632309556,1.5013820853725417,0.2649924772462522,-0.48505853044443226,0.3574938198988267,-0.21715638632356793,break
U20,3,-1.8752487974833283,0.6902891601636845,0.10346348083502221,0.016768480694885485,1.0103269947018032,1.1846386630634118,break
U20,4,-1.7893792354934808,0.40734148914379065,0.39632362603799354,-0.2986282450186993,0.1439822934857245,0.4818268736634136,break
U20,5,-2.1511346791903887,1.3929555477014437,1.2792721336509343,0.5333281879713785,0.7598872841960391,0.6381788695777348,break
U20,6,-2.1059815960148107,-0.43825978764702994,0.6995402123131969,0.12757393308281836,-0.9879490460146476,0.051080874846014035,break
U20,7,-3.842363202406472,-0.17367011436715538,-0.37597120154891583,0.5148022932893126,-0.6951751711123895,-0.7334451441488269,break
U20,8,-3.4852799161911934,-0.7795221467654293,0.3971060005678192,-0.13870833906127705,-0.30713574655349185,-0.2898942826107799,break
U20,9,-4.390437512319484,-1.846558876971572,0.32530562501631355,0.7302674007411476,-1.3617635627518951,-0.9337568787663932,break
U20,10,-3.793711315710369,-0.7519947400675853,0.5906545117207801,0.8084851802271458,-0.9102791789589675,-0.68054242687396,break
U20,11,-3.4687785529011697,-0.161343061889745,-1.1812563135352248,0.6203022281386423,-0.11153299829905433,-0.45838832906364246,break
U20,12,-2.6958066003935244,0.5028462545180047,-0.14186347635362473,1.6914613424991125,-0.7577139205124943,-1.0346998327731887,break
U20,13,-2.6772112534780437,0.1715178211115437,1.2909423657735335,-1.2187191766997747,-1.1099816194418755,-0.6825489301073662,break
U20,14,-2.8210768180994825,-0.6146400500849161,0.6774484250729528,-0.26145254058255185,-0.27138433048162935,-0.7820392429392049,break
U20,15,-3.0368624110600253,-0.40596623132225473,0.31949326697300134,-0.40451281074665985,0.04768985165566056,-0.12913902628538598,break
U20,16,-3.523061738545595,-0.32215926053064686,0.029988029553856127,-1.41935348668644,-0.7472471237947951,-0.47779077313900187,break
U20,17,-3.7686503857135305,-0.15234347200768966,0.6633368377486957,-0.1996783000845767,-0.6625151517051389,-0.17792525721347777,break
U20,18,-3.2436493067545715,-0.37946307401897444,-0.28997034060459215,-0.5337667209704866,-0.8235702672390597,-0.2910526113938311,break
U20,19,-2.594481968727375,-0.04967362865790863,-1.5059579087658768,-1.6057048510221081,-0.27206991452368645,-0.2588904741071179,break
U20,20,-1.7628937172501247,2.0037177025935877,-1.039365300407384,-0.4504291127073267,1.4986621894141035,1.1625107075432033,break
U20,21,1.1089714956769592,-0.39863111278782226,-1.1473959758541452,-0.05722900985595432,0.7852338780778251,1.1492912854284365,break
U20,22,1.4188096186634103,1.3777676264418843,-1.1305453571600446,0.8257453056935649,0.7344559489062993,1.30581416899265,break
U20,23,-0.9374438739196433,1.2540744708068285,0.9452859233454941,1.404241437411052,1.0819342968034564,0.9406470770364824,break
U20,24,1.301866614200665,2.1039247692045846,1.4026125139123962,0.45840440928480586,1.1478975713732047,0.9181541877844124,break
U20,25,1.5789993682798098,-0.47633959874393145,1.659495439082777,-0.6752991584397011,0.8496148379941759,0.37325285367586336,break
U20,26,-0.48107751127450343,-0.18540014757305062,2.0802227592369946,-0.7497589279389181,1.0537774920649163,1.2555164426773155,break
U20,27,-1.320406280811534,-1.198806905598273,1.6310870827138289,-0.8362039023516623,0.770444809811192,0.6290180906127061,break
U20,28,-3.405618553060893,-1.3616167098071859,0.7214032161536763,0.9256408704501006,-0.3274824243603349,-0.2797634560467365,break
U21,1,-0.11405477400577513,0.5336164489499252,-0.19302068138239872,1.5849705230396705,-1.5422060648979652,-1.2890938246331798,break
U21,2,-1.3722507052667363,0.45171465364567764,-0.49982043370964346,0.9785326669135643,-0.4163416131285003,-0.21715638632356793,break
U21,3,-0.7870562807580932,0.6341901137624666,1.0540764981516877,-0.9695948903316801,1.5921959813809992,1.1846386630634118,break
U21,4,-1.456776165963081,0.9968879135877273,-0.32192120782761136,-2.000901617555964,0.6427391600533099,0.4818268736634136,break
U21,5,-1.999625863348822,0.32559318143964194,-0.47904563220797663,-1.8204031501545748,1.7817718907405626,0.6381788695777348,break
U21,6,-0.4440470868767643,-0.8987129096196002,0.7800951441058644,-1.0693215237581724,-0.25529830909807744,0.051080874846014035,break
U21,7,-2.234614795875717,-1.5043189482296977,1.1517628911384346,1.5203673355155414,-1.139286408312062,-0.7334451441488269,break
U21,8,-2.611852353949583,-0.5727045783351012,1.6012261245824928,2.359252800408259,-0.461508328125707,-0.2898942826107799,break
U21,9,-2.271774785566363,-0.442223751973442,-0.10320404480145429,1.1007031032202803,-1.224066911690143,-0.9337568787663932,break
U21,10,-2.467888956271609,-1.674888392753957,-1.0883275701203736,0.4582289726042491,-0.40221985685955586,-0.68054242687396,break
U21,11,-3.0006157697881592,-0.8017791936000325,-0.5682869835287697,-0.24345029611457217,-0.7398896678872628,-0.45838832906364246,break
U21,12,-3.022857380488567,-0.25531034985930967,-0.7571897093535831,0.4357056638483489,-1.4643336839475949,-1.0346998327731887,break
U21,13,-2.488469079628247,-0.23594315849345465,-0.03552951435882526,1.7810089237253393,-0.328973098875355,-0.6825489301073662,break
U21,14,-0.8616626371296974,0.36376422670510344,1.0150804370078588,0.38647818901832565,-0.5043147075813581,-0.7820392429392049,break
U21,15,-0.06552318616721098,1.7727164801291695,0.6066090448171895,0.12522539665663487,-0.7145553259245981,-0.12913902628538598,break
U21,16,1.3926784591732182,0.8159399762155454,0.5367360647388354,-0.6543016719179563,-0.7799042241966452,-0.47779077313900187,break
U21,17,0.14732034157851948,-1.2148134670778343,-0.5172773912587038,0.654987797096553,-0.7341767826507825,-0.17792525721347777,break
U21,18,-0.8054379339468669,-0.4268569548703899,0.8893267811615982,0.7596078111019744,-0.6228060267630768,-0.2910526113938311,break
U21,19,-2.725816603582811,-0.3378428628186904,0.5642034803711439,-2.164105235740208,-0.5258772965895065,-0.2588904741071179,break
U21,20,-0.43172189034157693,1.4361830990570046,0.4676190818383285,-0.1604577778640195,0.8423913641537593,1.1625107075432033,break
U21,21,0.17545247436657707,-0.10359363949741213,-0.6867951691729592,-0.17954506634784756,0.5722494591864451,1.1492912854284365,break
U21,22,0.12149873879390011,2.169430359544051,-0.037203313117381676,0.9592745227395585,1.3212865655308388,1.30581416899265,break
U21,23,0.9428080680293416,1.572589290104459,0.8625445259325055,-1.1621339643515878,0.0006339736151689257,0.9406470770364824,break
U21,24,1.6398291414161663,0.9961343709338368,1.0724985438455563,-0.06414912141877488,0.497977781403543,0.9181541877844124,break
U21,25,1.006946868362737,0.38548502546478836,0.12227451168300021,1.8664648230214418,-0.15254375303004925,0.37325285367586336,break
U21,26,-0.544392171661435,-0.042409447889372676,0.7348363067097636,0.14441182075692716,0.9192897948110934,1.2555164426773155,break
U21,27,0.6349197377290462,-2.0184397893150487,1.2516715641591596,-2.247970735365629,0.13235023745529373,0.6290180906127061,break
U21,28,-2.045638704135868,-1.6305273002445568,0.016009659434584392,-1.712354062502842,-0.6248433688487348,-0.2797634560467365,break
U22,1,-0.03105993250307948,-0.5209140103191991,-0.12464460522411627,0.12732969783778017,-1.068091226116242,-1.2890938246331798,break
U22,2,0.8594848912294957,-0.8916144076416107,0.9144026079023273,-0.295503073610181,-0.1957661572512269,-0.21715638632356793,break
U22,3,1.67137765675624,0.3021993221627217,0.013270324260496291,0.7157233337321577,1.482207356854695,1.1846386630634118,break
U22,4,3.4190434616676804,1.6763368238355827,-0.45972297687872876,-1.155350001725614,0.31126899131268665,0.4818268736634136,break
U22,5,3.507456374717463,-0.4262741576078463,0.826724468062842,1.5569178791729288,0.3195251018814086,0.6381788695777348,break
U22,6,2.405416737565698,1.2803056328756326,1.683739437406356,1.6349236539534242,-0.0007377021189248281,0.051080874846014035,break
U22,7,0.034823393948459014,0.24127605040419617,0.5648992033772269,0.522902164216339,-1.1001711635819469,-0.7334451441488269,break
U22,8,-0.1049745447521615,-0.9892312139580492,1.2698958315831084,0.5674079071012051,-0.19353068928260792,-0.2898942826107799,break
U22,9,-0.49361090548422604,-0.2825183337464742,1.036428372615311,0.10928907085150678,-0.7095860889255592,-0.9337568787663932,break
U22,10,0.5217070948337356,-0.04212364180484443,-0.7571393325219198,-0.01913613305096115,-0.778602577954397,-0.68054242687396,break
U22,11,1.6348987197150593,0.23979338040874812,-1.5739813594691672,-1.5984447539822597,-0.1659837048535489,-0.45838832906364246,break
U22,12,0.9310631654959016,-1.5751218326160972,-0.20817212616933162,0.30230931179268794,-0.98823399993338,-1.0346998327731887,break
U22,13,2.3646334878990194,-2.0063388196134637,1.1642305351346565,-0.3896983322493626,-0.776971324203448,-0.6825489301073662,break
U22,14,0.875752649303471,-0.5972515713215402,-0.42750990079813117,-0.6919811482985231,-1.1927312505406444,-0.7820392429392049,break
U22,15,0.3795923893442772,0.1847081207629516,0.13872398886011195,-0.6576486435516787,-0.7309607681448999,-0.12913902628538598,break
U22,16,1.2605575261112354,-1.1981663240034477,0.8410746850959477,-1.188287264885533,-0.8290182706506699,-0.47779077313900187,break
U22,17,0.05761611688896495,-0.18584023499076216,1.0889211368211165,-0.08964402107680658,-0.6730017797788227,-0.17792525721347777,break
U22,18,-0.2983893070821385,-0.2064758821206142,-0.2642608839706697,-1.7616102694856537,-0.6854479818145882,-0.2910526113938311,break
U22,19,-1.0070541981363967,-0.43101718937324834,-0.4646643941485605,0.06786181476478492,-0.49867659822365706,-0.2588904741071179,break
U22,20,0.26304964521103535,1.17881729561589,-0.8065917674461881,-0.8253629023139128,1.666857700082864,1.1625107075432033,break
U22,21,3.562479706758302,-1.0055105011995602,0.28808069807912984,-0.22279271894714345,1.1041219737991965,1.1492912854284365,break
U22,22,1.9723693080594198,1.0652682484942422,0.4342024271940605,0.6244552278207574,1.0752845245156868,1.30581416899265,break
U22,23,4.7882876495323075,-1.1706162188853906,0.0538078862332497,0.2886990746007943,0.9196600033472562,0.9406470770364824,break
U22,24,2.2969163020331345,-0.9015930017791044,-0.8372150040619784,0.5861580064296359,0.6844821825059386,0.9181541877844124,break
U22,25,1.3564169624272377,-1.3656359007659,0.05290702125345656,1.1683573277594792,0.4240926529096159,0.37325285367586336,break
U22,26,1.2715338349966505,-0.37020761430703153,-0.9878069904738707,-0.4480380121994601,1.417722510771516,1.2555164426773155,break
U22,27,2.8032343062216873,0.3160387994427565,-0.6398894851458934,-0.3345781743555981,0.6938188839122656,0.6290180906127061,break
U22,28,2.3336704847792498,0.8996387328128556,-0.4760650928798902,-0.7605124986916073,0.13108110084353125,-0.2797634560467365,break
U23,1,-1.9005884921386362,-0.5462460149616881,0.6575809454912683,-2.37140150193384,-1.3148437702846778,-1.2890938246331798,break
U23,2,-1.6063006210480157,-0.4176589391819856,-0.3123231482338888,-1.5367960954459794,-0.7767949596627914,-0.21715638632356793,break
U23,3,-0.691985567583942,0.8103355695598087,0.47609165854423824,-0.9981443000918271,1.2066568964960673,1.1846386630634118,break
U23,4,-0.29267509503798783,-0.41170248259079734,0.9262329542256386,1.1689505266728584,0.736051190027853,0.4818268736634136,break
U23,5,-1.2196029995930795,1.7308191481993824,0.6292632729003107,1.3755475386644378,0.9779409494326476,0.6381788695777348,break
U23,6,-1.45659272817542,-0.07746544376397971,-0.711840787968321,2.2547296501596055,0.133890526746725,0.051080874846014035,break
U23,7,-2.859432140438423,-0.9650404500396814,-0.5127719676121325,1.093608418117882,-1.305339715151701,-0.7334451441488269,break
U23,8,-3.488340986648738,-0.6378752543944032,0.1899623406528351,-0.2526066149398596,-0.5194850976498279,-0.2898942826107799,break
U23,9,-3.922440297511507,-0.8071198378084758,-1.0133645487222198,0.5375507455018433,-1.3213327448560053,-0.9337568787663932,break
U23,10,-2.3804503273297946,-1.0354544622052666,-0.3242844853179845,1.5041492032034702,-0.9321534205215805,-0.68054242687396,break
U23,11,-2.2315882370504903,0.4111737418870364,-1.2321209738243606,0.8505879167341378,-0.8779030236861863,-0.45838832906364246,break
U23,12,-2.375718837607431,-1.1629173166491364,-1.052519366233005,-0.5905157819225446,-1.7074379030887703,-1.0346998327731887,break
U23,13,-2.2412432872757533,-1.099008565066338,-0.22929872712085783,-0.8793883368929176,-0.9929995430125019,-0.6825489301073662,break
U23,14,-2.5437643463213337,-1.1390710510882691,1.6980134677085883,-0.821133907759962,-0.9744507499714958,-0.7820392429392049,break
U23,15,-2.9737892541025936,0.416653707703516,0.9222440524553817,-0.1531565729204789,-0.46521042131849233,-0.12913902628538598,break
U23,16,-3.3873704401303644,1.1039232296223103,0.7946032239145828,1.0096193477213822,-0.10580532427906503,-0.47779077313900187,break
U23,17,-2.026775663406425,-0.5685205543992427,0.07793766861572957,0.5064728764657545,-0.19454217211258024,-0.17792525721347777,break
U23,18,-4.085088554322351,-1.2565236786333642,-1.2315370404028434,0.38274230904376494,-0.34353515221799197,-0.2910526113938311,break
U23,19,-4.342505435960768,-0.84998984184987,-1.095836196470663,0.3024147836647051,-0.4090210174247114,-0.2588904741071179,break
U23,20,-4.0798209210048535,-0.7250926392689094,-1.9529862831374234,-0.7483589183484198,1.4939343349682321,1.1625107075432033,break
U23,21,-2.8271183077745174,-0.5583067338170222,-1.8519608193125459,-0.24704549724636773,0.7045068641524986,1.1492912854284365,break
U23,22,-2.1826504922099197,0.14681379184231919,-0.5055433339388167,0.6929353829012572,1.4698862294296167,1.30581416899265,break
U23,23,-0.7902742112753388,1.0634176764571155,-1.578743413813211,1.1487844794777817,1.145355650201416,0.9406470770364824,break
U23,24,0.7734177225440305,1.3721349428254461,-0.7936218316182138,0.16734213950627957,0.5481301733906765,0.9181541877844124,break
U23,25,-0.0429012640387183,-0.1282521510324508,0.1145593870764238,0.996039517804254,-0.35581698265085554,0.37325285367586336,break
U23,26,-1.3891382713239246,1.391551638204723,-1.3276729949310675,-0.04484767131426737,1.1216949013423707,1.2555164426773155,break
U23,27,-0.5115664042939839,1.5235321247115547,-0.005281779598889591,0.0009883646361498327,0.3461773561791013,0.6290180906127061,break
U23,28,-0.2960141174560083,-0.2724928039881588,0.8675516105229348,0.4373710713434774,-0.1003559630200623,-0.2797634560467365,break
U24,1,-0.9937142631455829,-1.978827764186809,-1.2845286657751664,1.1523723004207203,-1.3308234079298658,-1.2890938246331798,break
U24,2,-0.6906256626172567,-1.0528650045897177,0.20283203299914782,1.3494297377800133,-0.3721468791533349,-0.21715638632356793,break
U24,3,-0.34194747132782405,0.37990521731153515,2.690626478668788,1.1418066488935477,1.080878145151404,1.1846386630634118,break
U24,4,-1.699287968799257,0.9566564245485234,1.4913625248800204,1.07251024525649,0.42242455128797146,0.4818268736634136,break
U24,5,-1.4936830626234514,0.7200966077773311,0.6224358439531965,1.5045528832025405,0.8766061408333163,0.6381788695777348,break
U24,6,-1.813647617176271,0.039735400698072576,-0.7186489691368385,0.2443472406199318,0.2546571336028486,0.051080874846014035,break
U24,7,-0.6690249696424919,-0.035736476370185496,-0.8405169934727648,0.8523268915395108,-0.504548300511308,-0.7334451441488269,break
U24,8,-1.0380246420614239,-1.2131451691411088,-1.1060461479364996,0.31192978894195184,-0.1235025117442462,-0.2898942826107799,break
U24,9,-2.2947727294570948,-0.5766364724223795,-1.0410793947273875,1.5500307568634988,-0.4653991979104163,-0.9337568787663932,break
U24,10,-0.8758306102773459,0.9281357523967603,-1.2642213173455306,-1.4432072652078283,-0.6209900490159377,-0.68054242687396,break
U24,11,-0.7016154412876895,0.06766873914945071,0.4402654785330664,0.17499496969943484,-0.5137777868555314,-0.45838832906364246,break
U24,12,-2.881409505179957,0.967683879683296,0.8267184267364323,0.8893166236149077,-1.340918866134605,-1.0346998327731887,break
U24,13,-2.071090257193723,1.433791571963144,0.11781616622159413,-0.993097449053257,-0.8582960711700872,-0.6825489301073662,break
U24,14,-2.451917022028507,1.436465019382559,-0.34662141303722105,-1.1747745423962306,-0.7367186351497245,-0.7820392429392049,break
U24,15,0.7364628855135924,-0.6087927307959506,-1.3082020403176098,-0.08062611047324547,-0.37850756112439166,-0.12913902628538598,break
U24,16,-1.087320246005469,-0.45555753169646024,-1.771777233402645,-0.9017718746801077,-0.941805190391205,-0.47779077313900187,break
U24,17,-1.734447028116914,-0.5390045952312007,-0.23342064444383026,1.062354042380191,0.13862819497455134,-0.17792525721347777,break
U24,18,-1.6565458417967653,0.7887997738008241,-2.277853170894622,1.810893374552753,-0.0730302631031789,-0.2910526113938311,break
U24,19,-2.094042438192202,0.8578185422280944,-1.3867272561973367,2.014464790708833,-0.2908404101822883,-0.2588904741071179,break
U24,20,1.0801514760285946,1.2885107120858537,-0.635275660671633,2.0956039169216854,1.3741953393748836,1.1625107075432033,break
U24,21,0.3359080039453948,0.05950596219709414,-0.47826694265699937,0.9080620505632615,1.581565519068932,1.1492912854284365,break
U24,22,0.7258267039205739,1.5955082177649085,-1.0467304643922293,1.3210402385413111,1.1570322427241264,1.30581416899265,break
U24,23,-0.22124869250123247,0.4850279537268735,-0.44972289060355775,0.5749311264686745,0.6229282567564617,0.9406470770364824,break
U24,24,0.6067844890516263,1.9408174953077302,0.031453185120023874,-2.1228085735635682,1.2106042719955326,0.9181541877844124,break
U24,25,2.9939873315432175,0.3450650754017792,-0.5867028785724052,-1.0274270232997518,0.5668685573138479,0.37325285367586336,break
U24,26,3.116167022238808,-0.5780177441322211,-0.970945245798889,-0.5351082152645784,1.5318023697546232,1.2555164426773155,break
U24,27,-0.6526434184174624,-0.5658376838003891,-0.5374271860670643,-1.0230454349910383,1.0923985570866208,0.6290180906127061,break
U24,28,-1.3969758439181716,-0.7203670590714673,-0.5032140770224108,-0.766939502317356,-0.8187130834187326,-0.2797634560467365,break
U25,1,-1.5692153750414748,-0.17857595564982395,-1.224229108760392,0.25844744117567553,-1.660781843271898,-1.2890938246331798,break
U25,2,-2.6407292662301005,0.550877907971967,0.18548608853343457,0.6417613691669959,-0.07576707324991072,-0.21715638632356793,break
U25,3,-2.4821440394640515,-0.13830375009004497,-0.6415987924179704,0.17148076241697618,1.8570883607648625,1.1846386630634118,break
U25,4,-1.8377880144479817,-0.42846247498654494,-0.7874668522183218,-0.5524583863748733,0.7107287347272013,0.4818268736634136,break
U25,5,-0.7917888521347953,0.5747258306861565,-1.1090249636643967,0.8889511103091392,0.8174480258973653,0.6381788695777348,break
U25,6,-1.5851515974957007,0.41081333982614804,-1.3705143149283494,0.6724293449892826,0.3966778226431284,0.051080874846014035,break
U25,7,-1.326600109369692,1.488351893606731,-0.6200687339984162,-0.812626374921114,0.02060060701624733,-0.7334451441488269,break
U25,8,-1.6718665451413628,1.2694133543146444,0.18020977886063086,-0.5576887271661709,-0.5813737179815762,-0.2898942826107799,break
U25,9,-1.110029813221694,0.8354569016878309,-0.39310059475768905,-1.5756520718929288,-1.3236408420631258,-0.9337568787663932,break
U25,10,0.6242513072170786,0.31130897067710134,0.5393897773784839,0.7590598173036296,-0.18586097937283708,-0.68054242687396,break
U25,11,0.03432774004296585,-0.10350283164348457,0.6914891692726381,0.9055932684628094,-0.04468495821608759,-0.45838832906364246,break
U25,12,-1.0244338665480952,-0.9198162876266713,1.3069056730886024,-1.3199485689620634,-1.3122642130637923,-1.0346998327731887,break
U25,13,-0.7473678705427538,-2.037629131960739,2.504109897556381,-0.6387839712757509,-0.5394693926202367,-0.6825489301073662,break
U25,14,-2.214026874421724,-1.0407517345768813,-0.4486576506724149,1.1045842184966654,-1.0561197641617022,-0.7820392429392049,break
U25,15,-3.1866122383614757,0.04401708038517088,0.6272778729909401,0.5006503045277056,0.2012893717395937,-0.12913902628538598,break
U25,16,0.5300841060368149,0.49303662150326577,0.2316547940518029,0.48862451660330725,-0.2991365978207746,-0.47779077313900187,break
U25,17,1.6259366083157873,-0.5451189362231326,-0.29023662609771733,1.9756932332828039,-0.5697392560894429,-0.17792525721347777,break
U25,18,-0.616525360456758,-0.6455635945764376,1.1562850052325226,1.6464571325303128,0.051171428406601493,-0.2910526113938311,break
U25,19,-2.3194167040611413,-1.1255515158420215,0.49965204741126806,2.8839739051927893,-0.16374833955813362,-0.2588904741071179,break
U25,20,-0.9002848206757283,0.0601718006917874,-0.4230065848801121,0.9619704973276643,1.0039918255760092,1.1625107075432033,break
U25,21,0.5751839485218526,1.3793467583807164,0.5921512508762548,0.04016584153935465,1.6844994862522906,1.1492912854284365,break
U25,22,2.0291803373096324,0.9831607260252069,0.33878506374626993,-0.9116486807242954,1.2809390316881233,1.30581416899265,break
U25,23,0.3575608740426339,-1.3070016562408304,0.919661702981715,-1.0414289117531454,0.6176693978742427,0.9406470770364824,break
U25,24,-0.03154936397967567,-0.9214535462059501,-0.16697332722447278,0.5306723980995595,1.165163287295715,0.9181541877844124,break
U25,25,0.5828942166814494,-0.39630397573629866,0.9532983874022413,1.092962969943411,0.6983109295741134,0.37325285367586336,break
U25,26,3.014154307222538,0.704269125530715,0.3305410480158578,-0.023075190200607887,0.702438801022981,1.2555164426773155,break
U25,27,0.20624134022595175,1.3313969470767886,-1.436991724028411,0.006862360356606452,0.2418393401559485,0.6290180906127061,break
U25,28,-0.4172776769732318,1.9221634761705886,-1.2976500590060935,-1.9994533866078097,-0.14205957395803281,-0.2797634560467365,break
U26,1,-2.2246665817533517,0.0005664416104921577,-0.3522681763651375,-0.9355318078510596,-1.521869852860437,-1.2890938246331798,break
U26,2,-1.9347798670491734,0.35602194208563587,0.5876868338679723,-0.6183415730765448,0.05852135601451325,-0.21715638632356793,break
U26,3,-0.48093419411058413,0.4974397624098559,-1.1280141818224496,0.6789487203283848,1.2509764838415274,1.1846386630634118,break
U26,4,-0.42649720859047213,1.2014143535598527,0.11337215223909633,-1.4240404396465647,0.29357141568185413,0.4818268736634136,break
U26,5,0.5048064845928024,0.018876860860789657,-0.24862003113128395,0.6016817009663588,0.3827639109567561,0.6381788695777348,break
U26,6,-0.8776676686604663,-1.4490393030860322,-0.4365750153023133,-0.29180629932978475,0.24360614982297937,0.051080874846014035,break
U26,7,-1.7758525470167892,-0.9849292440997606,0.45691476412941845,1.963147029538497,-0.766714765137858,-0.7334451441488269,break
U26,8,-2.711286635652951,-0.4217504877394712,1.073087428582698,1.154752073351406,-0.532789146777385,-0.2898942826107799,break
U26,9,-0.4123892483108458,-0.027575810223895547,1.0692679213206504,0.4748247578193524,-1.2929841192166247,-0.9337568787663932,break
U26,10,-2.974793215382908,-1.0547094916627944,-1.4657088666485705,0.1795094898562172,-1.4177186316541324,-0.68054242687396,break
U26,11,-3.5600191285720686,-0.21198567435855253,-0.1856589339473715,-0.28643853458908486,-0.7369478928733197,-0.45838832906364246,break
U26,12,-1.9532798035727248,-0.2507363177659103,-0.9723068979630345,-0.8938027356019753,-1.1794266624628524,-1.0346998327731887,break
U26,13,-3.004601360891348,-0.8636397347177582,-0.11033848065736943,0.21335090240319687,-1.0357987131072468,-0.6825489301073662,break
U26,14,-2.9453936629088835,0.18041764341627214,-2.8756911440316566,1.1626258149275777,-0.9365163951971611,-0.7820392429392049,break
U26,15,-2.7281027330896066,0.30334102628323556,-0.8604611354943441,0.8890624493682608,-0.3897526617885405,-0.12913902628538598,break
U26,16,-2.717165178935553,-0.24624870355927764,-0.8324983674519405,1.0055618554673709,-0.3408389257147826,-0.47779077313900187,break
U26,17,-3.338509891755681,0.9693994537218869,0.05744495178139968,-0.2558276553268074,-0.8013870608754885,-0.17792525721347777,break
U26,18,-1.6305440937918503,-1.025615005881168,0.8581146176091052,-0.11351322725665429,-0.4395512548233737,-0.2910526113938311,break
U26,19,-3.91506330778744,0.27287224680493416,1.3746619010847894,0.6664936653038187,-0.09643451385144486,-0.2588904741071179,break
U26,20,-2.530317936629622,0.3141722225748752,0.13929931525958295,2.3827621545374567,1.486076041684247,1.1625107075432033,break
U26,21,-0.2859148016323665,0.09377009402503574,-0.7410548971215651,1.7927276970365549,1.0824398013305168,1.1492912854284365,break
U26,22,0.9874856092551094,1.179500241663643,-0.4939943899149186,0.5025237060591448,1.389140099620419,1.30581416899265,break
U26,23,0.39938300956292905,0.9406578867015163,-0.7870973169260271,-0.6168968551464138,1.3249338170506921,0.9406470770364824,break
U26,24,0.972011682059118,0.8409164497668511,0.9539181295890111,0.9382857011037378,1.15823494225863,0.9181541877844124,break
U26,25,1.5001218167296235,-1.1224509807986556,0.10330914152231285,1.2113798656755042,0.67029644840362,0.37325285367586336,break
U26,26,-0.3357713542348968,2.0711748144160715,-0.40758304641617776,0.7549809628933017,1.6721375154381617,1.2555164426773155,break
U26,27,1.2492346843253177,1.026088884959658,0.32622312239829543,1.2104978483340907,0.7624168221044636,0.6290180906127061,break
U26,28,-1.5162767754294308,-2.0613097684192687,-1.9598941891908115,0.0597066828814225,-0.3796847921993108,-0.2797634560467365,break
U27,1,1.146848308794024,-2.007859546780499,1.1157252900195986,0.973779011182485,-1.5307962192978104,-1.2890938246331798,break
U27,2,1.9834077846957783,-0.5227761703136562,-0.17222499591674667,-0.44852581308574424,-0.019347022180105006,-0.21715638632356793,break
U27,3,1.9176599469288593,-0.33952829037810406,0.07882425444985369,-0.708834751086336,1.7734225377240174,1.1846386630634118,break
U27,4,1.47687229471589,0.7297043808125292,0.041785255777372105,0.4151817307938366,0.5743419448257783,0.4818268736634136,break
U27,5,2.888861685717852,-0.06310264977636468,1.2672449716588798,0.1775590221337371,0.7095823998925771,0.6381788695777348,break
U27,6,1.3220169241664244,-0.5415414085243213,1.707223974951616,1.4919851036726766,-0.6280082914984052,0.051080874846014035,break
U27,7,0.855390617081783,-0.48188412325044166,1.088615073948196,0.4139387954200816,-1.1220783907772778,-0.7334451441488269,break
U27,8,1.0431132226918884,-0.25082508686852356,-0.4262699701099042,-0.7686755053464379,-0.357332600858318,-0.2898942826107799,break
U27,9,1.4819598007801749,-0.22672488031489818,-1.9684196853736649,-1.1950246063090806,-0.7769419375242954,-0.9337568787663932,break
U27,10,0.2585361930168824,0.09431054495498874,-0.6646288798621627,-0.6206988313924423,-0.026254807413445658,-0.68054242687396,break
U27,11,0.9304159342569045,1.5909710330396947,-0.3023258056256456,0.45919848626048126,-0.9022506029526782,-0.45838832906364246,break
U27,12,-1.2326607278556136,-0.09678829773463021,-1.096282781808159,1.207281312088068,-1.228984509414097,-1.0346998327731887,break
U27,13,-1.0462909190442031,-0.1891367107110764,-1.3078982641135641,-0.695036620137031,-0.18201066494165286,-0.6825489301073662,break
U27,14,-0.28076944063497256,-0.27982605236548136,-0.12542090293254532,-0.7965557227505571,-0.6347089155762727,-0.7820392429392049,break
U27,15,-0.4311849567028294,0.033528717010095944,-1.0623939406037797,0.05150100883911257,0.07057585755971371,-0.12913902628538598,break
U27,16,0.5673021068097761,-0.2808020668374557,0.586911474182734,0.12315857896414255,-0.056083264813370226,-0.47779077313900187,break
U27,17,1.6542052032142744,0.4705095336403162,-0.3788920660516034,-0.6364943305180188,-0.5418879925721725,-0.17792525721347777,break
U27,18,1.1016507142953187,0.07340408536128953,-0.6633271933350386,-0.19759121406632818,-0.7714535860281364,-0.2910526113938311,break
U27,19,1.40695350448454,0.9048514099849493,-1.4205428773934095,-1.4711486987850388,-0.6090245563464625,-0.2588904741071179,break
U27,20,1.474282250507691,2.697530368729243,0.08429891280625162,-1.2381516654782696,1.5280722017848212,1.1625107075432033,break
U27,21,4.101619489599811,2.3262896400793074,-0.5249906913110782,-1.1579892762334585,1.38041555802201,1.1492912854284365,break
U27,22,4.491656827366884,0.4709424187492303,1.0605590756198984,0.05578364261929475,0.618916718937527,1.30581416899265,break
U27,23,3.047300168547225,-0.40066007371143103,-0.3630492827564833,0.24866327054693077,0.8754462999473287,0.9406470770364824,break
U27,24,1.2002502231909151,0.009639678480203168,0.28253617275282933,-0.19637662255250632,0.7217469515733541,0.9181541877844124,break
U27,25,2.5582299351255164,0.2639464539502025,1.3281428826105703,-0.08699688405608996,-0.024568048167422418,0.37325285367586336,break
U27,26,3.622319938892636,-0.6918227352533404,1.9176194955368056,0.7311705669360181,0.6826001447139398,1.2555164426773155,break
U27,27,0.9324611041885106,-1.6141505058249277,1.4697060328242393,-0.08371338705126846,0.4037140691002543,0.6290180906127061,break
U27,28,-1.430216493591705,-1.091326474649922,-0.7957570266703771,0.35703416903176277,-0.597728245942703,-0.2797634560467365,break
U28,1,-1.21058296400774,-0.24715877063778025,-1.7805596472407088,0.30180748665947826,-1.481416371310559,-1.2890938246331798,break
U28,2,-0.73189229739927,-0.21764450363933469,-1.1519208932696716,0.36895006721216084,-0.6456582880298515,-0.21715638632356793,break
U28,3,0.11200224898595934,-1.095089940774312,-0.12418181859477873,-0.44698754463931323,1.4854304796147195,1.1846386630634118,break
U28,4,1.2064151524094044,-0.6044036119638033,0.16385381827157702,-1.0085047794659918,0.9802045617519904,0.4818268736634136,break
U28,5,0.9824016542930346,0.08996449391202714,1.914596184696935,-1.6980522852733657,0.7811894602092597,0.6381788695777348,break
U28,6,0.0872864398607569,0.6126037247119815,0.27160994321919457,0.20391358767589218,-0.06799779577947734,0.051080874846014035,break
U28,7,0.6695618158996492,-1.5079890595547425,-1.140022864540252,0.1303191767551295,-1.3051109681088637,-0.7334451441488269,break
U28,8,1.6336715011775322,-0.32413552593244926,0.1411851452926575,0.05108392436163972,-0.8179581123734934,-0.2898942826107799,break
U28,9,0.5231211249563592,-0.9137087712080461,0.0866831696889489,-0.4075461921752163,-0.6918362626950985,-0.9337568787663932,break
U28,10,-0.040359899817800304,-0.8535433804654401,-1.560248367721639,0.5582948058464862,-0.538569691619217,-0.68054242687396,break
U28,11,-0.5670131274882915,-0.8612077351435806,0.14081544435843782,-0.5495433833894343,0.12209898192912255,-0.45838832906364246,break
U28,12,-0.35052015184805646,-1.5051131265491222,-0.8365097735100857,-0.12722944338911357,-1.033727283121842,-1.0346998327731887,break
U28,13,-0.5221672952061642,-0.9000908003737451,-0.6897159485744819,-0.3852072665139509,-1.2184513310318743,-0.6825489301073662,break
U28,14,-0.18040572029872382,-0.009254496257859603,-1.4075881205140879,-0.9552680761440189,-0.7219793159462213,-0.7820392429392049,break
U28,15,1.2529375179979476,0.8906208403432667,-1.2415021491924134,-0.15877592199563256,0.17530799492574176,-0.12913902628538598,break
U28,16,2.0554132317142684,-0.5864024296165319,-1.5544614290918846,-0.08829020723878031,-0.9057564900993578,-0.47779077313900187,break
U28,17,-0.36849151375876543,0.8906692919886989,0.36084873600806067,-0.9130918746674334,-0.7288806571859052,-0.17792525721347777,break
U28,18,0.499560311719759,0.3964656648659634,0.6291016370198108,0.5977456106181722,-0.7327969201497699,-0.2910526113938311,break
U28,19,1.5552219394840985,-0.12944827059267838,0.4924234334063254,1.9065535585482298,-0.4140495845569598,-0.2588904741071179,break
U28,20,2.288967764633719,1.4115933844595614,1.7983924960701043,-0.028234471653891702,0.9713769826601548,1.1625107075432033,break
U28,21,3.4071633491071522,1.1270948339052902,1.532995774734578,-0.8230754057409291,0.6896486511150031,1.1492912854284365,break
U28,22,4.3511815068712,0.4721667635984228,-0.45207422893458116,-1.0890944715699749,1.2500188758434168,1.30581416899265,break
U28,23,4.569610347672416,0.7752137021274274,-0.3589053902522005,-0.6942778173100035,1.7011249972893117,0.9406470770364824,break
U28,24,3.528836756217202,1.5631559326455595,-0.1620210339538718,0.19527362941655957,1.0836876719550328,0.9181541877844124,break
U28,25,4.810006240608222,1.026330595383324,-0.2974067140365384,0.5627201147507689,0.9955327600302797,0.37325285367586336,break
U28,26,5.30800108611696,-0.24728267103599427,0.7669331100909969,0.9096575592208249,1.7148199963927762,1.2555164426773155,break
U28,27,4.03757187811074,0.7387382615600464,0.6444841500191322,0.09007247898210824,1.2488505270545325,0.6290180906127061,break
U28,28,3.200523999194779,-1.2103151832085493,0.5259468573315398,1.2921989950148467,-0.6610378599712394,-0.2797634560467365,break
U29,1,-0.5449718309914608,-0.8412550571373206,-1.9484432674663619,-0.3977704614601055,-1.0950769230121304,-1.2890938246331798,break
U29,2,1.4043620893926103,-0.9836173435006632,-0.7737781527350709,-0.829125049741838,-0.1566301779728918,-0.21715638632356793,break
U29,3,1.5273032010868013,1.7505268995262704,-0.29940676817775513,0.07022683379434408,0.9642232725752558,1.1846386630634118,break
U29,4,1.918229616723626,0.7783258854385804,0.32827497743574635,0.10379695039104214,0.6001270080080808,0.4818268736634136,break
U29,5,1.7847279587824316,0.8731165722665407,0.8035850247124614,-3.467679696294184,0.7162916495295858,0.6381788695777348,break
U29,6,1.06313631898602,1.240059775201214,0.7213761784384969,-1.5133413025671372,-0.30612389484900193,0.051080874846014035,break
U29,7,0.0023438904091152013,-0.8412951027519737,0.489361679914068,-0.005668251044597672,-1.0398842420804209,-0.7334451441488269,break
U29,8,-0.21827877015671093,-1.4001775175595705,0.6561268656386549,-0.7306036571709607,-0.10309045213148207,-0.2898942826107799,break
U29,9,-0.3303826743712296,-1.3939266138548112,-0.16383435510285183,0.7259334703518392,-0.8914358020944602,-0.9337568787663932,break
U29,10,1.6605301145444753,-2.03253897436228,0.3564250410631463,1.1158166420536593,-0.675255105757359,-0.68054242687396,break
U29,11,0.3810372386988585,-0.7091254078560307,-1.9798790052420199,0.16703077479208672,-0.37914097439144634,-0.45838832906364246,break
U29,12,-0.20124633335342126,-1.1381141013370728,-1.0600662940960706,1.2418867339516777,-1.2906105906548766,-1.0346998327731887,break
U29,13,-0.8717868252112624,0.19699282122822664,-0.8092175196372049,-0.937559764572844,-0.6385508823095528,-0.6825489301073662,break
U29,14,1.5191697834654159,-0.9764947922747188,0.8550313516035504,-1.248883584497944,-1.1149697818079543,-0.7820392429392049,break
U29,15,0.2472440594799133,-0.31496719931870043,0.3722313903752628,0.04705159106438084,0.28464746361942395,-0.12913902628538598,break
U29,16,-0.051479555930366266,0.5424738127929274,-0.5562762401192669,-0.1297680756594327,-0.01060361935891424,-0.47779077313900187,break
U29,17,1.750518428022014,0.7024047811989405,-0.4039731180563283,0.4176610517189723,0.12702803183815056,-0.17792525721347777,break
U29,18,1.828756500956631,0.2621192723269412,-0.3410177832619322,1.4493298650847222,-0.42254987911730985,-0.2910526113938311,break
U29,19,2.0210643541320157,0.2268603358157584,-0.10490095311103326,-1.5833061375863746,-0.9124020144023939,-0.2588904741071179,break
U29,20,1.8071991052556418,1.2378138329135147,-0.17403690183000275,-2.16262428639917,1.4135931944414832,1.1625107075432033,break
U29,21,2.3185154242640023,-0.20884515955494365,1.3096397336300845,-0.5877103866624319,1.4301342139569337,1.1492912854284365,break
U29,22,2.4069147205110903,-0.15306952574768887,0.17171847585123196,0.3373838899372549,1.720329066007016,1.30581416899265,break
U29,23,2.4944329279133486,1.4337743201590338,1.0113769376364878,-0.6332835740708268,0.3852870184135101,0.9406470770364824,break
U29,24,4.083270929256944,1.317696636254999,0.22815017096161888,-0.4269036459492346,0.6952209021036573,0.9181541877844124,break
U29,25,4.134139544102075,0.8360003054230524,0.5955248969660611,-0.6215107045197629,0.3657493323883627,0.37325285367586336,break
U29,26,3.6202015658315183,-0.5259937251148847,-0.5361870474611385,1.0647534676787584,1.0513696385264597,1.2555164426773155,break
U29,27,1.3163806401930653,-0.5144944889801687,-0.9402148737893239,0.7641370865345642,0.5712533615825774,0.6290180906127061,break
U29,28,-0.0011454046375348192,1.5147982299839897,-0.8920639443080596,0.9962095544976233,-0.28575886641241055,-0.2797634560467365,break
U30,1,-0.36565153667349437,-0.4852080222806385,-0.45279541910550714,-0.06571429925098225,-1.6726580573152443,-1.2890938246331798,break
U30,2,0.48182084501314826,0.9175703748339947,-0.5794735255701982,0.04200084083318852,-1.0051243889185408,-0.21715638632356793,break
U30,3,0.8567996179645228,0.8638867827257453,-0.5917200214420136,0.4998625700482538,1.2289473865312308,1.1846386630634118,break
U30,4,2.46976446109914,0.29329539375886127,-0.2664833856031653,-0.42743651602009386,0.35247704238237443,0.4818268736634136,break
U30,5,0.46607612329798875,0.35460400000491943,0.4375550265659937,-1.0998307226626038,0.730551861397551,0.6381788695777348,break
U30,6,-0.8330090964572038,2.518609031255729,1.1497927290190808,-0.6060845556199609,0.18342368153733674,0.051080874846014035,break
U30,7,-1.6220499340096686,0.9256079923983785,0.7293378595629127,-0.4870215119541759,-0.5908927682839038,-0.7334451441488269,break
U30,8,-1.338207932440956,0.5957491327360026,0.7796424217416059,-0.6268781173457045,-0.2781026743626777,-0.2898942826107799,break
U30,9,-2.158272537705816,0.2556373563242035,-0.31330345548045785,0.9777866910845796,-1.1473394782923532,-0.9337568787663932,break
U30,10,-1.8951865311958762,-1.694140585662432,0.576908142506096,-0.1491576880201762,-0.6684254644217532,-0.68054242687396,break
U30,11,-1.1882733584939655,-0.8424764197370073,0.23108634313991924,-0.929943136804242,-0.7195851620660485,-0.45838832906364246,break
U30,12,-1.4600530936689238,-2.349188467192825,-0.4612404897100621,0.324750098231086,-1.4516714222104627,-1.0346998327731887,break
U30,13,-0.8589611106952335,-1.392238622674961,0.7031903047237782,-0.6592370146954026,-0.9941154612864012,-0.6825489301073662,break
U30,14,-2.247789401640274,-0.3342681282735341,0.3695663927763295,-1.145517842409328,-1.4377262602396166,-0.7820392429392049,break
U30,15,-0.5302789219261623,-0.5732977421313005,0.6580080563546771,2.4811016807524293,0.049551738224383274,-0.12913902628538598,break
U30,16,-2.9097593145988263,-1.7599245840654745,-0.007134315731710084,1.7182955637613007,-0.7670179295068561,-0.47779077313900187,break
U30,17,-3.386822275444803,1.1651829394520459,-0.6200776015630771,0.17380504293690158,-0.9402703616312913,-0.17792525721347777,break
U30,18,-0.2881829322559788,-0.3678413128545392,0.15049002343845402,-0.6037714686977484,-0.39914535572773713,-0.2910526113938311,break
U30,19,-0.3393963557436837,-0.6695719848901333,0.2028096867830323,0.5389009346121717,-0.26643869859162794,-0.2588904741071179,break
U30,20,-0.802657528197292,0.536913336847291,0.16069359609139663,-0.02417155135146748,1.0706786623557951,1.1625107075432033,break
U30,21,1.9484926527540665,1.5124789636258031,0.8284600659132053,0.33408288056421714,1.34811041134109,1.1492912854284365,break
U30,22,4.642429623457385,1.3955036250016324,-0.9905412428051095,1.0552787619710888,2.203229146928381,1.30581416899265,break
U30,23,3.468542809980376,0.9310220920488251,0.7181300038244718,0.8002195574180899,0.9312992191904438,0.9406470770364824,break
U30,24,3.180654768465873,0.6572855673624195,0.22872024007571257,1.886330779596643,1.149397527599121,0.9181541877844124,break
U30,25,3.9432872749083407,-0.7308829215372461,-1.0344471337183792,2.282710928290034,0.15790437968832774,0.37325285367586336,break
U30,26,2.8959157019668154,0.44134346054144724,-0.7383525076986286,-0.7118274532077652,1.0313828011761896,1.2555164426773155,break
U30,27,3.3719443228418937,-0.416151048545942,1.0293822789579958,1.6561904758108734,0.5658443597733751,0.6290180906127061,break
U30,28,0.09031179424111957,-0.7522461384960222,1.8112898729184768,0.07132600370952613,-0.47194649078831785,-0.2797634560467365,break
