unit,time,y,x_linear,x_nonlinear,x_null,x_common,common_factor,scenario
U01,1,0.32837003423119776,-0.48916832199289184,1.326086245841646,0.8511721492673416,0.15700752995909134,-0.05462298968440417,mixed
U01,2,-0.934073783941963,-1.8362691011417145,-1.201933677916043,0.3766690523861149,-0.6426856730103605,-0.4366168535068683,mixed
U01,3,-1.230376246612776,-0.15859694478589642,-1.363835262898629,1.061137573924075,-2.02656830782395,-1.4229500022092694,mixed
U01,4,-0.011736384847511105,0.6518416031513914,0.47783606804313783,1.2231688975522197,-0.5837277430049471,-0.49770224615293157,mixed
U01,5,1.2283204002014134,0.9392482186493649,1.1810143410604927,-0.5679854222901453,-0.20760041119258038,-0.07884794491080746,mixed
U01,6,2.8399888348700744,0.5289388821741352,0.4794574295736489,-1.2374230246388234,0.5752919147319555,0.12238031910947256,mixed
U01,7,2.1179690616637696,0.46340456202099806,0.458499022827288,-0.8705028706121828,0.7513401227272161,0.797413458422104,mixed
U01,8,-0.26419637109221156,-0.5472946276861139,0.20820019652531024,0.8452149848784666,-0.9466847360421928,-0.5342124077557633,mixed
U01,9,-1.7042992700544288,-1.687732623583079,1.1510276814711322,-0.5296219894889596,-1.2513068186346967,-0.7506849473189903,mixed
U01,10,-2.4555337683336997,-1.9257396614051876,0.47453594743742666,0.23016939326165906,-2.0033938291318982,-1.4087233096132605,mixed
U01,11,-2.0899223858176885,0.09739988510076794,-2.036897519908413,0.49568127597556844,-0.07740366654362127,-0.037078557450776595,mixed
U01,12,1.1222284788992174,0.871409772737847,0.12730698845538244,1.0153400515732312,0.1244470871740748,0.03411356547241953,mixed
U01,13,0.43266303833505226,0.49578334858323625,-0.43972447233315526,1.3714149095996826,0.04434380217347361,-0.05440089668035605,mixed
U01,14,-0.008441384805955915,-1.2514422796225981,-0.7929201459764353,0.38661114749024894,-0.23485870800872324,-0.2876867968020399,mixed
U01,15,-1.298715030517928,0.7759195681604163,0.35135127333018185,-0.2527256862331936,0.30974320560196733,0.35775635719525534,mixed
U01,16,-0.8018678706202977,0.2368228073711728,0.9976535862135416,0.19462557466365366,-0.9766805979803038,-0.7229541663863079,mixed
U01,17,-0.17606747406534845,0.22731737749783093,-0.43862529384893933,0.2718759659411953,0.9548316925207548,0.6015126014559709,mixed
U01,18,-1.6447125383517136,1.1200129941883568,-0.3519706968483878,0.7526329391314401,0.2393479854905845,-0.03758759327158634,mixed
U01,19,-2.5392239292977834,1.3736913930304653,0.0010626099883367657,0.5741758558253509,0.6282009046426873,0.5598136240528283,mixed
U01,20,-1.5307248532782847,0.9687392338877394,-1.1379166707709987,1.805736596544099,-0.5779520843026767,-0.582730181581894,mixed
U01,21,0.406828704449276,0.0008622612923823159,-0.463695432378544,2.5778304018442113,0.8580600638517504,0.5220181286833367,mixed
U01,22,-0.4072350824526073,0.3947236430927784,-1.2930648238772433,1.2318873400573205,1.2087076981326645,0.718791960215085,mixed
U01,23,1.0814435663443867,0.8845586931754654,-0.015125896655355853,1.3499765531310663,0.9517629790488851,0.8392197527611169,mixed
U01,24,1.0699738816631101,1.147544221027621,-0.5986140375576265,2.3369374784087817,1.395883771263802,1.2129976268937894,mixed
U01,25,0.04263902322597324,1.6673748266918267,-0.19141328611310549,-0.30885962786787247,0.6191261859531759,0.6452881371169323,mixed
U01,26,0.34323264652516994,-0.8040314519978252,-1.3438072377938775,-2.5924990690541483,0.2954870498708227,0.5699539810121984,mixed
U01,27,1.4223226445598243,-0.214528743377583,-1.8228459106854644,-0.9675624732077006,0.4810641177774174,0.49521236330254437,mixed
U01,28,3.20997841660039,-0.05639789461299858,-0.4823949202544381,0.6902457106954648,0.7753299700531014,0.6496847940324266,mixed
U02,1,0.2774950174265848,-0.6560426110284474,-1.2645056023214662,0.8312236718477889,-0.23043501316204557,-0.05462298968440417,mixed
U02,2,-1.2872837762695444,-0.3952029326946255,-1.6381768467552962,1.0829522371772327,-0.10983216909325422,-0.4366168535068683,mixed
U02,3,0.550701414650644,-0.5544343076300208,-0.4685681844487669,1.9357595338080889,-1.4629511764767524,-1.4229500022092694,mixed
U02,4,-0.5365628856157291,0.2082954808552235,-0.5711340021941238,1.132162436595781,-0.39680835993232366,-0.49770224615293157,mixed
U02,5,1.9597677071565238,-0.278265297673172,-0.7898703828219588,0.9717099936560978,-0.18338865032476362,-0.07884794491080746,mixed
U02,6,1.2873139141192995,-0.27411991040065753,-0.34085344373361326,-0.6626643631650995,0.032331735051689625,0.12238031910947256,mixed
U02,7,0.5818136849781075,0.11726771461002329,-0.6783331382799486,1.4862684911044333,0.33476141550258753,0.797413458422104,mixed
U02,8,0.0020902343693395484,-0.574627351409321,0.8535937133616214,0.7921834231563574,-0.89624466111628,-0.5342124077557633,mixed
U02,9,0.14511284706883298,-0.5699530691003685,1.224631348651202,0.6113144147140674,-0.5862118346774067,-0.7506849473189903,mixed
U02,10,1.2411890683069673,-0.9105382165924703,1.2669000841199167,-1.9613343565941712,-1.526555434825021,-1.4087233096132605,mixed
U02,11,1.0584963915129841,1.053963423152814,2.2234658862294987,-1.7418124595062945,-0.2685055314334904,-0.037078557450776595,mixed
U02,12,3.9205056108168814,-0.18885615615343004,1.0900304269075065,-0.6936254349955614,-0.5025096471291868,0.03411356547241953,mixed
U02,13,3.917222890695141,-0.373774731826212,0.9702898688446013,-0.23196593767847054,0.2049693360361547,-0.05440089668035605,mixed
U02,14,0.4199406679358495,-1.014779089934601,0.5231384052494975,0.9595897336836539,-0.2500011782235814,-0.2876867968020399,mixed
U02,15,-0.2128681947033538,-0.9632678578795377,0.4438890819251631,-1.6029758517272057,0.7425680913519177,0.35775635719525534,mixed
U02,16,-1.8051725885840242,-0.763377172591708,-0.4700076260725606,0.5616197171886006,-0.30954053672304793,-0.7229541663863079,mixed
U02,17,-0.6967121644153094,-0.07671522312715885,0.39849905431976296,1.1375919007326294,0.8363953478850075,0.6015126014559709,mixed
U02,18,-0.8006635409343437,-0.7011297780650863,0.708522396055694,-2.8849028007742334,-0.26706770791926515,-0.03758759327158634,mixed
U02,19,-0.9865437101541062,-0.8230229195076643,0.8622802348522989,-1.016724517042007,0.4612460148580023,0.5598136240528283,mixed
U02,20,-1.2605140741955088,-0.31395477722533544,1.3780514193611082,0.29461776674361717,-0.44952600811386856,-0.582730181581894,mixed
U02,21,0.15227672414913423,0.2820867494705595,1.6078747487238263,0.811018229603283,-0.14318161275565344,0.5220181286833367,mixed
U02,22,1.906332057436825,-0.3244137079662406,-0.6103381457678998,-0.13365149611545313,0.4378161843651174,0.718791960215085,mixed
U02,23,-0.0069813395261904,0.4065768230497555,-1.2051296126622355,0.5952045483417617,1.2776100714057221,0.8392197527611169,mixed
U02,24,0.13691921423019981,0.8315948437205257,-0.5382960615253352,-0.22685261470056012,1.1120252070369785,1.2129976268937894,mixed
U02,25,1.4656877323123685,1.6579920642972075,0.9220951808695038,0.34124616777382966,1.1634334816058254,0.6452881371169323,mixed
U02,26,1.9852960374419322,1.6083993707296311,0.38891471843357495,1.5737073491127485,0.776104487454641,0.5699539810121984,mixed
U02,27,2.2793558433554932,0.25285742427890895,0.7780784211142873,0.7560851745068837,0.724279768390391,0.49521236330254437,mixed
U02,28,1.2414518731032906,-0.5153699003438835,-0.3467079604191786,-1.6347260384637892,0.1993614234325376,0.6496847940324266,mixed
U03,1,0.0027861741001847795,0.8089607974460105,-0.3809210026858558,0.3015293922604383,0.2302701700623795,-0.05462298968440417,mixed
U03,2,0.6118182344832619,-0.04520100950314286,1.5885357220900522,0.3462182557780848,-0.05070461914441893,-0.4366168535068683,mixed
U03,3,-0.35992791237421307,-0.9293870177821791,0.15442288275330385,1.5000171360884553,-2.0354123522569303,-1.4229500022092694,mixed
U03,4,-1.1815818941130796,1.9667119672836895,0.07519098848816641,-0.20627796908112617,-0.8529117736304651,-0.49770224615293157,mixed
U03,5,-0.34307968468800343,0.4006846253965135,-0.4317208622091165,0.17402542895001355,-0.1534812785355606,-0.07884794491080746,mixed
U03,6,-0.5120974367769167,0.6590530455112116,0.39556437213045087,-0.6824540576976335,0.2376828555904759,0.12238031910947256,mixed
U03,7,0.46875052795786987,2.1652608088320218,-0.4771782390417453,-0.4804552263924112,1.1779869858597267,0.797413458422104,mixed
U03,8,0.02839277456967071,2.21524336052418,0.12499597687222336,1.5203077399389116,-0.7249668464686188,-0.5342124077557633,mixed
U03,9,0.10329630508145392,1.2977542884284594,1.0972881626298523,1.707197261757503,-1.2265540275419728,-0.7506849473189903,mixed
U03,10,-0.980378847318646,-0.8567901914392804,0.3803026325303469,1.6617013166767527,-1.7976508744377881,-1.4087233096132605,mixed
U03,11,-2.454266967792821,-0.03977599955729989,1.5470236137449975,1.0237340218207207,-0.5088523790643878,-0.037078557450776595,mixed
U03,12,-1.351706453857943,1.105967227333576,0.1405686008250214,-1.528496415527684,-0.01847693079857636,0.03411356547241953,mixed
U03,13,-0.8803386330019085,0.6879021526778827,0.2110695102516781,-1.4798024047551164,-0.22793191953339306,-0.05440089668035605,mixed
U03,14,-2.050733287896548,0.1987109220470944,1.0805714128307962,-1.675561074986387,-0.5361245276683235,-0.2876867968020399,mixed
U03,15,0.24079678889300538,0.47412984393355695,1.1297889578555824,-1.3135925914298832,0.8096620073679826,0.35775635719525534,mixed
U03,16,-1.5163797259659515,-0.3382652989460053,0.07224636045590033,-2.0454329669127937,-0.9703067736993973,-0.7229541663863079,mixed
U03,17,-2.4337187113497456,1.0860664238137794,0.5331467236608347,-0.8076009350028179,0.8006460232315247,0.6015126014559709,mixed
U03,18,-2.055163987338627,0.4514599178343617,0.7719183335738351,0.08889593337420332,-0.5721096014992552,-0.03758759327158634,mixed
U03,19,-1.782088371632181,0.597774448127476,0.5594117914156922,0.6661425310555726,0.5181831761335356,0.5598136240528283,mixed
U03,20,-1.822109190078531,-0.6640905029881624,-0.05789633885102681,0.6991824666067861,-1.218969449523142,-0.582730181581894,mixed
U03,21,-1.2666153723574296,-0.2980483034997282,-0.6816699676243974,1.8800526690504942,0.13556245712355353,0.5220181286833367,mixed
U03,22,-1.1245180912414257,1.183256836636826,-0.19300400053043554,0.3561679743381388,0.9106203375892232,0.718791960215085,mixed
U03,23,-0.3236330267168356,1.3545825213368796,-1.1313943582451929,-0.36089775753276077,0.8585035382756535,0.8392197527611169,mixed
U03,24,2.0740479359863584,2.2514617272821935,0.9143579127107436,0.0003338545691786987,1.3606055422706265,1.2129976268937894,mixed
U03,25,1.1870071897164567,1.6709079496168149,0.5120510381427535,-0.8204376162594391,-0.062380893718293695,0.6452881371169323,mixed
U03,26,0.8100025869216507,1.1187674169678132,0.8369627793385571,-1.2091705912891182,0.6232772885614251,0.5699539810121984,mixed
U03,27,2.3361925268589694,1.0092855497045696,-0.2519390748498429,0.7116580075077685,0.06767738612192381,0.49521236330254437,mixed
U03,28,1.1352874609487935,0.0400801966575902,1.0753581322726935,1.0364617743397522,0.44600043504881975,0.6496847940324266,mixed
U04,1,0.8164373694669473,0.14447304664009974,-0.5176141401244138,0.44841492487765094,-0.25650430656971396,-0.05462298968440417,mixed
U04,2,0.043861131630811956,-0.4973887027211165,1.3732105500022034,1.198462542699256,-0.8858777755786857,-0.4366168535068683,mixed
U04,3,1.343105573653755,-0.535374869600021,-1.0172504779047118,-0.5987463360733029,-2.190163060648094,-1.4229500022092694,mixed
U04,4,0.7621168627291134,-2.438310655639077,-0.8384550462507876,0.8268471481287664,-0.6635844665879544,-0.49770224615293157,mixed
U04,5,-2.6228730811470724,-2.101589536458175,-0.8856662759741282,0.4861376704742273,-0.028797843883182586,-0.07884794491080746,mixed
U04,6,-1.5679449007551465,-1.9996368195973968,-1.2238967538876022,0.9025367124510112,-0.3617348088754686,0.12238031910947256,mixed
U04,7,0.2880763485128114,-0.8293755045065552,0.060420983821952656,-0.015873883388086985,0.73448215525611,0.797413458422104,mixed
U04,8,0.5048470625762413,0.14121440112588596,0.5767193004999256,0.1884643570252943,-0.41500519637847577,-0.5342124077557633,mixed
U04,9,0.7636753964093514,-0.4224784265793633,0.3317015018753883,1.2165413431560828,0.00181864765925277,-0.7506849473189903,mixed
U04,10,-0.8097557370338022,0.18979493518735216,-0.955909172570597,-0.00018308123550464517,-1.57901308193555,-1.4087233096132605,mixed
U04,11,0.40820178150727826,-0.5365365832061314,-0.6305092563019399,-0.4397146945701574,0.36062342242266965,-0.037078557450776595,mixed
U04,12,0.6300091978961979,-0.062357735143090925,-0.8922435375387509,0.09054384351488293,0.5795364291432884,0.03411356547241953,mixed
U04,13,0.74777197543752,-1.2229720399222486,-0.18359062731364045,2.031549047218055,0.4972984059530182,-0.05440089668035605,mixed
U04,14,1.2688024545237404,-0.3375322469150555,-0.14136377079001256,0.09342415912915958,0.27432140690627205,-0.2876867968020399,mixed
U04,15,1.466762653675246,-0.15435963563494356,1.030834732171953,0.1831229573946782,0.8547935817063175,0.35775635719525534,mixed
U04,16,-0.6155653582383935,-1.2941826268869805,0.7604651030087257,0.8598053804613979,-0.5841912497200007,-0.7229541663863079,mixed
U04,17,0.9938068180132156,-0.8621088834606865,-0.5202667881044025,-0.44251336607666075,1.284432604616252,0.6015126014559709,mixed
U04,18,0.9194894654867359,-1.302042513351751,-1.6984945541773837,-1.1462800455187276,0.5607437902073712,-0.03758759327158634,mixed
U04,19,2.211602350979535,0.48496326375344007,-0.607284019301175,-0.6203618541055429,0.9128038901460307,0.5598136240528283,mixed
U04,20,0.04969776855881869,0.049001788884707874,-0.7397195981761637,-0.9781218668505005,-0.6228920663801504,-0.582730181581894,mixed
U04,21,0.6992814254373445,1.0135058346972223,0.2547823215406836,-0.7915101193789524,1.129676664328152,0.5220181286833367,mixed
U04,22,2.5067800483230434,0.06703373603722484,-0.25303394495082177,0.087621227244494,0.41245645197311576,0.718791960215085,mixed
U04,23,2.447127750456253,-0.029210069340367743,0.6857504185848007,1.0739378214481583,1.117711390505042,0.8392197527611169,mixed
U04,24,1.0112686151803614,1.533242307643413,0.09915204534222807,1.5864426301188792,1.2716173906787165,1.2129976268937894,mixed
U04,25,1.9745462133021316,-0.6757436616916502,-0.28203808757943555,0.5797213849974673,-0.08318773051108586,0.6452881371169323,mixed
U04,26,0.9128408701055641,0.4464571183278425,-0.7081223630269244,-0.3371918347321322,0.16938590865512665,0.5699539810121984,mixed
U04,27,1.451515118940569,0.22366209576889295,-0.16935032995430402,-0.7565263752759318,0.7062803832865783,0.49521236330254437,mixed
U04,28,0.9473895963021008,0.43596690955295275,0.9398902892198118,0.3831645619301107,0.3555115101446267,0.6496847940324266,mixed
U05,1,-1.0401767179406807,0.01608004898824286,1.3114082099614115,1.0168312578863024,0.2433207872955066,-0.05462298968440417,mixed
U05,2,-2.7813906393502736,-1.3597936905522823,-0.1994890834999353,1.1015225953577392,-0.2076531863568558,-0.4366168535068683,mixed
U05,3,-3.9459462079032006,-0.9425150028297408,-0.05401897276861589,-1.4310620354730346,-1.2005710847226314,-1.4229500022092694,mixed
U05,4,-5.304489340594609,0.8659432080219673,-0.6555369013879152,-1.5341516942257571,-0.7308682857550223,-0.49770224615293157,mixed
U05,5,-3.089310567996384,0.44942411176124125,-0.031031053515812666,-0.7662938394251934,0.15152223637179973,-0.07884794491080746,mixed
U05,6,-1.9066968204811308,-0.9546181891566239,0.3476109991780937,-0.9221135260582666,-0.08552627957146658,0.12238031910947256,mixed
U05,7,-3.1538966746019845,-1.83220873000241,0.33400878356996605,0.6248647323583301,1.1311428543340385,0.797413458422104,mixed
U05,8,-4.185701253000951,0.136747748341274,-1.619544880146633,1.8144000386379007,-0.7918608343531541,-0.5342124077557633,mixed
U05,9,-2.2530792037331295,0.0838055344782953,0.29496121665452296,-0.6527312937890325,-1.2214944854963665,-0.7506849473189903,mixed
U05,10,-0.20656340062701872,-0.35862807768884597,0.15304142398984177,0.11275410433325916,-1.8356665150829508,-1.4087233096132605,mixed
U05,11,-1.993668941224677,-0.665103831676713,0.3604265729630091,0.6789353052070622,-0.16997934693286723,-0.037078557450776595,mixed
U05,12,-2.13995256400584,-0.4103884168144274,0.6289923809794659,1.0211569852925322,0.12665376043389925,0.03411356547241953,mixed
U05,13,-1.4088837407082937,0.3578352490442257,-0.04085780922641729,0.7578484639042671,0.3020534448965924,-0.05440089668035605,mixed
U05,14,-2.892977902679403,-0.41739064394044156,1.01224285718003,2.0396402758098455,0.13644258844566876,-0.2876867968020399,mixed
U05,15,-1.9477032370141603,1.5018567597320573,1.1499267586973057,-0.2453612669531039,0.9976222282085122,0.35775635719525534,mixed
U05,16,0.2451582209498122,0.3430529728027433,-0.25064512059206917,0.025450498058695994,-0.29807849435662503,-0.7229541663863079,mixed
U05,17,-0.6369524426400454,0.5619943208242073,0.6277272566824681,0.37508983686280417,1.707417164092127,0.6015126014559709,mixed
U05,18,-2.130301824046357,-0.6026273855696793,-0.4478731285406563,1.7589588171145396,0.45708368288322143,-0.03758759327158634,mixed
U05,19,-2.754670360130295,0.787470946266908,-0.19018240883300755,0.8138625422144523,0.6026541469753487,0.5598136240528283,mixed
U05,20,-3.1519358265827147,-0.3683011070200396,0.07279597239630756,2.591167628596488,-0.6471599791120721,-0.582730181581894,mixed
U05,21,-1.7538036663280652,-0.5560010574097907,0.5109891177880135,1.8272990406375151,0.12323847344735311,0.5220181286833367,mixed
U05,22,-1.9179903349943406,-0.63592660323045,0.03561895240662488,0.6274515484768683,0.44502996523848243,0.718791960215085,mixed
U05,23,-1.1457309850583601,-1.9893177585691157,-0.21371239459893793,1.511804587701623,0.7189867068324001,0.8392197527611169,mixed
U05,24,-2.6995058400812573,0.06158469708966864,0.09899031571255934,-0.4792565658993023,1.7624589965333957,1.2129976268937894,mixed
U05,25,-3.4716690908903134,-0.029243353850282275,2.1935643715177315,1.7403133630151497,0.5517428155568672,0.6452881371169323,mixed
U05,26,1.6388772580823225,0.8933054936067548,-0.3534935912774827,-1.2356213648141003,1.2084216270272718,0.5699539810121984,mixed
U05,27,-2.00014113998637,0.38818437607085965,-0.1054137967324984,-1.3270155218000794,0.3767225158213987,0.49521236330254437,mixed
U05,28,-0.6860985526381532,1.0202800739570446,-0.13091105772351963,-1.8614570971999553,0.6671829733027969,0.6496847940324266,mixed
U06,1,0.7898337808847607,1.7884244316197426,1.831896504649642,-1.3805512380677352,-0.23116920224113058,-0.05462298968440417,mixed
U06,2,1.284786853259237,-1.0700983441773206,-0.5562669231610265,0.1358730358530551,0.03562847348102849,-0.4366168535068683,mixed
U06,3,-1.471162268863286,-2.2058668174264886,-0.8531178197783871,-0.5774405125856276,-1.4892686556713137,-1.4229500022092694,mixed
U06,4,-2.5658717394754538,-2.7400678341280993,-2.1125196833127093,-0.9749764896815236,0.6422734140964313,-0.49770224615293157,mixed
U06,5,-1.5114452753135224,-1.069331674775945,-1.287271767336094,0.30266909392142155,0.051971572700637014,-0.07884794491080746,mixed
U06,6,-0.325036566668291,-0.8113285659582975,0.13984333145043631,0.1354184255421797,0.4591333912883202,0.12238031910947256,mixed
U06,7,-1.175975526931261,0.4291349360263298,-0.26202004011884944,0.456739647566184,0.9811289232343097,0.797413458422104,mixed
U06,8,0.7549489709083146,-0.37496759645785416,1.3285595708534144,-0.7415000281702282,-1.1297341280449973,-0.5342124077557633,mixed
U06,9,0.43499005135025776,-0.858719857550747,-0.04006500088043047,0.47005148478245645,-0.8571195384437239,-0.7506849473189903,mixed
U06,10,-2.484417412787683,-0.567596889141901,0.11894628692248599,-0.3735648794808553,-0.840316060322907,-1.4087233096132605,mixed
U06,11,-1.315289750202847,0.17823971261566446,0.3894600722876081,1.4572834719217338,0.317737513473816,-0.037078557450776595,mixed
U06,12,-0.9890994834037518,0.15121052843720467,-0.8656398190126684,-0.37869807643865816,0.42034073084666423,0.03411356547241953,mixed
U06,13,-0.31102965392141874,-1.6019695131599954,-0.5588154643061983,-1.0683479993185618,-0.16320919612773635,-0.05440089668035605,mixed
U06,14,-1.1804371373670624,-0.6256507291463448,0.09205673025068706,0.3905733446114099,-0.6666647326270252,-0.2876867968020399,mixed
U06,15,-1.522683304397045,-0.28598808829660755,-0.3843739213863345,-1.4475301809292243,0.8330333078649861,0.35775635719525534,mixed
U06,16,-1.2289255639883836,0.628870369926358,-0.4653890851795541,1.7885131909986338,-0.1700313886527537,-0.7229541663863079,mixed
U06,17,-1.3274851497841067,0.11886618352220202,-0.031614647025466014,-1.0443297754083052,0.5794752210195024,0.6015126014559709,mixed
U06,18,-0.9704364614352827,1.273839101146557,-0.9689462386028277,0.8762906706844844,0.18320166722251352,-0.03758759327158634,mixed
U06,19,1.7128016850811187,1.7574714724382459,0.0391589663370239,-0.2603593263732721,0.7976306371845796,0.5598136240528283,mixed
U06,20,0.4326046245714492,0.37249466322721064,-0.3156625438175463,0.5643520835524563,-0.4825489002642935,-0.582730181581894,mixed
U06,21,1.4430129017285256,1.028728436703405,0.2579565626444198,0.9420003192232468,0.7081709994983256,0.5220181286833367,mixed
U06,22,0.8520173408896556,0.6472240032260849,0.7039225799062405,0.9481936880819741,0.5815159883812353,0.718791960215085,mixed
U06,23,2.767661395127683,0.37071960315216446,1.1090235815721718,0.9540827184844065,0.23485244354176094,0.8392197527611169,mixed
U06,24,2.4727154701155083,0.35368827785395074,0.85185282896766,0.6344775970627139,1.0949598604346087,1.2129976268937894,mixed
U06,25,1.284823674192221,-0.36694950928948805,1.2196889377582707,2.15280589760162,0.4634222370209068,0.6452881371169323,mixed
U06,26,0.9240437728604285,0.21719587729533843,0.7372601009885976,3.3978728536160387,0.3128312157904905,0.5699539810121984,mixed
U06,27,2.06845056263364,-0.5840902553959173,2.817643731014309,0.9137877430451377,0.8223346285734832,0.49521236330254437,mixed
U06,28,6.104743978462641,-0.036777798767285555,0.6912653157487699,-0.6360383226627736,0.44508942243840793,0.6496847940324266,mixed
U07,1,-0.5877203476006501,-0.8626150367844992,-0.7949387859041577,-0.971175182834543,0.4276792830456696,-0.05462298968440417,mixed
U07,2,-2.9769079401345167,-0.47598646946136713,-0.8024325061140354,0.7347445724378127,-0.36310849122291367,-0.4366168535068683,mixed
U07,3,-3.5469587816179398,-0.8884088075380296,-1.508752199276488,0.16141033926163018,-1.12237567874179,-1.4229500022092694,mixed
U07,4,-2.969045737955595,-0.9743452112711279,-0.41973231874521943,-0.8419506357817605,-0.936258651448219,-0.49770224615293157,mixed
U07,5,-3.5933089337421364,0.9059383956877559,0.7653226497659669,-1.892857567115337,0.26565602243133607,-0.07884794491080746,mixed
U07,6,-1.7621644362395763,0.15684567612571415,0.4985297480164275,-0.8412764649403814,0.040858491908856306,0.12238031910947256,mixed
U07,7,-2.0753771734568955,-0.3551194687076068,0.3507467219754125,0.5821948890257165,1.490995615145846,0.797413458422104,mixed
U07,8,-4.7409437690006175,-0.7286405870771647,0.09452184663231172,0.9258092058437728,-0.3427751576752176,-0.5342124077557633,mixed
U07,9,-2.246288511070851,-1.026708345080073,0.39654364721285423,-1.4993155747348303,-0.9180868699274097,-0.7506849473189903,mixed
U07,10,-3.019128485174192,-2.500609384392276,0.11957568953638242,-1.3245300252012417,-1.3033966707088143,-1.4087233096132605,mixed
U07,11,-2.8518377601295226,-1.7330777528895356,-0.22178171720773338,-0.7070784273503342,-0.08033551646756408,-0.037078557450776595,mixed
U07,12,-2.5715543159419223,-1.640041194030147,-0.15337021079506377,-1.2925822705328078,0.4602163962393776,0.03411356547241953,mixed
U07,13,-3.5658624187228174,-0.5503708660859168,-0.20841782710650172,-1.54190963313313,-0.15264335853355315,-0.05440089668035605,mixed
U07,14,-4.299168521253146,-1.092790257838524,-0.12244185954168885,-2.365618332303188,-0.9268941313685276,-0.2876867968020399,mixed
U07,15,-3.8158724636872012,0.759729969538473,-0.23622578500900643,-0.8218788456375207,0.03258385255854296,0.35775635719525534,mixed
U07,16,-1.093271498786404,-1.0480092614887306,0.4725152019196629,-0.5207544289032633,-0.721181478336114,-0.7229541663863079,mixed
U07,17,-2.9172426923322217,-1.1342956648036053,-0.12465356222726104,0.22775969400946658,0.5592632115135592,0.6015126014559709,mixed
U07,18,-2.651595545763817,-1.6750549555532077,-0.164544281544722,0.9967196897158894,-0.029742186674143568,-0.03758759327158634,mixed
U07,19,-3.2519089880692587,-2.1689609505821976,0.5043902313480522,0.9566851092375632,0.5216623140634825,0.5598136240528283,mixed
U07,20,-4.8631628440084915,-0.8628293615909162,0.2728030771248521,1.71635264751035,-0.34836112267785785,-0.582730181581894,mixed
U07,21,-4.010966805127151,0.6764847152256844,0.06467762907116278,0.6741559794205751,0.5597693842646846,0.5220181286833367,mixed
U07,22,-1.5235024050203063,1.5337848516974504,-0.6784509141851545,0.7681212072385994,0.19174808212463557,0.718791960215085,mixed
U07,23,-1.2228124410087586,2.164654366062511,0.6263804341591417,0.0723624473678881,-0.12188312538488921,0.8392197527611169,mixed
U07,24,0.8678833361228074,1.6977313908571363,1.0986209150357285,1.528528800070702,0.6478641896108199,1.2129976268937894,mixed
U07,25,2.2484779453041828,0.712151780419758,-0.2264106730004951,0.3830417384706043,-0.048733036134708474,0.6452881371169323,mixed
U07,26,1.1941901070793417,1.9802345837012651,-0.3224768815552306,0.31486113025313406,0.49573322666243275,0.5699539810121984,mixed
U07,27,2.1986863853960856,1.5498893652368935,0.25375012524736384,0.770753610138364,0.9471185710873107,0.49521236330254437,mixed
U07,28,1.615523210446697,2.110865773232478,-0.7413072358106213,0.7051230833994455,0.8400251917956485,0.6496847940324266,mixed
U08,1,-0.26869789642631725,0.009467797627013372,-1.139836326004647,-0.7002184748501211,-0.2917270799339474,-0.05462298968440417,mixed
U08,2,-1.3042870516915115,-0.39342018928602646,-0.15009646462595974,-0.6972567562299408,-0.38999598256506596,-0.4366168535068683,mixed
U08,3,-1.924036062598281,-0.3655384888985642,-1.310536122556299,-1.1341506442410203,-1.8717189299504464,-1.4229500022092694,mixed
U08,4,-0.78431392711113,-0.23590881819231482,-0.4069190319218313,-2.810131374677651,-0.2519186297813045,-0.49770224615293157,mixed
U08,5,0.3988864811594941,0.17207421043775784,-1.3791599581415412,-1.7410336763396292,-0.48463033214095896,-0.07884794491080746,mixed
U08,6,-0.23468722827447264,-0.4895335277102032,-0.3278503350601137,-0.380925381060108,-0.35791662308618855,0.12238031910947256,mixed
U08,7,0.5052090781437697,1.072549235685243,0.763949571949258,1.2617618742041576,-0.2629810187565077,0.797413458422104,mixed
U08,8,-0.6036138506105586,0.9745725482520325,-0.9972256640734831,1.5750612008628715,-0.8368182587471513,-0.5342124077557633,mixed
U08,9,0.2182091661708826,-0.0623514072501031,-0.5791656034846366,2.1222996434849577,-1.4380064054445891,-0.7506849473189903,mixed
U08,10,-1.1441725961008817,0.49176006570561115,-0.4675247074287101,-0.27675453330362876,-1.5966078509633017,-1.4087233096132605,mixed
U08,11,-1.456223808172136,1.0477548586318952,-0.9683644739317478,-0.534851576727269,0.057412082050298165,-0.037078557450776595,mixed
U08,12,1.43819779018214,0.6756139815621873,0.2561208576000618,-0.08067222076280536,0.6601345965388661,0.03411356547241953,mixed
U08,13,-1.3424689350074615,1.181173999553389,0.4294963430845642,-0.4512237271249688,0.09888353392936336,-0.05440089668035605,mixed
U08,14,-0.0008067215070074463,-0.7218695202949406,0.2887310546925076,-0.521223945804483,0.4593269190400997,-0.2876867968020399,mixed
U08,15,-1.798752427691749,0.26740614763909587,-0.5159925238552707,-0.42686460718283514,0.7331402044799127,0.35775635719525534,mixed
U08,16,-1.9949266421949838,-0.29079243669940086,-1.6708533982392386,-0.239037528660932,-0.5279755111377479,-0.7229541663863079,mixed
U08,17,0.7632783711620894,0.8505455611657462,-0.08754002572236319,-0.10601202414530159,0.4312846893861144,0.6015126014559709,mixed
U08,18,0.41042097584771275,-0.325085627870252,-1.4542024088890955,-0.13812276004535556,-0.31792760845203377,-0.03758759327158634,mixed
U08,19,1.5927315347417847,-1.7070659570555506,-0.19791439427927657,0.6653815285560808,0.5576929500367099,0.5598136240528283,mixed
U08,20,-2.4332856701741385,-1.0520052474523554,-0.7369181243904344,0.322310419450203,-1.397516678392237,-0.582730181581894,mixed
U08,21,-2.286029507767422,0.4018131906475261,-0.43925648840123804,0.8838431589133123,-0.19008219666323056,0.5220181286833367,mixed
U08,22,-2.9841001872218955,-2.703726929471052,1.1785376500263465,-0.6648977043739508,0.4600182195428662,0.718791960215085,mixed
U08,23,-3.512413311522077,-1.6973646145791914,1.389247329130066,-1.7952684512355155,0.7357573247841795,0.8392197527611169,mixed
U08,24,-1.7318566050890394,-1.0835811643881368,1.6370492390518798,-1.5402020000835215,1.0042008675115652,1.2129976268937894,mixed
U08,25,-1.8795553896401762,-0.7110132214802396,-0.4584824103745476,0.615259877824097,0.4271715277439945,0.6452881371169323,mixed
U08,26,-1.0131856680917861,-0.005417675338076591,-0.6932452783200516,1.7443399704147136,0.03449915179019747,0.5699539810121984,mixed
U08,27,0.3881471519460956,-0.07851794742002756,-0.6958907196106378,0.19698335320790994,0.37963625397059286,0.49521236330254437,mixed
U08,28,-0.2662168013387342,1.1895964465731301,1.4693410832894944,-1.2390905801753131,0.5812059814523121,0.6496847940324266,mixed
U09,1,0.7017486030568395,-0.08446307182901336,0.7498031478814462,-1.6830673586350282,-0.3955866910010365,-0.05462298968440417,mixed
U09,2,-1.878122104409582,-0.880857235576817,-0.9479511454497241,-1.4382333610624078,0.031196191668294293,-0.4366168535068683,mixed
U09,3,-5.310370432331089,-2.081358117922646,-1.451608549105135,-2.35209048235102,-0.5498055876265561,-1.4229500022092694,mixed
U09,4,-5.713850343164671,-0.36227743869398676,-0.7838938532246014,0.3017428311846866,-0.03312537107988345,-0.49770224615293157,mixed
U09,5,-4.171947395864719,0.6191912790642565,-0.7916429313289931,0.44050527038446735,-0.6632802225085503,-0.07884794491080746,mixed
U09,6,-2.3889569997038365,2.47686050811868,-0.9889558323381258,2.2593526069809062,0.14062919830090592,0.12238031910947256,mixed
U09,7,-0.5810819793172906,1.9259894025553639,-0.764039813726496,1.6886256437753062,1.006673487799361,0.797413458422104,mixed
U09,8,-1.1210789512757127,-0.37795369996632355,-1.482130495268975,0.11235409153377784,-1.094294285001259,-0.5342124077557633,mixed
U09,9,-0.35193560030190985,1.46565944011933,-1.0359171589023333,0.14861357190026378,-0.6703772226058669,-0.7506849473189903,mixed
U09,10,-1.1288701609362284,0.005878099924404287,0.119811434292728,0.7440435460248659,-1.8067633154973985,-1.4087233096132605,mixed
U09,11,-2.1880240859999676,0.31802115690159327,0.5844661627001941,0.7343624938619886,-0.007534296593397112,-0.037078557450776595,mixed
U09,12,-3.1968030828039375,0.04034663302885638,-0.32571206114970713,-0.11756960173924802,-0.033746561966135014,0.03411356547241953,mixed
U09,13,-2.261665194831968,-1.0845584732227682,0.4329334135499382,0.36569024987639637,-0.4524512431190686,-0.05440089668035605,mixed
U09,14,-2.4825937114899785,-0.21898682744556883,1.4201873428977396,-1.0735242369624491,-0.4915319939361185,-0.2876867968020399,mixed
U09,15,-1.3480613126486678,-1.1833960935459111,1.1232762268256247,0.775240726827723,0.37165439430557423,0.35775635719525534,mixed
U09,16,-4.529969400118056,-1.349790002130678,0.6330449913136411,-0.6837307956793439,-1.4921711828986086,-0.7229541663863079,mixed
U09,17,-1.937224928300217,0.03702883020714172,0.7621335489964988,1.0284619379422932,0.09918088176380191,0.6015126014559709,mixed
U09,18,-3.442878660681953,0.03691945847753204,0.0067730526008770164,-0.5458772558545459,0.09956956462602434,-0.03758759327158634,mixed
U09,19,-2.959705196823433,-0.6292866728363651,1.2534769012403304,0.5739397402699468,1.2202317044657636,0.5598136240528283,mixed
U09,20,-2.095825422062051,-1.7059806429293602,-0.5803287254862507,0.19811331184614325,-0.6155804723761364,-0.582730181581894,mixed
U09,21,-1.7778470089180973,-1.36936561064327,-0.15529984564513938,0.7356166733620457,0.49513957756023264,0.5220181286833367,mixed
U09,22,-1.6409885073617574,-1.086294245015596,0.12399581302161566,0.6457803676286196,1.106428435378601,0.718791960215085,mixed
U09,23,-2.3482096826056345,-0.23728990257581442,1.6896102077962216,0.07551239961701528,1.1902504264520133,0.8392197527611169,mixed
U09,24,-0.7349321542627604,0.4299360060546137,0.6951195115400287,0.04716017861159588,1.222858077640787,1.2129976268937894,mixed
U09,25,-0.07050331343628524,2.8842131426367072,-0.1004965629633841,0.2953288470456575,0.8743987824887933,0.6452881371169323,mixed
U09,26,1.5402904552273315,0.6687319036804963,-0.03909491264734269,1.07613486609932,1.4444636226068432,0.5699539810121984,mixed
U09,27,-0.5663602336171886,-0.31890140174424136,0.3314830178880941,0.6774445494446469,0.4368717144574625,0.49521236330254437,mixed
U09,28,-1.7596788240366208,0.5019334148381115,0.8522099114970187,-0.19893724711417443,0.490253946760095,0.6496847940324266,mixed
U10,1,0.34413003104074863,0.30558096371966753,0.33826196280057746,-1.0485563303418892,0.26268480728051613,-0.05462298968440417,mixed
U10,2,-0.7538037000515911,0.63175716012494,1.1407301622034076,0.7824647678553642,-0.41240148254504494,-0.4366168535068683,mixed
U10,3,-0.7113430626705864,0.3353807695284956,-0.36616089843878386,-0.19913569478792692,-1.3772519003629466,-1.4229500022092694,mixed
U10,4,-0.6671314271478916,0.9500383037040983,-0.6054167307985413,-0.3877663075153215,-0.13046977804860171,-0.49770224615293157,mixed
U10,5,-1.7617840750122977,0.5837912295076224,0.21190598688353487,-0.9105566735959117,-0.16432364496647925,-0.07884794491080746,mixed
U10,6,-1.7550632294457698,0.6748045828735145,-0.04976391438117181,-1.119403896614568,0.0029085110748592047,0.12238031910947256,mixed
U10,7,-1.9560637216640273,0.7473146576264417,-0.4600009618374655,-0.19161274828899894,0.9232038030730213,0.797413458422104,mixed
U10,8,-2.062441149554003,-1.151802345579136,-0.7977100154390095,-0.16499391656991544,-0.33928677652693473,-0.5342124077557633,mixed
U10,9,-2.965099409644616,0.4773629342716483,-0.6978662099933273,-2.1680629383529464,-0.8028118769416058,-0.7506849473189903,mixed
U10,10,-1.5720117947646712,-0.4296662555036358,0.32098167240318487,1.3128444675504654,-1.8392164000867601,-1.4087233096132605,mixed
U10,11,-1.4204168015533516,0.1289717984948725,0.2642257756424301,0.07061081138341901,-0.46256102980161323,-0.037078557450776595,mixed
U10,12,-3.1075126666997246,0.9505726129204106,-0.8063221134361959,0.35064180809506174,0.5250678545135671,0.03411356547241953,mixed
U10,13,-0.8200507327995846,0.30927569076916844,0.9549786751772475,-0.803487793258011,0.6999992856578762,-0.05440089668035605,mixed
U10,14,-1.0683348045707746,0.42692056526852556,1.343104018084837,0.26167740592561356,-0.21789654254941543,-0.2876867968020399,mixed
U10,15,0.3495509409827784,0.15188838974622554,0.5553502708741658,-0.7984852324044596,0.5638376286411415,0.35775635719525534,mixed
U10,16,1.1232984896676754,-0.1267179502882584,-1.7693548642064254,1.0250864208254158,-1.2068315286847857,-0.7229541663863079,mixed
U10,17,2.232203444189357,-0.17580904519329948,1.2682452824246697,0.7504499041736443,0.8549029179179493,0.6015126014559709,mixed
U10,18,-0.8368573898301451,-1.446423270072945,0.5363780833562886,0.6730349519865803,-0.1192514634432726,-0.03758759327158634,mixed
U10,19,-2.972954443954853,0.3457360685868613,1.4801354115323604,1.5647818856254092,0.8384854759686038,0.5598136240528283,mixed
U10,20,0.4967658827904895,-2.2020597796341175,-0.3140095019099587,-0.4976990797181575,-0.08579434753630732,-0.582730181581894,mixed
U10,21,-2.2802957576951557,-0.13457684468174053,-0.28018812746287586,-0.6634836684187153,0.9826029162265457,0.5220181286833367,mixed
U10,22,-1.8023021375563713,0.8439322932829063,-1.375784799245331,-1.0713992516949284,0.5160019883937315,0.718791960215085,mixed
U10,23,0.4166523307658966,-0.05642633410704101,0.3292283493297167,-0.34263172503966804,0.052553456308932045,0.8392197527611169,mixed
U10,24,0.014556256100867158,-0.4606443249820774,0.4340509095079338,0.6249066076117118,1.4894109027166083,1.2129976268937894,mixed
U10,25,-1.1776083425894683,0.884241732662279,0.04329769164469993,1.253696356343304,0.7727059457903865,0.6452881371169323,mixed
U10,26,-1.5675019900557787,0.5680775788633198,-0.7452817660952223,0.8382403914381877,0.9765635723441649,0.5699539810121984,mixed
U10,27,-0.3768607064375911,1.481468407868617,0.17158595531927665,0.7352162932236397,0.7314419539132543,0.49521236330254437,mixed
U10,28,0.5476565298187518,1.0573310200725201,-0.8393995637379553,1.0267431369724167,0.6113649533101233,0.6496847940324266,mixed
U11,1,0.5106543134517476,0.3028092684295921,-0.37134182641644653,2.299185560290037,-0.11509013600903652,-0.05462298968440417,mixed
U11,2,-1.2067247577503049,1.0017340161005468,-1.5100751528032867,0.6066443299562788,-0.7848048111991914,-0.4366168535068683,mixed
U11,3,-1.6488132625422438,-0.05234631283198504,-2.427327767806719,0.21435289805919525,-2.1304943071842404,-1.4229500022092694,mixed
U11,4,0.4203439342212941,-0.27748950441608206,-1.6746494015513567,-0.7395911257753123,-0.5835466921219034,-0.49770224615293157,mixed
U11,5,1.609738116341276,-0.8108083142118648,-1.4931474491299037,-0.8219992008501305,0.15543804023372337,-0.07884794491080746,mixed
U11,6,1.64718974333256,-0.6856226179520324,-2.181864302119022,0.7424409255449518,-0.12126904373386901,0.12238031910947256,mixed
U11,7,3.033720936916814,-0.2932734253547555,-0.22575828261208342,-0.015016794707519099,0.8204177185950696,0.797413458422104,mixed
U11,8,-0.05654389250348846,-1.2228309824857722,-0.3393373493256065,-1.0043399653444522,-0.22906511797313456,-0.5342124077557633,mixed
U11,9,-2.379456460685596,-0.7162450492112966,-0.3444245828490361,-0.5117672759433771,-1.1986438441485316,-0.7506849473189903,mixed
U11,10,-4.135330950514648,-0.5262342295265506,-1.2633408752671174,-0.2668052418345314,-1.7414689018916907,-1.4087233096132605,mixed
U11,11,-2.9942483012800194,-1.283471569642777,0.32296265883504627,-0.5888378941616689,-0.4795098063283058,-0.037078557450776595,mixed
U11,12,-2.6783529905729955,1.2602093195566668,-1.764411925902017,-0.7209224164516396,0.1518753345442862,0.03411356547241953,mixed
U11,13,-0.6382436843031571,0.35050574612824525,-0.9482235875856792,-0.6141670354784747,0.08652896714808006,-0.05440089668035605,mixed
U11,14,-2.1695289896894074,-1.515625314399928,-1.5988404257939959,0.029981261128116277,-0.3221086451427799,-0.2876867968020399,mixed
U11,15,-1.1793562538200848,-0.3010639148049029,-1.8979888700821252,1.2780942976646585,-0.01897302597122591,0.35775635719525534,mixed
U11,16,-0.4222310121376657,-1.2226200871648942,-0.516185935487924,0.3525284884271597,-0.5761856017043837,-0.7229541663863079,mixed
U11,17,-1.6404089396453168,1.5385280217827328,0.8582482419328338,1.3926394755368936,0.45963176634788844,0.6015126014559709,mixed
U11,18,-0.11360006528653477,0.5763133572334438,-1.371244652831491,3.2538152137266234,-0.1600344914266026,-0.03758759327158634,mixed
U11,19,0.5515994024232239,1.2106832446731228,-0.8934336227506963,1.1667740844003287,0.8942461495945215,0.5598136240528283,mixed
U11,20,-0.5426492513593166,1.3753422382049403,-1.307011822635988,-0.002138115101885052,0.02713941566694722,-0.582730181581894,mixed
U11,21,1.405992924745191,0.5225359482612779,0.7804249155624108,-0.755062865069739,0.9853733047512762,0.5220181286833367,mixed
U11,22,1.560913306923502,0.7227450784043964,2.356110555340282,0.556278859998202,0.7650453781605266,0.718791960215085,mixed
U11,23,4.618176214126376,0.5468149484755197,0.9562716815427704,-0.028465273691991005,1.3221570126155082,0.8392197527611169,mixed
U11,24,3.16179500428414,2.3410650668385777,1.5497667688739103,0.23961544231172982,1.2722931097359964,1.2129976268937894,mixed
U11,25,3.2071032651724236,-1.3952099859568794,0.6482416524550983,-0.40840460789548777,0.7199031305377716,0.6452881371169323,mixed
U11,26,0.8573959872635384,-1.4951096059764166,0.04774933798703654,-0.1892388099228104,1.0161175444818316,0.5699539810121984,mixed
U11,27,-0.5598683213418343,0.34238302534900644,0.10079919753713498,0.46537363819681965,0.5787537834168985,0.49521236330254437,mixed
U11,28,-1.8912221885666547,1.2048349616964005,0.12853222561635527,-0.32308341304270016,0.8591369821950297,0.6496847940324266,mixed
U12,1,1.7824543601862228,-0.5074348751000772,-0.29417470679244445,0.4895985671661881,-0.2788203111297833,-0.05462298968440417,mixed
U12,2,-2.6998654821143693,1.184941634943223,-1.5093946787232342,-0.9275584286292499,-0.6009118316969775,-0.4366168535068683,mixed
U12,3,-0.41329479478505815,0.35794418622263086,-0.10926633699363536,-2.0323423428610328,-1.7727119914242828,-1.4229500022092694,mixed
U12,4,-0.5847130302711505,-1.3301186334922983,0.0580119220332487,-2.885406217995049,-0.5847237928939979,-0.49770224615293157,mixed
U12,5,-1.630815044962275,-0.5096772738853725,-0.8999340483178052,-2.032515415691819,-0.28572526280730026,-0.07884794491080746,mixed
U12,6,-0.03301169809342214,-0.9769644701675758,1.2158980380140498,-0.4663979820141666,-0.5165326280641742,0.12238031910947256,mixed
U12,7,1.2998026477697626,-1.9649968273295435,1.1783073306588532,-0.10994728133691956,1.0795616684544722,0.797413458422104,mixed
U12,8,-1.1872460770921354,-0.5979607024206524,1.8112422688809515,-0.3283919689908719,-0.2320451993575453,-0.5342124077557633,mixed
U12,9,0.334124222771674,-0.0191031852351998,0.23264878787055165,-0.6380178735212447,-0.307317046145524,-0.7506849473189903,mixed
U12,10,-1.3916269681510522,0.48141116860763167,-0.5269907419463923,-0.7485931909995504,-1.7428345658008182,-1.4087233096132605,mixed
U12,11,-1.3596789980434787,2.4457103704494285,-0.14853411310484319,-1.123337057918802,-0.2996100802464143,-0.037078557450776595,mixed
U12,12,1.8777872755164235,1.5736558642901668,-0.285632939346099,-0.2959615328930113,0.3675672541557279,0.03411356547241953,mixed
U12,13,2.2031537989508303,0.1919076749343113,-0.36554307144120546,-1.1629440283173262,0.12373537949346475,-0.05440089668035605,mixed
U12,14,0.7830864152237647,0.896066739908807,0.013161796261168035,-1.3555129104818704,-0.5071652924332888,-0.2876867968020399,mixed
U12,15,1.6705200666425297,1.946015608024115,0.7023212830471646,-2.6043414235997684,0.24083393431363032,0.35775635719525534,mixed
U12,16,1.9301527752995162,-0.7883955057086506,0.4095973054123311,-2.1064154039788052,-1.5245296480608936,-0.7229541663863079,mixed
U12,17,-0.7946739288931188,-0.7511736227710395,-0.11008428195804892,-0.6447537568023282,0.23465391108713524,0.6015126014559709,mixed
U12,18,-1.5565601591876983,-0.6135904992271277,1.632701145856057,0.5587310699548403,0.36467213131211956,-0.03758759327158634,mixed
U12,19,1.0599430917820827,0.5381448704233204,-0.23173064389657702,-0.9749997394419887,1.150665779704588,0.5598136240528283,mixed
U12,20,-0.32368248323379334,-0.2612482357981173,0.709462161197485,-1.5221989716999018,-0.4840365477319184,-0.582730181581894,mixed
U12,21,-1.9993104202819894,0.22596854927977772,0.8276063876565651,-1.1924199161850928,0.6622664362088491,0.5220181286833367,mixed
U12,22,-0.4230902235876662,0.8223620021932517,1.583702018703553,-1.1896799289829785,0.38331541036440125,0.718791960215085,mixed
U12,23,2.906123462979572,1.272354010470226,2.126615320069414,1.3055828293489826,1.0971853827819638,0.8392197527611169,mixed
U12,24,4.471456545894453,1.228446968241438,1.1553844064980565,0.5723892952430842,1.3081420383399711,1.2129976268937894,mixed
U12,25,3.0334003425237475,-0.7859806182066309,-1.332774171381525,-0.10756326731561827,1.5272739717475172,0.6452881371169323,mixed
U12,26,3.454898633328881,-1.1741737581496687,-0.03301909551545876,-0.7064657438916901,0.9607071190882841,0.5699539810121984,mixed
U12,27,0.3589607336277756,-0.3984350129684857,-0.014263261176058056,-0.3854938578159096,0.6775051418249047,0.49521236330254437,mixed
U12,28,-0.3018161192359944,0.12170555234967796,0.6222299972184324,-0.6237802435616101,0.635674359141308,0.6496847940324266,mixed
U13,1,0.1823515836059822,-0.21179541249276185,0.6495407070945255,0.3813411129245186,-0.023098844121841988,-0.05462298968440417,mixed
U13,2,0.19316884752377234,-0.3403221651173902,1.8434108960357545,0.04083910618245237,-0.41524731059316977,-0.4366168535068683,mixed
U13,3,1.7235723639004545,-1.4922484877060647,-0.6331499057108237,-1.3723301355352089,-1.2149462718871047,-1.4229500022092694,mixed
U13,4,-0.7240586044293046,-0.9856580235447282,-0.004035318938442667,0.10305711178518218,-1.1872556827590024,-0.49770224615293157,mixed
U13,5,-1.094780006409964,-0.5813540389694714,-0.6929990829217019,0.10734003441869813,-0.3692255595371012,-0.07884794491080746,mixed
U13,6,-1.2544458532432319,-0.21064982456487877,-0.2653493516520047,1.6576388260364177,-0.4156005454401175,0.12238031910947256,mixed
U13,7,0.9921164363311927,-1.1233301033573846,0.08427022443737914,1.0414950639975338,0.547059834359555,0.797413458422104,mixed
U13,8,-1.0869866880716066,-0.4656029103545744,0.6762900282593489,-0.3076465853016355,-0.22254234434915127,-0.5342124077557633,mixed
U13,9,-1.2880935491331058,-4.015747366051963,-2.459867536606042,-1.226544040944825,-0.5716422758239066,-0.7506849473189903,mixed
U13,10,0.31966395631923317,-2.191065302332687,-1.250477421987068,-1.838380950792534,-1.402885043052228,-1.4087233096132605,mixed
U13,11,-0.8705008583876714,-1.6388642714096715,-1.7922289860164586,-1.2383925162719038,-0.3977649428214343,-0.037078557450776595,mixed
U13,12,1.301004927673085,-1.4990590753568187,-0.44059165808219547,-0.5922343628266774,-0.0358244323048673,0.03411356547241953,mixed
U13,13,-1.2224220919676292,-0.9211048141628473,-0.8898813704922003,-1.3873112903192206,-0.08834107911764075,-0.05440089668035605,mixed
U13,14,-1.2008348397960835,-1.066754029806267,-0.28205655075462227,-0.8674097528856075,-0.4362526716640786,-0.2876867968020399,mixed
U13,15,-1.8642771712117625,-0.8421228593168271,-0.6775058101593855,-0.4328592396870361,0.2836462077605018,0.35775635719525534,mixed
U13,16,-2.6440129441926636,-2.6978265323639383,-0.36577674175744196,-0.8209467337050514,-1.0930511134359873,-0.7229541663863079,mixed
U13,17,-2.184418689296202,-0.9538713275563991,-0.9592667092355276,0.06510694779469839,0.12207981647581634,0.6015126014559709,mixed
U13,18,-1.4443644579086627,-0.27285693332957045,-0.32374565420297685,-0.49058876566700527,-0.7813625631587049,-0.03758759327158634,mixed
U13,19,-0.31566301794898377,-0.4612725325562091,-0.08286641680105525,-1.020127905258582,0.5127778981293973,0.5598136240528283,mixed
U13,20,-2.687542688874668,-0.44429470709848295,0.766713626944772,0.0025098368988966113,0.05835402919621946,-0.582730181581894,mixed
U13,21,0.2873271276558459,0.2037046947762978,1.2975168212413657,-0.5555455052611935,0.7219274660737487,0.5220181286833367,mixed
U13,22,1.2843248914938101,5.193525206628746e-06,1.3494283308982824,-0.5119593711625232,1.1051370593061165,0.718791960215085,mixed
U13,23,1.1975916687894221,1.2563697993811116,1.0091244324149484,-0.09120048639705342,0.8165297016435824,0.8392197527611169,mixed
U13,24,4.387862835861723,0.573805241751112,0.40788721275705075,0.02545898780603456,1.176555638612935,1.2129976268937894,mixed
U13,25,1.8528913951196944,0.34586673953945424,-0.18788971893212136,0.31690659040100494,0.3840058600252717,0.6452881371169323,mixed
U13,26,-0.47420557991250734,2.789576643370975,-0.19914388177226108,2.584255400140321,0.5952683956417464,0.5699539810121984,mixed
U13,27,2.823294369454801,0.8337328705110091,-1.032836994393627,0.4981077049649667,0.6211961495972456,0.49521236330254437,mixed
U13,28,3.7564673647257187,-0.004341344706171341,-2.2903550402037025,0.20094531266506466,0.4994361821248847,0.6496847940324266,mixed
U14,1,-0.06705930385378411,-0.14685050676284578,-0.7541851053078583,-0.4801763225585426,-0.03401556865847466,-0.05462298968440417,mixed
U14,2,-1.319085197391777,-1.6236806506781758,-0.1773967499416737,0.23269625969295976,-0.13347073965661793,-0.4366168535068683,mixed
U14,3,-3.332107469110355,-2.594380161391106,0.3578106616267325,1.0653732349081322,-1.6031826712869497,-1.4229500022092694,mixed
U14,4,-6.380561046813961,-0.8221075066064424,0.7144265432760203,-1.162406302426786,-0.5537930542438197,-0.49770224615293157,mixed
U14,5,-3.7495407285071267,0.10266805006214987,0.2829480579235605,-0.5591861055118655,-0.4097520719383118,-0.07884794491080746,mixed
U14,6,-3.7347800499030623,-0.4729226799162157,0.47230292787747535,-0.12584221140123975,-0.41549809879258626,0.12238031910947256,mixed
U14,7,-2.071309954633081,-1.2845485795617162,0.795294051535889,-1.1897507586066223,0.7158638877443599,0.797413458422104,mixed
U14,8,-2.820758353339499,-1.7439978052866119,0.4421963756711416,-1.1019863493887039,-0.8834014309792151,-0.5342124077557633,mixed
U14,9,-3.540946114303657,-1.2498784998608035,-0.20223990502272315,-0.7544537513155528,-1.2514375068037713,-0.7506849473189903,mixed
U14,10,-5.564482970395589,0.32682036690897587,-0.0008956858355854691,-0.508903117691839,-1.8876870621551456,-1.4087233096132605,mixed
U14,11,-4.095981048520017,-0.04843106425502135,0.3157285713323137,-0.2196266578175182,-0.2079116884867919,-0.037078557450776595,mixed
U14,12,-3.388956817697454,0.10939746528983593,-1.093918665665994,0.5032823718699249,0.08359494291277919,0.03411356547241953,mixed
U14,13,-3.065390301311192,-0.14387266529160136,-0.7004664506447349,1.5106066181240922,0.5034728007814981,-0.05440089668035605,mixed
U14,14,-3.1928638260639715,-0.8700002814828117,1.1032640891530765,0.7037106489138975,-0.7519793630857672,-0.2876867968020399,mixed
U14,15,-3.491995882677301,-0.41210370894077986,0.5303054020258587,-0.45846646395078605,0.26939540145796714,0.35775635719525534,mixed
U14,16,-3.794067048386794,-1.753925618001186,-0.8233425910361403,-0.49347447524993215,-0.3720742091886781,-0.7229541663863079,mixed
U14,17,-4.436043181163202,-0.9159040567286827,0.666101209195067,-1.569682137656755,0.807031194456131,0.6015126014559709,mixed
U14,18,-3.818079105781618,-0.7909213928522305,0.5520656350296771,-1.3439808188043163,0.06412981028673481,-0.03758759327158634,mixed
U14,19,-5.485308893845776,0.6712159326302765,-0.7857182471865417,-0.4445344531758869,0.2601657914768447,0.5598136240528283,mixed
U14,20,-4.747824367329738,0.8277456141549736,-1.3991965312205539,-0.6865908149966167,-0.4739825216434339,-0.582730181581894,mixed
U14,21,-0.7847029390523628,1.2368875308247256,-2.1671435370999887,-0.6712045784442977,0.25640997754727574,0.5220181286833367,mixed
U14,22,3.391365597347626,0.3670150539423733,-1.785503193834889,-1.5088371730224253,0.36768483023418014,0.718791960215085,mixed
U14,23,2.466891800258632,-0.3791064030075384,-1.5195913240065422,-1.8207577752437365,0.8123185560763756,0.8392197527611169,mixed
U14,24,1.9295284638513457,1.0982495336752474,1.4022042469895273,-1.7786768773133257,1.154141543319813,1.2129976268937894,mixed
U14,25,2.441531578545317,-1.329930941542625,0.4193717097427948,0.19119938803672942,1.0028549018725004,0.6452881371169323,mixed
U14,26,0.21430841353214425,0.6771041085057137,-1.4110791636168116,0.9314717093628487,0.5812831158472211,0.5699539810121984,mixed
U14,27,-1.6955138375617735,0.17422356843851816,-0.3389547568129778,0.7894742051998611,-0.015679919026813205,0.49521236330254437,mixed
U14,28,-0.8682869445757925,-0.8518403699834662,-0.08255989913789694,-0.557407449590368,1.0345809551106204,0.6496847940324266,mixed
U15,1,0.06936776870407746,0.05264412672826456,-0.6150200573534452,-1.6527632347582077,-0.06408379286418409,-0.05462298968440417,mixed
U15,2,-1.7794784409984916,-0.3505996720147569,-0.8714014015145286,-0.6444176259993184,-0.6425337852065796,-0.4366168535068683,mixed
U15,3,0.057736481862473266,-0.10561300425809753,-0.13862121967968632,-0.9481162153851669,-0.9766542498918575,-1.4229500022092694,mixed
U15,4,-0.40615965017890754,-0.6676789750470462,1.681685363498576,-1.7848758712358295,-0.3762022181551742,-0.49770224615293157,mixed
U15,5,0.7809626853757203,-0.3319625039915165,1.2505069642573865,-0.24084573271108733,-0.5227265747329624,-0.07884794491080746,mixed
U15,6,0.15915798677857573,0.013431871787367022,0.15576527999697942,-0.4328861833062658,0.45021773806006227,0.12238031910947256,mixed
U15,7,-0.6479352270090264,1.468834834946706,0.7150342577071064,0.8534016228467121,0.7517721808910296,0.797413458422104,mixed
U15,8,-1.235029494138371,1.163502877433666,0.8794407428019875,1.3111191270949996,0.048956018245713495,-0.5342124077557633,mixed
U15,9,-0.3720834922469779,1.588906926145428,0.47675781464055506,1.5540500273768398,-0.760134443762913,-0.7506849473189903,mixed
U15,10,-0.34305951186998385,0.4112784113048612,1.09867278843752,-0.023889115563220598,-1.371153561137135,-1.4087233096132605,mixed
U15,11,0.8230801073703139,0.06828324353231935,0.3230820675284404,0.5368672168916154,-0.3186288597179381,-0.037078557450776595,mixed
U15,12,-0.2950674807568771,1.483062010434193,0.6031329093927236,0.30621013524647267,-0.13752352223654313,0.03411356547241953,mixed
U15,13,-1.2426762167727734,0.9259048498416578,1.4382151370741802,-1.04412940822209,-0.46741345932381084,-0.05440089668035605,mixed
U15,14,1.7531419126604653,0.7167837342295308,-0.31137415803903923,-1.7038186235005641,-1.0923705903589784,-0.2876867968020399,mixed
U15,15,0.466004254618977,0.18558582222955328,0.1452949933350462,-1.5052074520163705,-0.2437798997120908,0.35775635719525534,mixed
U15,16,-1.4026205178321338,0.0026331030702575753,0.8805766082065702,-0.24603554213995982,-0.9650575655261511,-0.7229541663863079,mixed
U15,17,0.706047279013458,-1.9010755889106026,0.3333597190375953,1.0096229802147798,0.18040890717464125,0.6015126014559709,mixed
U15,18,-1.976183755052074,-1.8387538655396685,-0.27197974147672177,0.6633741058225577,-0.07923830498205098,-0.03758759327158634,mixed
U15,19,-1.7784532887629594,-1.3239682320080526,1.4475001888344519,-0.09964377474039787,0.4374249353686113,0.5598136240528283,mixed
U15,20,-1.677795152803611,-0.5966920983642955,1.909664627610761,-0.5398057121519594,-0.5682512272259908,-0.582730181581894,mixed
U15,21,0.1695146209949499,0.1647925277939873,0.5577734612364801,0.27845588018890355,0.3936844625456827,0.5220181286833367,mixed
U15,22,1.156540269363017,-1.0261691934913086,0.7906676479512422,-0.8698389732901026,0.2797776546619313,0.718791960215085,mixed
U15,23,-1.343160835367338,0.23892957462998443,-0.044458338094972294,1.8535051239608569,1.0365170612283412,0.8392197527611169,mixed
U15,24,-1.901138920932914,-0.463953858039882,0.14408935851483937,0.982019833864056,1.037560911420433,1.2129976268937894,mixed
U15,25,-1.6775713603873281,-0.9227345894700573,0.4820004439422186,0.03956083441342989,0.850249200444907,0.6452881371169323,mixed
U15,26,-2.5092879637758148,-0.39672363899738095,0.5991147160618093,0.0172745409534222,0.38489851806722153,0.5699539810121984,mixed
U15,27,-1.4927421778587449,-0.2727671764159855,2.1485604792116613,0.7680021410391381,0.4955190524619107,0.49521236330254437,mixed
U15,28,1.6627978658728544,-1.4093473576802342,0.8771210862791629,-0.8178344416229555,-0.05245560201009758,0.6496847940324266,mixed
U16,1,-0.9133201580792126,0.6597648347111614,0.9968051017892575,-0.17277674517963207,0.6398497988693712,-0.05462298968440417,mixed
U16,2,0.7736499829473875,0.8855569713389858,0.44938822607998474,-0.7504241900132702,-0.5148663571188781,-0.4366168535068683,mixed
U16,3,0.37311641926261696,-0.7621753520221468,-0.5497560814195355,-0.5980038274715547,-1.0622879949057031,-1.4229500022092694,mixed
U16,4,-3.2212397650544244,-1.1185957191340439,-0.13728483818422016,-0.34430958595872296,-0.9157235084362613,-0.49770224615293157,mixed
U16,5,-4.193477553734407,-0.4478030441317581,0.595055377437429,1.0587774575057147,-0.09333218485123151,-0.07884794491080746,mixed
U16,6,-2.65716397746727,1.2739440896018557,0.9806417874584201,0.18608711643912124,0.36471993711712786,0.12238031910947256,mixed
U16,7,1.0361303757369205,-1.4604110583497842,1.5707269961618078,0.4602918803985929,0.9756644390033429,0.797413458422104,mixed
U16,8,0.10926174763082158,-2.179096607148356,-0.6278745990019549,-0.010076928369185001,-0.1363480940336823,-0.5342124077557633,mixed
U16,9,-2.073137780827949,-2.844380863327806,-1.2145984046386016,1.3692579304625137,-0.06533318490946982,-0.7506849473189903,mixed
U16,10,-3.838908789413231,-3.2710128243041035,-1.3918382279212036,0.1724288740139941,-1.146356571257241,-1.4087233096132605,mixed
U16,11,-3.46632806167281,-1.0082407567662366,-0.05228164809677982,-1.6141846673014681,0.5066305611987845,-0.037078557450776595,mixed
U16,12,-4.3300079612272295,-0.33489642642221573,-0.047053610890534454,-0.5927554722176755,-0.14462375253491364,0.03411356547241953,mixed
U16,13,-5.628852342945101,1.3336160243903141,0.07267203685351631,-0.13650072985366724,-0.5792139061516204,-0.05440089668035605,mixed
U16,14,-1.3190772486721398,0.0661399144477618,1.6999496871571909,0.6799756134506632,-0.01958870038214905,-0.2876867968020399,mixed
U16,15,0.24976207599342748,-0.20687890896060418,0.5147577227052397,2.3964389698867192,0.4349492996313178,0.35775635719525534,mixed
U16,16,-2.2340526354920476,-1.5317700976393045,-1.0789828307495988,-0.17550001875363752,-0.9364228020893373,-0.7229541663863079,mixed
U16,17,-2.776799844797744,-1.4955610246777393,0.5528935803165618,-0.3334357748946877,0.8497017273279844,0.6015126014559709,mixed
U16,18,-3.5027509170843123,1.0669128781755564,0.2138825603882784,-1.4475140713311225,0.033365439629875385,-0.03758759327158634,mixed
U16,19,-1.1192235964383168,1.3597607597842551,-0.5097685513735873,-0.032216288101558854,-0.45587769042730697,0.5598136240528283,mixed
U16,20,-0.42997668992169735,0.6351732643849562,-1.0326573672279677,-1.2811741702277613,-1.1345114931276787,-0.582730181581894,mixed
U16,21,1.4474940006018469,1.0843168777079109,-0.07476761717778294,2.3411446218867122,0.3944335337698587,0.5220181286833367,mixed
U16,22,-1.355351075946304,0.3714697902642077,1.2926896231195102,4.137501974614229,0.8729548567671641,0.718791960215085,mixed
U16,23,1.0808691886576867,-0.15688381991610736,0.4315184305351569,2.6095819505253504,0.6326785282232095,0.8392197527611169,mixed
U16,24,1.2037810775295414,0.9974511759120533,1.75450562674411,1.1867577091498087,1.3908061295725387,1.2129976268937894,mixed
U16,25,2.8068402171474585,0.6354694956174775,-1.320594299342425,0.7801128766948513,0.8834505529473174,0.6452881371169323,mixed
U16,26,1.6904673952486253,0.8815770608211043,0.41998697601431967,-0.26967265531504997,0.5644871735210992,0.5699539810121984,mixed
U16,27,0.739543036149822,2.5195176123841883,-0.27160322879762266,2.1459593846445357,0.15372306575338462,0.49521236330254437,mixed
U16,28,1.1422176282731666,2.856986109266217,-1.206457782128624,0.730484365086562,0.609311746395004,0.6496847940324266,mixed
U17,1,-0.17156017787297007,-0.8641640635172714,0.9476697034992458,0.5036552797969386,0.8119054348702005,-0.05462298968440417,mixed
U17,2,-0.01883286402963691,-1.9341952177940323,-0.4482470888256548,1.5154545138558806,0.1396172587536748,-0.4366168535068683,mixed
U17,3,-2.847408324668938,-1.6368370307333207,-0.3123339755618646,0.4823927456245171,-1.9131418187140607,-1.4229500022092694,mixed
U17,4,-4.717406731540529,0.1001725595325087,-0.8359568263909968,0.8868086667327454,-0.7334767724212808,-0.49770224615293157,mixed
U17,5,-2.5316476939875416,0.9547844599713116,-0.8340699925918382,-0.31095550893010837,-0.7982160231332913,-0.07884794491080746,mixed
U17,6,-0.7611552240059921,0.8473306369084099,-2.4247747562528614,-0.10124097582175469,-0.37267445918393904,0.12238031910947256,mixed
U17,7,4.804525939871304,1.2282276589851657,-0.41526820227468375,1.9637640137228214,0.44583318346797,0.797413458422104,mixed
U17,8,3.2885995172801894,-0.07204004071290042,-0.07160440163020909,0.00612122003064941,-0.812541388477643,-0.5342124077557633,mixed
U17,9,0.28711916136806603,0.21445198165379617,0.13108111379803083,-0.26269173249782124,-0.7932566419783368,-0.7506849473189903,mixed
U17,10,-0.5524616437495917,-0.8121808134227693,-0.8099990479695147,-1.5918511181243322,-1.3785887921142341,-1.4087233096132605,mixed
U17,11,-1.3396992551509692,0.5970151189604648,-0.6629149803342147,0.7814963698313933,-0.34307720611667913,-0.037078557450776595,mixed
U17,12,0.5394081747647942,-0.48525241334357105,0.2851517688567006,1.611594782103326,0.02456037164769065,0.03411356547241953,mixed
U17,13,-0.024018353247879543,0.2104402183723458,0.4334505061324878,1.2685148001499225,0.3006141063697244,-0.05440089668035605,mixed
U17,14,-1.3838929873684074,0.6273898183239204,-0.007214879155775858,-0.16993636159654324,-0.6257906668248021,-0.2876867968020399,mixed
U17,15,-1.4598345033586357,-0.1604721318453875,1.009263568567034,1.164964202884811,0.76529967957597,0.35775635719525534,mixed
U17,16,0.29590565480663533,-0.3623587057566997,-0.712029051671782,-0.6315089486571095,-0.7193293614280156,-0.7229541663863079,mixed
U17,17,-0.5320493351377559,-0.9856243681745729,1.0140712291582339,-1.4396461228302702,0.5285300533109707,0.6015126014559709,mixed
U17,18,1.0768037203808385,0.04690490871149731,0.1033598801269544,0.5757729837646369,-0.3089133631567747,-0.03758759327158634,mixed
U17,19,-0.09487879708420055,-0.2843655712961839,-0.1480751139300527,0.08818024116747417,0.4404101522693513,0.5598136240528283,mixed
U17,20,-0.6427209602318376,-0.5935319791055269,-1.94243921945393,0.06455546178112863,-0.8464370377635693,-0.582730181581894,mixed
U17,21,3.124297121974803,1.2192138660362004,-0.23026450645167285,-0.294518566651908,-0.03970282776510181,0.5220181286833367,mixed
U17,22,3.9550081879356176,-0.5750974501047172,0.9616064148682504,0.8733662153199928,0.8643036872243454,0.718791960215085,mixed
U17,23,2.8587257976283196,0.3586496507420247,1.3553898002538802,0.2906789655417763,0.9973713617821894,0.8392197527611169,mixed
U17,24,2.738543968036111,-0.18203677302842688,0.8248375688788376,0.3019326209157419,1.0639336548860447,1.2129976268937894,mixed
U17,25,2.1041108277169487,-1.1494208443794685,0.9315616579291249,0.5670400367164622,0.47516976974162917,0.6452881371169323,mixed
U17,26,0.22248438250218383,1.2178370307556632,1.907955067256968,1.4992112957268382,-0.0703649020633883,0.5699539810121984,mixed
U17,27,4.007452024287958,-0.025806113930159774,1.556862611118195,0.16314215297554568,0.7537107726060601,0.49521236330254437,mixed
U17,28,3.3641854620231353,-2.0921492529104424,0.7331028690572389,-0.4529428652085304,0.482005208656619,0.6496847940324266,mixed
U18,1,0.8949686736799175,-1.7723918396413054,0.3104087196091361,-0.3517800571356709,0.08256254160462333,-0.05462298968440417,mixed
U18,2,-1.4711369797527047,-0.6344590744437528,-0.7273419555802805,0.1451465641235002,-0.6428820931869318,-0.4366168535068683,mixed
U18,3,-1.1875732085362125,-2.2039667498500437,-1.4210774011927712,-0.6941857508056294,-1.0944446194489723,-1.4229500022092694,mixed
U18,4,-2.332543672314575,-0.7278590714213872,-1.0559657544046686,-2.4672033810386123,-0.1454582722218028,-0.49770224615293157,mixed
U18,5,-0.1163582804656561,1.916134466929094,-0.013341464483176073,-1.5118537415626148,-0.033940927468826855,-0.07884794491080746,mixed
U18,6,2.563371328927468,0.7606094700252302,-0.5169977300975799,-0.008503048495500543,-0.501862522172837,0.12238031910947256,mixed
U18,7,1.3951395679899217,1.3708775555578947,-0.3065958305522183,-1.3027260869288833,1.0572442923253467,0.797413458422104,mixed
U18,8,1.388409497586857,0.9798546925774099,-2.044323792294475,-0.7505362079001334,-0.8526735687117911,-0.5342124077557633,mixed
U18,9,2.911111498972453,-0.017600709902022747,-0.0637153264398857,-0.639740962380314,-0.1810943216804849,-0.7506849473189903,mixed
U18,10,2.7375794375947455,1.036603457346104,-0.6954876812601194,0.13478104446916594,-1.2739101232204568,-1.4087233096132605,mixed
U18,11,3.6673049003561182,0.030829817320314964,1.2828073257350383,-0.23056242692290396,-0.212482865404955,-0.037078557450776595,mixed
U18,12,3.3251173833016754,-0.958335254790978,0.5962291737481534,-0.9664501754512284,-0.5728664606034559,0.03411356547241953,mixed
U18,13,2.0649360972749555,-0.021914663868643894,1.102171510176117,-0.6840792006742312,0.08519678356353749,-0.05440089668035605,mixed
U18,14,1.7443385630417838,0.11691021143935532,-1.6182330455016365,-0.5090156951401735,0.09206687295822058,-0.2876867968020399,mixed
U18,15,2.1671187959899,-0.034297606348391435,0.015095322312812964,-0.7203476842244402,-0.05711423289985884,0.35775635719525534,mixed
U18,16,1.039870474228785,1.5449629804055112,0.7874220200017966,-0.9783633881196977,-0.8397681991894047,-0.7229541663863079,mixed
U18,17,3.6673511216959613,0.2625926305954486,1.0189450975773682,-1.4381917656427237,0.2081411471168822,0.6015126014559709,mixed
U18,18,1.8205929644100203,0.3992694198224698,-0.8144096999599825,-0.0017328986262262758,-0.2373248944738079,-0.03758759327158634,mixed
U18,19,1.7101719969083051,-0.6731448885904014,-0.5631654711680102,0.3336819873835576,0.9082451792116648,0.5598136240528283,mixed
U18,20,0.9059353086382891,-1.6407001018659328,0.6362898603277574,0.25962056151164803,-0.518990206978319,-0.582730181581894,mixed
U18,21,0.29032704116437497,0.8385155719386136,0.002825887076023881,0.6803139983965539,0.6427423765445657,0.5220181286833367,mixed
U18,22,1.5724918490911188,1.4617681831816607,0.2580651324814669,1.3764620604907887,1.121761895165323,0.718791960215085,mixed
U18,23,4.645847974834398,0.9082869790945177,-0.7180889971777779,-1.1181838044169603,0.7732531871837932,0.8392197527611169,mixed
U18,24,3.2017204317530368,0.9279426599548729,-0.8464672414220756,-2.709311821867659,0.6449068210999134,1.2129976268937894,mixed
U18,25,4.339539910744158,-0.1436662004941397,-1.5305080512886535,-3.8764990011328253,0.18061044489954686,0.6452881371169323,mixed
U18,26,3.6590817023548823,-0.9638804535605044,0.967506438132599,-0.4659229056443861,0.8577435503859101,0.5699539810121984,mixed
U18,27,1.7713931546591684,-0.9019539241292507,2.1777522968715606,-0.20852859219706416,0.4323833661823463,0.49521236330254437,mixed
U18,28,2.493953184543585,1.3368778110740847,0.10160433220851584,-0.5979554941652445,0.9897755093973035,0.6496847940324266,mixed
U19,1,-1.2855172723136312,-0.4227687374677972,-1.6484276094127777,-0.19934178616435244,-0.4910957410000899,-0.05462298968440417,mixed
U19,2,-0.08763367267925956,0.25170439115082877,-0.21434257397379416,-0.9138048094337898,-0.4422008825939192,-0.4366168535068683,mixed
U19,3,-2.7019111750891347,-1.3352500692115783,1.5178298059926414,-1.22491241983502,-1.3078551927103166,-1.4229500022092694,mixed
U19,4,-1.4103199821317773,0.2146333722322665,0.7330910251680344,-2.328074959345444,-0.2580646673977158,-0.49770224615293157,mixed
U19,5,-0.639137072209097,-0.11192423260735174,-0.32949383486965506,-0.0015065414898209895,-0.30943287824432253,-0.07884794491080746,mixed
U19,6,-0.7943418509240745,0.22909950694153272,0.5141394033040134,-0.6168373479795035,-0.18472345553675887,0.12238031910947256,mixed
U19,7,0.25883366152415255,0.05969380894652751,-0.37276869973042237,-0.4953301182373024,0.5413515934196786,0.797413458422104,mixed
U19,8,-1.2434667151307686,0.608938526658576,-1.1276496280862132,-0.6430126283228172,-0.5088385373158754,-0.5342124077557633,mixed
U19,9,-0.4415520059339241,0.8238753783919807,-2.3566336988676326,-1.7705349703519981,-1.2317379459419382,-0.7506849473189903,mixed
U19,10,1.733299019195531,-0.5658844117660351,-0.4975973933487955,-0.7308217508285364,-1.1878776337965091,-1.4087233096132605,mixed
U19,11,-0.5900113704076926,-0.04521711735065039,-1.2907934728815782,-1.461266965592835,-0.02395612471535897,-0.037078557450776595,mixed
U19,12,-0.07144779206837608,1.429939093701689,-0.13395406087756692,-0.4332950149575219,-0.19543319291511402,0.03411356547241953,mixed
U19,13,1.3292344631265556,-0.1152498112137631,0.7883374821470645,-1.0750585849817993,0.2720897849744374,-0.05440089668035605,mixed
U19,14,0.6213472834794096,-1.834757667657565,0.6371903229826549,0.11451354669382158,-0.41924774511592744,-0.2876867968020399,mixed
U19,15,-1.3034165730299647,-0.2865891399587045,-0.09532187879853551,-0.6897572152971725,0.5786859808792074,0.35775635719525534,mixed
U19,16,-2.1274694796794598,-0.9742724622205401,-0.9578527810020097,-1.2840341099985666,-0.8592099423893025,-0.7229541663863079,mixed
U19,17,-1.4769168066631717,0.4259575303917548,-0.16018698474506632,-0.991879724933513,0.6221739832016353,0.6015126014559709,mixed
U19,18,-0.8871633307022535,-0.6686569041493732,0.48481349104421123,-1.746319641683997,0.03346177492133742,-0.03758759327158634,mixed
U19,19,-0.18770315070757693,0.6331385631187422,-0.24696352115280087,0.5579976312085506,0.26739850455632125,0.5598136240528283,mixed
U19,20,-0.03152432994654375,-0.6455808342489101,-0.5092110172776846,-0.6572002071019245,-0.4809756520835691,-0.582730181581894,mixed
U19,21,-0.961431812480302,0.5096161807220008,0.02727160720698743,1.5366915591891612,0.05005001166714773,0.5220181286833367,mixed
U19,22,-0.19772013167151595,0.868921452688217,0.5356944649020577,0.5932492034796822,0.4677748053970107,0.718791960215085,mixed
U19,23,2.4951505074987956,0.731902686283737,-1.13626919066877,-0.42589099135952974,0.48594085310956814,0.8392197527611169,mixed
U19,24,0.40882518491753084,3.5523234374379666,-0.6235980405182432,0.28879695521332555,0.5423203702001981,1.2129976268937894,mixed
U19,25,3.0103561896589937,1.042625079856362,0.1860116984625495,-1.1759733561241164,0.23138696093049083,0.6452881371169323,mixed
U19,26,1.2925422688457944,-0.10139976505653021,-0.2643935685455505,-2.0515713284952763,0.3441686815488643,0.5699539810121984,mixed
U19,27,1.4256752017429146,0.019741181505588706,-0.1712677651124397,0.820953794630932,0.12092200253324792,0.49521236330254437,mixed
U19,28,-0.0930132537674167,1.334651973571618,0.07578019082522566,-0.2342400589986069,0.44382471617714814,0.6496847940324266,mixed
U20,1,-1.1750855313747275,-0.8050111251292692,-0.10742324470707265,-1.7124076897604303,0.021271745052345747,-0.05462298968440417,mixed
U20,2,-2.151002187033002,-0.03237562853548333,-1.6665909798871377,-0.6857005514310076,-1.0523183066081079,-0.4366168535068683,mixed
U20,3,-0.6216083738443813,-0.18463952251165455,-1.8765943956151343,1.1172867033341205,-2.076756336045233,-1.4229500022092694,mixed
U20,4,0.16893531795398883,0.3805209166259448,-0.3586300134340654,-1.3153310143304244,-0.6184624433199782,-0.49770224615293157,mixed
U20,5,-3.072977433590819,0.7403373163843914,0.6113921757813812,-1.8092602825189266,0.03645565949494939,-0.07884794491080746,mixed
U20,6,-0.024185332402268278,0.7837069045301798,1.8127349443472187,-1.8586715096485968,-0.1946979495789937,0.12238031910947256,mixed
U20,7,2.7321653943981685,0.8406885369259781,2.3141648792530596,0.2081126250141201,1.18089774566103,0.797413458422104,mixed
U20,8,3.581507799066042,-1.8863211679588385,0.1588665335966593,1.4472673331008257,-0.8042520225693198,-0.5342124077557633,mixed
U20,9,-1.4846982058058158,-0.030439361948668413,0.6706337752773781,2.0225114491194973,-1.033655562646109,-0.7506849473189903,mixed
U20,10,-0.8569344951289519,0.5781384712221465,-0.28849265323447615,-0.8403857957359988,-1.6522206684848764,-1.4087233096132605,mixed
U20,11,-1.9384135520466095,1.1526517403012044,1.6705076549177589,-2.6243857615293287,-0.4490026196093057,-0.037078557450776595,mixed
U20,12,0.7371651849209631,1.5089448407872057,1.6170201362665224,-0.6347431488876188,-0.7785151119090945,0.03411356547241953,mixed
U20,13,3.2770595732148617,-0.011665550896361922,0.13712301611837538,-1.0523366865653436,0.17684395966431432,-0.05440089668035605,mixed
U20,14,-0.23672324596156535,0.20662897796850227,0.9966532937017233,-0.46639718673312713,-0.05528233444596098,-0.2876867968020399,mixed
U20,15,-2.1528761667753664,0.9605856904929632,-1.0108587015714905,-0.6767717900132632,0.8443963545506336,0.35775635719525534,mixed
U20,16,-1.448263524306359,0.2909957794605594,-0.32744363477985633,-1.0658770555725678,-0.05688325199395594,-0.7229541663863079,mixed
U20,17,-0.7703407442467818,-0.6893686390498832,-0.12906552782029346,0.3734798111415168,0.13704960413535727,0.6015126014559709,mixed
U20,18,-1.5613735097928798,-1.6416164546068508,-0.4264182957323663,0.5921105293133868,0.2580383697494216,-0.03758759327158634,mixed
U20,19,-2.5358942295181968,-1.5912577186652463,-0.4486475076402999,-0.028335806095905025,0.37838990110335446,0.5598136240528283,mixed
U20,20,-5.718048685539493,-1.5048992166098347,-1.9680869334778364,0.12463547974817756,-0.11136486690363412,-0.582730181581894,mixed
U20,21,-2.268913412482733,-1.7789178616130168,-0.8784143833272524,-0.07731611956528427,0.978892082980042,0.5220181286833367,mixed
U20,22,-2.860786771094423,0.11192020495795901,0.19267225136338278,-1.482788096976489,0.9805746558156115,0.718791960215085,mixed
U20,23,-0.6707261647122263,-0.27354909210604705,0.09203406915850706,0.4715405000894882,0.8084091801947062,0.8392197527611169,mixed
U20,24,0.6062077687496653,-2.4830215275026295,0.9926910981075749,-0.038031175250816035,1.1180956468835053,1.2129976268937894,mixed
U20,25,-0.9458642239962806,-1.7820247446128756,0.0038599366363525345,0.22260590280047748,0.6076619789441984,0.6452881371169323,mixed
U20,26,-1.3759911778334757,-0.04459933756586411,0.11379893664920569,2.1068968694403716,0.23228617229407156,0.5699539810121984,mixed
U20,27,-2.286697148069354,0.4233460071736347,-0.03264583577232835,1.7029356702069594,0.9289863862166013,0.49521236330254437,mixed
U20,28,-1.6004844092749944,0.6969463071887987,0.2531476822263644,0.3208218520778991,0.8668194433167974,0.6496847940324266,mixed
U21,1,-0.48884826236776013,0.5706575995687102,0.9600070596454117,-1.2638959745916283,1.0775819801192037,-0.05462298968440417,mixed
U21,2,-2.5781195388839198,-0.44815594340375897,0.976228838517233,-0.03697521336028031,-0.7296630308562755,-0.4366168535068683,mixed
U21,3,-3.8552095839158347,-0.4911930585077563,0.3940513542205789,-0.9676158956780853,-1.8496741671233772,-1.4229500022092694,mixed
U21,4,-4.66291288062904,-0.9218735318434432,0.11842339318803735,0.7902250954181916,-0.5961769188829145,-0.49770224615293157,mixed
U21,5,-4.483578586044783,0.4511307532416716,0.4559678190820239,1.1283432814723071,-0.9310996801054062,-0.07884794491080746,mixed
U21,6,-3.16302147152458,0.4047603175233105,0.5085545619688334,-0.29581727636401767,-0.021437000957018254,0.12238031910947256,mixed
U21,7,-5.328243960418375,1.2364001817208645,0.07718950496433682,0.9001700351554871,0.33625885669120725,0.797413458422104,mixed
U21,8,-3.271567496397076,-0.7822378066706306,-1.165631286121746,-0.6930925295578474,-1.0530378595225152,-0.5342124077557633,mixed
U21,9,-3.592471566333347,0.12114308584881658,-0.7823680861242523,0.5579151472031528,-1.0880202880237608,-0.7506849473189903,mixed
U21,10,-5.346959553105272,0.960782165117898,-1.4297297254065204,0.07206066106418171,-1.4867314457561298,-1.4087233096132605,mixed
U21,11,-2.30338521938478,-1.1721367855423308,0.5503151693822836,0.4719309585689995,-0.17066035816858333,-0.037078557450776595,mixed
U21,12,-3.406840320818359,1.1288504137383886,1.206963260791769,1.563797744737461,0.12080927999423918,0.03411356547241953,mixed
U21,13,-1.9858562722742477,0.72642955984827,-0.8591994778706147,0.3045918202245557,-0.320252325251119,-0.05440089668035605,mixed
U21,14,-2.139454041682801,-0.8431178219765085,0.26082095390842974,-1.0187652765198705,0.17244961603384978,-0.2876867968020399,mixed
U21,15,-2.9695768403797906,1.3508663532185021,-0.3933507958949405,-0.47192104515107725,0.7704265717358062,0.35775635719525534,mixed
U21,16,-4.495570920390202,-0.01681039654736639,0.49404726186777603,0.2605829301625837,-0.2846217876741143,-0.7229541663863079,mixed
U21,17,-3.6561759091747907,0.38356838871042576,0.4120087850492845,0.5991951981803576,1.4282984988102236,0.6015126014559709,mixed
U21,18,-2.4362740895012833,-0.4967402842435465,-1.444015728786661,-0.5359262848344976,-0.07405248786490559,-0.03758759327158634,mixed
U21,19,-1.8746900952839813,0.7880781937100639,-1.3744443261532309,-1.3214894007027211,0.8409702181789925,0.5598136240528283,mixed
U21,20,-0.16424794019888322,-0.15715485211977395,-2.124457616677193,0.13620637944042457,-0.455233556933412,-0.582730181581894,mixed
U21,21,1.032384744872961,1.1852348490084523,0.3319793560267313,0.7711700522274823,1.039000000848377,0.5220181286833367,mixed
U21,22,2.9467338952971294,-1.0038896427212298,-0.2723853022569173,-0.5399268670042257,1.420222945854554,0.718791960215085,mixed
U21,23,-1.046800313570288,-0.43964419801122334,-0.10293139342539664,1.1915117598189022,0.8088120010546163,0.8392197527611169,mixed
U21,24,-0.36024717840760445,2.201407608939184,0.2707146050923556,0.2785561566530701,0.9718508652317135,1.2129976268937894,mixed
U21,25,0.021916569817473103,0.6116898330179354,-1.254831929437516,0.7805909405998402,0.7544683195306496,0.6452881371169323,mixed
U21,26,0.38630428038608633,-0.06714818526583397,0.7555747361836216,-0.5684323036081593,0.44661413179646936,0.5699539810121984,mixed
U21,27,-1.0207072386790592,-0.40602018574656595,0.11636493043434396,-1.8883429216575418,0.3941592412879764,0.49521236330254437,mixed
U21,28,-1.674411766168449,1.455675040570016,0.5018999766149481,0.9525063107215277,0.635761911487038,0.6496847940324266,mixed
U22,1,-0.9106888315028794,-0.13082139877011142,-0.6585422338902099,-1.260903416616764,0.6683019792944818,-0.05462298968440417,mixed
U22,2,-0.804754052077569,-1.041154056658537,-1.1979886482376207,-0.362387598240739,0.33905729456368217,-0.4366168535068683,mixed
U22,3,-2.2573513523967743,-0.8898285884215048,-0.30279712241318235,0.07527623206615658,-1.2951713977602117,-1.4229500022092694,mixed
U22,4,-3.204238515874961,-1.4357263268817921,-0.17259805712146026,0.99003205995929,-0.29461921224254345,-0.49770224615293157,mixed
U22,5,-3.1598292106835064,-0.3402799228580074,0.5374418314235266,1.441210783207981,-0.28663538230198754,-0.07884794491080746,mixed
U22,6,-3.2041951869290126,0.0890314535846489,1.5055877675514646,-0.08778707040936895,-0.4173652839534874,0.12238031910947256,mixed
U22,7,0.3298567060081843,0.9024296149987492,0.5028537411943972,-0.7171988481825347,0.5005983353696866,0.797413458422104,mixed
U22,8,-0.750233187266689,1.4994986160720345,0.12144072932235594,0.26648725372009613,-0.5338605309042456,-0.5342124077557633,mixed
U22,9,-0.18217986833125333,-0.14008082661293525,-1.0867936191289942,-1.268356302630957,-0.4695013725822086,-0.7506849473189903,mixed
U22,10,-0.47197322046087975,-0.34375561684255945,-1.2024691364743572,0.7423527277758105,-1.3599259406817572,-1.4087233096132605,mixed
U22,11,0.35032366655434055,-0.02386656582386136,0.5416543052128218,0.4297523031569237,-0.4910617443084949,-0.037078557450776595,mixed
U22,12,0.34549543219214296,-1.108673045488493,-0.5185681105353607,-0.028888751853555883,-0.16198622121459977,0.03411356547241953,mixed
U22,13,-0.6051080951076706,0.4335375083786833,0.023295410322629558,0.24063699463683025,0.13502260927892806,-0.05440089668035605,mixed
U22,14,0.3723263565075232,1.5928475086291813,0.6929179605569473,1.164847725055531,-0.2639671279341735,-0.2876867968020399,mixed
U22,15,0.8594875101908678,1.031097132832634,0.49247967501009404,0.14350927696431237,0.2018168287810326,0.35775635719525534,mixed
U22,16,-0.6291406581580472,-0.39862993751258785,0.7051984273283805,0.7823106876369427,-1.1408455664536183,-0.7229541663863079,mixed
U22,17,-0.0874567901942932,-0.06800216304116652,0.12320086977400202,1.2286281309545342,0.6408129013510048,0.6015126014559709,mixed
U22,18,-1.0156371045868011,-1.4420375514027974,0.479157292914443,-2.159276621222945,-0.6962039533676294,-0.03758759327158634,mixed
U22,19,-2.5640788539598307,-0.029618263352779863,-0.5242555948817713,-0.35392543125437637,0.24253946965571588,0.5598136240528283,mixed
U22,20,-2.3925375614093194,0.415360830100613,-0.15996596442353478,0.20112468932355967,-0.6244907656494187,-0.582730181581894,mixed
U22,21,-0.10037457756194001,-0.40402248135747887,0.7855854227018173,0.047907287793248536,1.0017313549416063,0.5220181286833367,mixed
U22,22,-1.1696676919410849,-1.7459031607754651,-0.15524550467889736,-0.49827715702594433,0.6368629817595286,0.718791960215085,mixed
U22,23,-2.188256507889575,0.6012341851083198,-0.3006848361057305,1.1634283452697514,1.1705619936813711,0.8392197527611169,mixed
U22,24,-0.028856897567132722,0.8188263583805027,-0.08780934900244597,0.7745358616969498,1.3809935940498577,1.2129976268937894,mixed
U22,25,0.7526389585951874,0.18119140554400717,-1.0343768513173495,-0.5803483894891388,0.7080801291161836,0.6452881371169323,mixed
U22,26,1.1138920331547522,-1.0163746308660575,-0.3849480366801489,0.9584704403692419,0.5813993337627205,0.5699539810121984,mixed
U22,27,-0.576382977879041,-0.2659394624221334,0.11170092316799451,1.6745978564762163,0.1440219602253367,0.49521236330254437,mixed
U22,28,-0.6386884284483616,-1.1985461100670416,0.38529762478449525,1.0545466326684216,-0.1379113796741427,0.6496847940324266,mixed
U23,1,0.7246957318666026,1.559452870565084,-0.9539074784472288,2.212121825310671,-0.46645429889789175,-0.05462298968440417,mixed
U23,2,2.281820252276067,0.8525979354389139,0.3474269711792347,0.6555668097629248,-0.21266502301779272,-0.4366168535068683,mixed
U23,3,0.3279399719768189,0.09754154811162516,-0.8889294803944049,0.30037698493403847,-0.8965597298087291,-1.4229500022092694,mixed
U23,4,0.16545246560790564,0.9268707906884551,-0.019348869993892126,-0.3656931226970762,-0.554099198009757,-0.49770224615293157,mixed
U23,5,-0.3453836553447246,-0.16320747086262374,-0.5602566733023259,0.5516099415963469,-0.4489152326013535,-0.07884794491080746,mixed
U23,6,-1.1613599869505982,-1.2383425646877833,-1.312749455270288,-0.44705124395433493,0.1009251223660905,0.12238031910947256,mixed
U23,7,-0.10622637689693262,1.9199667859898044,-0.23629151134333948,-0.314643326982914,0.7379765814652086,0.797413458422104,mixed
U23,8,0.09812442062040477,2.2453718220360797,-0.12993288893410093,0.19837420733726305,-0.06555411047353754,-0.5342124077557633,mixed
U23,9,0.19308963295378423,1.19384286118315,0.06175184471652234,1.2641294265276235,-0.34789123790666476,-0.7506849473189903,mixed
U23,10,-1.0277324560695542,0.09434113258910681,0.5168319592858788,-1.1560925357503016,-1.8095657579991524,-1.4087233096132605,mixed
U23,11,-1.20394968635031,-0.5837324738917198,0.01318110205694023,-0.6657126101885205,-0.4917137701850364,-0.037078557450776595,mixed
U23,12,-1.4121435402796974,0.04239959930848458,-1.702791507808321,1.5281421644056583,-0.33791371205333176,0.03411356547241953,mixed
U23,13,1.2856835764897356,0.22831265230369835,-0.8676599343718683,2.599040185688485,-0.9061349412662447,-0.05440089668035605,mixed
U23,14,-0.2744207459005856,-0.6062831680893646,-0.8373574347002692,0.40457549229153844,-0.6319912720914584,-0.2876867968020399,mixed
U23,15,0.12208473085553573,1.8113482551291673,-0.45943873282053116,-0.08950504399974119,0.4645047746313542,0.35775635719525534,mixed
U23,16,-0.6357126187458911,0.11309070122947892,0.4475529077718382,0.18402737865199126,-1.257665720501702,-0.7229541663863079,mixed
U23,17,-0.34703356852454026,1.810634576575084,-0.5750520372577442,-1.8097360313167008,0.013383157185921202,0.6015126014559709,mixed
U23,18,-0.22432879077230516,1.4147757141518877,-1.768852334993487,0.14250164187050152,-0.4052224355681864,-0.03758759327158634,mixed
U23,19,2.308140720416968,0.6836282140323439,-1.2639479457058573,0.7162877343461103,0.4946973982242231,0.5598136240528283,mixed
U23,20,1.519243209161141,-2.421610785370758,-1.0417819677393416,0.40693763965159335,-0.9710160466395605,-0.582730181581894,mixed
U23,21,-1.608654571374482,-1.082726989975698,-0.8335180239982118,0.7926278993641355,0.1275700259794756,0.5220181286833367,mixed
U23,22,0.6158442062068843,-0.12125681660860894,-0.9406831802209101,-0.7932736071501756,0.6416507117352184,0.718791960215085,mixed
U23,23,1.2736858154357187,-0.1547963203967421,0.5903395630476034,1.7668980728977846,1.413141055520076,0.8392197527611169,mixed
U23,24,0.7105738214391717,0.5658644395808817,-0.2941044910514573,0.616830884812894,1.1758221822850106,1.2129976268937894,mixed
U23,25,0.4567830691741267,0.33572598803539305,0.4403207351289442,-0.192843635229965,0.2610701045175886,0.6452881371169323,mixed
U23,26,0.741709917007279,-0.755685828987982,1.103030368760444,-0.9032627051306611,0.37708178814629734,0.5699539810121984,mixed
U23,27,0.0905887180619799,-2.1957035549209416,1.1127471721318545,0.06559372350776121,-0.13799590013957141,0.49521236330254437,mixed
U23,28,-1.4160626180593423,-1.5641791312962883,0.4262990439200067,0.28575493745369535,0.38099011890195006,0.6496847940324266,mixed
U24,1,-0.9041990195093605,1.3041769030746684,-0.46440623197738357,-1.1605425194771994,0.31177542274040426,-0.05462298968440417,mixed
U24,2,-1.4644648331928822,1.180478181876546,-0.46688283044536116,-1.4267202768051739,-0.4253634399740933,-0.4366168535068683,mixed
U24,3,0.29896578720273914,-0.6801442402013931,-1.195784863553715,-1.1113632684406198,-0.8910940415631432,-1.4229500022092694,mixed
U24,4,-2.031725087443091,-0.5555182005367679,-1.0268509384750595,-0.29549568931941084,-0.44128911865979764,-0.49770224615293157,mixed
U24,5,-1.5331804904647734,1.3177345072324824,0.5899667876996019,0.24376031246338223,-0.5226185495982795,-0.07884794491080746,mixed
U24,6,0.6253635674881318,0.13667277258173302,-0.2827597118186595,-1.4481975441259747,-0.46145632781745005,0.12238031910947256,mixed
U24,7,0.8348345519681202,-0.012113029686942334,-0.7949490088532121,0.15161760166659188,1.3141220470623023,0.797413458422104,mixed
U24,8,-1.3398916116711104,0.1327920750086713,0.05041429240363782,0.3445514158021864,-0.06876650175250276,-0.5342124077557633,mixed
U24,9,-1.9674953552020813,0.36557349756844437,0.0715819625322704,0.5860577183151602,-1.600503053460518,-0.7506849473189903,mixed
U24,10,-1.5809507438258823,-1.7383644930165667,-0.09588803345500096,0.15483441788063515,-1.458737771464278,-1.4087233096132605,mixed
U24,11,-3.3203091000771585,-1.8688925122582603,-0.4085489257755629,0.6120920680353411,-0.7813394482774808,-0.037078557450776595,mixed
U24,12,-3.3686610111641,-1.1954038376069342,0.29301558596887656,0.06173077278190833,-0.5477295470538464,0.03411356547241953,mixed
U24,13,-1.4405876723248945,-1.4242208448908225,0.5812479719314927,1.0451244953285455,-0.06754919047684893,-0.05440089668035605,mixed
U24,14,-1.8714673256223104,-1.6100518535278334,2.0278549152174565,1.4751057280509094,-0.7543605944385523,-0.2876867968020399,mixed
U24,15,0.3580005743726342,-0.168650157032475,0.1615652622041963,0.14378132727348236,0.201673282437087,0.35775635719525534,mixed
U24,16,-2.107673062893386,-1.5267752939729728,-1.4325969420655378,1.482560416771346,-0.6086661223073808,-0.7229541663863079,mixed
U24,17,-1.767497637252669,0.13238138512216013,-0.6514515386878417,0.5767787526130427,0.40897792896551366,0.6015126014559709,mixed
U24,18,-1.5150919301822197,0.31644769049389054,-0.5804836980968003,-0.8720869015614495,-0.894820665641133,-0.03758759327158634,mixed
U24,19,0.3301274124743221,0.14731399557534383,1.2491444722397942,-0.23189016196985485,0.4150813740460806,0.5598136240528283,mixed
U24,20,0.6249739521065201,-0.6885428518255575,1.031161223307951,-0.3779619395873805,-0.8384926457655347,-0.582730181581894,mixed
U24,21,-0.6871996199426191,-0.0716082387792127,0.028340226793777512,0.7493787393470426,0.1106967830985553,0.5220181286833367,mixed
U24,22,-1.4016610773888378,-1.0136221873378461,-0.18297692835302348,0.39579676479516634,0.66347367055043,0.718791960215085,mixed
U24,23,-0.4876298918108597,0.16813528232367997,1.010202974614343,0.0014502370144084398,0.6608278156481596,0.8392197527611169,mixed
U24,24,0.05864606341517986,-0.12306004194623305,-0.32855623914475385,-0.6672859653583326,0.9744413380519755,1.2129976268937894,mixed
U24,25,-1.0058985615428004,-0.11533347315782048,-0.6768460217563136,-0.034737245295832886,1.13537114095071,0.6452881371169323,mixed
U24,26,-1.5423865342893879,0.061977832404622235,-0.7535097014639343,-0.8080267559660244,0.8721221912132838,0.5699539810121984,mixed
U24,27,-1.8161750120648332,1.394323209517388,-0.2816809984901787,1.0523884221967748,0.9838693968666238,0.49521236330254437,mixed
U24,28,-1.53918821069436,1.077149569038325,0.05313882924401167,-0.46584692768011565,1.1053524374164898,0.6496847940324266,mixed
U25,1,-1.3348093715446565,-1.657437325804476,0.3169733373309928,-0.3123429807348872,-0.7379696164640729,-0.05462298968440417,mixed
U25,2,-2.138526976726943,0.6002128386547402,-0.40866393458480876,1.78584052298199,-0.30569391504912635,-0.4366168535068683,mixed
U25,3,-0.12963308320762756,1.1057283722329025,1.4541405610851053,0.3562113080059571,-1.4812824521258616,-1.4229500022092694,mixed
U25,4,1.2695093759451153,2.381430167169074,1.3552035682583419,0.27144900418209417,-0.3617707300908851,-0.49770224615293157,mixed
U25,5,3.348734872184165,0.4676957004753363,-0.06494679972569439,0.3835448821330869,0.1967976420344721,-0.07884794491080746,mixed
U25,6,0.09489870454592042,1.181230492219637,-0.8122899386349856,1.7112539300953435,-0.03374524842563495,0.12238031910947256,mixed
U25,7,-0.5872789112678369,-0.12529359850669414,-1.4540595668419587,0.6792768241137292,0.9085038908557423,0.797413458422104,mixed
U25,8,-2.534794793709292,-0.7187645274089505,-1.0932311116823141,-0.24718142497460682,-0.5610879531410812,-0.5342124077557633,mixed
U25,9,-1.7638804293763093,-1.0502204463733003,-0.5670515755073094,1.3612454777533909,-0.7258851154508519,-0.7506849473189903,mixed
U25,10,-4.435062372415388,-2.2059724770353144,0.0978883211238164,0.9986861311573569,-1.4164323250980975,-1.4087233096132605,mixed
U25,11,-4.022376577903931,-0.126397464837753,-2.183467174039439,2.5109635839589557,-0.012911497874023355,-0.037078557450776595,mixed
U25,12,1.3028293969976183,-0.31695377234146954,-0.22822089906024792,0.6158098665315626,0.4957782686149279,0.03411356547241953,mixed
U25,13,-1.0695373275817432,-1.5629461116258678,-0.027770178660970903,0.29547481351756216,0.473736019405292,-0.05440089668035605,mixed
U25,14,-2.4334734888121843,-1.5110129808051118,-0.32875840163436065,1.4902828914821484,0.21915757779396838,-0.2876867968020399,mixed
U25,15,-1.85702397510523,0.5072938766142897,0.5318905981655713,2.4301614959944073,0.8592287447252034,0.35775635719525534,mixed
U25,16,-2.880161317064122,1.7085146720402515,1.3266669919805294,1.0334001203792298,-0.8882231460928012,-0.7229541663863079,mixed
U25,17,0.6593038959872701,2.3221428177306715,0.8892429549526101,-0.6547673104283804,0.5488832023368981,0.6015126014559709,mixed
U25,18,1.4343455848666022,-0.2997627404158173,0.42099875768374123,-1.0779005018133776,0.5242664390810479,-0.03758759327158634,mixed
U25,19,-1.5096355858245758,-0.3751808911668398,-0.3252205677356259,-1.637467571469511,0.9413744175229695,0.5598136240528283,mixed
U25,20,-2.6753674396101434,0.48203455625999886,-0.7278449938153223,-1.0895681015442669,-1.1118686179168784,-0.582730181581894,mixed
U25,21,-0.16320016456495023,-0.3659905119090772,0.7897666492194892,-0.18823033818323284,0.5194827020662766,0.5220181286833367,mixed
U25,22,0.08426936121556156,-0.04973086954574082,-0.4297377431794838,0.30285972265227235,1.0201296637700161,0.718791960215085,mixed
U25,23,-0.664531727320976,0.10159003135440564,-0.030009802455062684,1.2366299370761018,1.067289874705883,0.8392197527611169,mixed
U25,24,0.6137578303632093,0.0887617177451728,1.7167646608516236,0.16172152747227003,1.0466747680934576,1.2129976268937894,mixed
U25,25,1.3826156730736796,0.4591235926860688,0.8298648974002419,-0.9157330975936393,-0.33760747564936167,0.6452881371169323,mixed
U25,26,-0.7788427508113138,1.0281481727209885,1.0468808091764306,1.4274736296998194,-0.39234120861096067,0.5699539810121984,mixed
U25,27,0.1343851457145998,1.5051690814140024,1.8232736529633473,0.9114906939233516,0.185886990986313,0.49521236330254437,mixed
U25,28,3.4835021484905098,1.572159087948298,0.8147644092682323,0.7603662423566435,0.4395115609644743,0.6496847940324266,mixed
U26,1,-0.0741713110354697,0.05147465550323231,0.3442757211239548,-1.0737237844819065,-0.36522277416464327,-0.05462298968440417,mixed
U26,2,0.3394325403203266,-1.872842956482099,0.6471647023531765,-0.2780506139442847,-0.005096693498877869,-0.4366168535068683,mixed
U26,3,-2.3051907637476354,-2.4535017250163533,-0.6901465044315506,-1.4628425250483543,-1.6404585768487692,-1.4229500022092694,mixed
U26,4,-3.3996606680645076,-0.9759976597615191,0.6520268669093942,-0.3615580703160235,-0.42742661071564964,-0.49770224615293157,mixed
U26,5,-2.591333595308959,-0.7342140082366962,-1.2017528946735854,-0.17426286100132693,-0.5537588034037959,-0.07884794491080746,mixed
U26,6,-1.0275789043625865,-0.5387624918379623,-0.8128160216904075,0.4981716117884267,0.6344520525215048,0.12238031910947256,mixed
U26,7,-0.6682812214671732,1.7148780218995365,-1.58488309925094,-1.1448290350984371,1.2002974219061748,0.797413458422104,mixed
U26,8,4.321991844007694,0.5458577858349802,-0.10647132009933541,1.664746986928138,-0.5096371103982006,-0.5342124077557633,mixed
U26,9,1.7568916350364736,0.019910449684378245,1.5705610330740911,1.176253836641628,-0.9865192094638459,-0.7506849473189903,mixed
U26,10,0.735551424952594,-1.8892112237727683,1.1108042133379417,1.3903753143097908,-1.6317576409023182,-1.4087233096132605,mixed
U26,11,-1.2762012848520563,-1.4517634706448677,1.4663178487409536,1.1886812987615436,-0.1154405026878377,-0.037078557450776595,mixed
U26,12,-0.5929070050780787,-0.9499316630524514,-0.04637855817137095,1.0472974731393072,0.3513516511142819,0.03411356547241953,mixed
U26,13,-1.0430820455316816,-0.7325035210635765,-0.19634545691295863,-0.3162998038240763,-0.656819590035123,-0.05440089668035605,mixed
U26,14,-1.0674342368554623,-0.3204294901975687,-0.9582702729306148,0.07010247460715138,0.24621292168933562,-0.2876867968020399,mixed
U26,15,-1.4618330373847255,0.9108538151803505,-0.06884759746995706,1.6435394080627423,0.4464095349188391,0.35775635719525534,mixed
U26,16,-0.32262937583950163,-1.2503714414675202,-0.7108642523522832,-0.12526967323033533,-0.5903030049744586,-0.7229541663863079,mixed
U26,17,-1.2301841420655686,0.38033206874096953,-0.690255327893226,1.718523307340244,0.32072343849017176,0.6015126014559709,mixed
U26,18,-0.729233869155702,1.0860197679301018,0.2845799474926282,1.6058237347437703,-0.07489104395990687,-0.03758759327158634,mixed
U26,19,1.33958501910345,0.6851520625177778,-1.2919909918887968,-0.36117939729792425,1.1392699704962441,0.5598136240528283,mixed
U26,20,2.172550292429438,-2.7248529681908638,-2.2920456742819724,-1.8903348785492913,-0.6009834329990108,-0.582730181581894,mixed
U26,21,1.5960399417830566,-1.0279768269612197,0.7371648252090206,-0.5098307144411602,0.85742358913033,0.5220181286833367,mixed
U26,22,-0.5837425500229042,0.43973575768334483,0.6141392555109613,-0.29668706620689084,0.41105659070695466,0.718791960215085,mixed
U26,23,1.2202539412502602,-0.5249505901324037,-0.18530455342259639,0.5498968222520928,1.347679309263251,0.8392197527611169,mixed
U26,24,2.6775774724112233,-0.8886675338622122,0.3223600138141576,0.023059863596199326,1.5706380359891652,1.2129976268937894,mixed
U26,25,1.5292516523278552,-1.8376613558834616,-0.18474269408694372,0.2691389095969975,0.9010947400084106,0.6452881371169323,mixed
U26,26,-1.3006685035082222,-0.3330797731000267,-0.9169286985203289,-1.182138361074718,0.9232702980603611,0.5699539810121984,mixed
U26,27,0.14225925549415047,1.8011076024203412,-0.8222328170121432,-0.41156173425576864,0.8096141897316982,0.49521236330254437,mixed
U26,28,4.150700205245554,1.5552064097434493,0.8070953144748941,0.7388901633505547,0.7202156964461193,0.6496847940324266,mixed
U27,1,-0.7250656121334487,-1.1014536606034608,-1.7488428523932946,1.0726766479174263,0.7886219188598746,-0.05462298968440417,mixed
U27,2,-0.8627858869633233,-0.6982710555148538,-0.11386049918599286,-0.02694344128147802,-0.45221355232379556,-0.4366168535068683,mixed
U27,3,-3.0364514819482795,-1.1952041764895032,-0.9636537961652466,-0.043211842996730226,-1.23531689040371,-1.4229500022092694,mixed
U27,4,-3.4774584568015037,-1.7982435119266351,-0.9857163721896172,1.590478805573877,-0.1663700858312248,-0.49770224615293157,mixed
U27,5,-3.6917593650829006,0.8173246364431159,-2.1224807302186997,2.4897411965141476,-0.2814573326960298,-0.07884794491080746,mixed
U27,6,0.2517237004121117,1.4817618581207865,-0.19053568890267286,1.4841253608270344,0.4434807594870831,0.12238031910947256,mixed
U27,7,1.0723305918203891,1.0938923970000403,-0.14935466208203907,0.026409200525224108,1.527276302855502,0.797413458422104,mixed
U27,8,-0.4285354193440046,0.9753753743653195,-0.9245343333946252,0.2710636965814984,0.018426171109217848,-0.5342124077557633,mixed
U27,9,-0.5006690817969774,-0.5774418941109588,-1.2363993541639176,-0.342775325291866,-0.07499346525895734,-0.7506849473189903,mixed
U27,10,-1.3686831472389809,-1.9320685032218567,-0.9426472822401688,-1.6930738182659257,-0.8523812734245055,-1.4087233096132605,mixed
U27,11,-2.642989322109782,-1.892939957821106,-1.7433646146736899,-1.5704686452761893,0.07317848818589529,-0.037078557450776595,mixed
U27,12,-2.9539128237398087,0.35577349534095226,0.2502409373801938,-0.23862214452243108,-0.13627431048779917,0.03411356547241953,mixed
U27,13,-1.957104778943723,-0.34263914504507575,-1.1045645927542462,0.15764983364726226,-0.11440811489956668,-0.05440089668035605,mixed
U27,14,-2.0676702556548916,-1.239741650949881,0.6263899431853293,-1.3899541652170326,0.17542517132589452,-0.2876867968020399,mixed
U27,15,-3.470712678560175,-0.7403484961738465,1.6718685839895304,-1.254751811684185,0.9326082321191164,0.35775635719525534,mixed
U27,16,-1.2368922412456964,0.5257677135037164,0.6830089761794014,-1.989181133098045,-1.0527254849989343,-0.7229541663863079,mixed
U27,17,-1.1189485094113827,0.5601492200375731,-0.06324243363116039,-2.667629102367043,0.6860384421491975,0.6015126014559709,mixed
U27,18,-0.7237131651747678,-0.6522295489376502,-0.5777799351542169,0.16277059006355543,0.445528289258429,-0.03758759327158634,mixed
U27,19,-1.6881543695950665,0.2176361881149963,0.6554874845685498,0.3055168055305589,0.7525093003477532,0.5598136240528283,mixed
U27,20,-2.4961755446504204,0.27388194983830455,-0.3461755815623112,2.004602693967318,-0.3267112287443169,-0.582730181581894,mixed
U27,21,-2.7849621208391486,0.9388183375936188,-1.568754458620593,1.074323626741411,0.716968018257845,0.5220181286833367,mixed
U27,22,0.9278574338642259,2.801838526852596,-0.5922011404060434,0.5242140317406468,0.4185274664435188,0.718791960215085,mixed
U27,23,2.869660904747705,2.0403492650840147,0.5718058273263036,-0.3734363165929595,0.6399588174594405,0.8392197527611169,mixed
U27,24,3.300299276121939,1.528875632053788,-1.269399564409321,1.3616184068298334,0.7345435177389568,1.2129976268937894,mixed
U27,25,3.3948649289437,0.45024613478623776,0.3926770554605834,-0.3956359368808139,1.164462153610402,0.6452881371169323,mixed
U27,26,0.002029324340716121,0.2323595462314601,-0.41229355161149894,-0.977107642508237,0.7400513492067944,0.5699539810121984,mixed
U27,27,-1.6756784888301086,-1.3350107362985169,1.0942804746789423,-1.390729265942836,0.2329096273769261,0.49521236330254437,mixed
U27,28,-1.0118583548105777,-0.05507066965516208,0.9672632802800489,-1.2085951546652303,0.4574371228948949,0.6496847940324266,mixed
U28,1,-0.7406694354272774,-2.932284832282217,0.934852311481355,0.7857368039709807,0.07481436599955783,-0.05462298968440417,mixed
U28,2,-2.2028691256851536,-1.7209621418669403,0.06555693821546327,1.3773147242389192,-0.5874295457100531,-0.4366168535068683,mixed
U28,3,-2.091244739218345,-0.5856844027323789,-0.8800416275804959,-0.038191042876472237,-1.9356242313967336,-1.4229500022092694,mixed
U28,4,-1.1389434726555783,-0.3280652169272862,-1.230404756152912,-1.315574310845031,-1.1995710001054483,-0.49770224615293157,mixed
U28,5,-0.7140559215116037,0.1361208782883847,-1.2868523827772875,-1.981270482230634,0.006422894720506278,-0.07884794491080746,mixed
U28,6,1.4462162954162878,-0.40095822810428544,-0.28211386976988956,-1.264561961351603,0.6324675263026127,0.12238031910947256,mixed
U28,7,1.3979633315282438,1.454533763094935,1.0401406048488901,-0.3790832389378893,1.7483706380929722,0.797413458422104,mixed
U28,8,1.9076187261164383,0.4156385715593627,0.7088314122723371,-0.329141275534933,-0.17274900268469873,-0.5342124077557633,mixed
U28,9,1.259625962209422,1.1180362336025693,-0.7731796364266912,-0.014736500043805043,-1.1331235585854669,-0.7506849473189903,mixed
U28,10,0.25392912693605385,-0.9430195118346715,-0.39504702876264863,1.3554848557559647,-1.3889964314553025,-1.4087233096132605,mixed
U28,11,0.38893587991867573,0.9773159596721568,-1.5582294042590021,1.8325604446723958,-0.29887055663535683,-0.037078557450776595,mixed
U28,12,1.049137738117969,0.9948668645919645,1.0282658511170457,0.6756697207891786,0.689671643089331,0.03411356547241953,mixed
U28,13,2.796588264485432,0.08480818592158343,0.5591739258090702,-0.17775713639377166,-0.24079969069366086,-0.05440089668035605,mixed
U28,14,1.3462101496135186,-1.0087633818623745,-0.11783220102829339,-2.2200534157911163,-0.4125416122653397,-0.2876867968020399,mixed
U28,15,-0.2029104059401939,-0.11119161915752106,0.35370518900791703,-0.3556256349226137,0.5224146151535912,0.35775635719525534,mixed
U28,16,-0.043820516175928526,-0.6638273684543865,1.045677336605426,0.7896714051254367,-0.8443057211929809,-0.7229541663863079,mixed
U28,17,0.6231159168687823,1.2195245189224126,-0.4069382185478777,-0.30028553259279855,0.6683436593668108,0.6015126014559709,mixed
U28,18,-0.43422433759209267,-1.8983846665192317,-0.5798429010469301,-1.0662425550868775,0.4693154858710845,-0.03758759327158634,mixed
U28,19,-1.2663846122412126,0.38945426006864203,0.05398755521952245,0.19449457043370533,0.31655295463692473,0.5598136240528283,mixed
U28,20,-1.226233309690662,0.7308464132516461,0.24034076628014964,-0.5215158071392375,-0.5861245845154301,-0.582730181581894,mixed
U28,21,0.9973417745107034,1.05547259932184,1.3576767492561124,0.009400333285263157,0.6994781263855298,0.5220181286833367,mixed
U28,22,3.443309594920646,1.0987001779328407,2.078393425691822,0.6572259878083017,0.9554750841034377,0.718791960215085,mixed
U28,23,5.551274197274689,-0.3363873555964999,0.7988939338750528,0.089282624195446,1.3495877419538933,0.8392197527611169,mixed
U28,24,3.7799761583470346,0.9619646113034858,1.3613148572010347,1.4393073535450476,1.32113107556062,1.2129976268937894,mixed
U28,25,3.7773361752488834,0.9521193008951748,-0.8597771369178261,0.9182778570697406,0.4862569137666213,0.6452881371169323,mixed
U28,26,2.470889518039653,-0.1126073479385788,-0.2794204344543859,2.480186153275806,0.7271740989348175,0.5699539810121984,mixed
U28,27,0.47850254651525836,0.055508068072158995,-1.0239986610487557,0.48401238748132824,0.633935706397703,0.49521236330254437,mixed
U28,28,2.803083514830808,-0.07535739191168034,-0.2822448342449859,0.11109495168873403,0.5882315274800733,0.6496847940324266,mixed
U29,1,-3.1121034775798355,0.5985162965396683,0.23197152488765602,0.22829511804423305,0.22222172504426713,-0.05462298968440417,mixed
U29,2,-1.9165448332616573,0.18810517944280933,-1.1422162017737434,1.629357599206414,-0.2675753964238481,-0.4366168535068683,mixed
U29,3,-3.1578081145021124,0.4057161121898321,-2.095341303832824,-0.4327615709421917,-1.5476252031710853,-1.4229500022092694,mixed
U29,4,0.8699315440970903,-0.662801084829083,-1.4824712072677975,0.35896104976719045,-0.5624307181426225,-0.49770224615293157,mixed
U29,5,1.335382246452864,-0.9802840400434631,-1.1346598154247272,-0.6913968645470053,-0.16903875111753675,-0.07884794491080746,mixed
U29,6,-1.2944246227114453,-0.49842771542175607,-1.1416567445918913,-0.6381279725937377,-0.10159748952686981,0.12238031910947256,mixed
U29,7,-1.1085409943048183,-0.32003725358259794,0.6380167419431915,0.46492572682564387,0.5320326709302914,0.797413458422104,mixed
U29,8,0.03284235953438697,-1.5191033682692434,0.13337687464483067,0.06826449475782279,-0.5934435923541759,-0.5342124077557633,mixed
U29,9,-3.0188264243568312,-2.659312091192635,1.5924685218749017,-0.9019019582359948,-0.904767081380403,-0.7506849473189903,mixed
U29,10,-3.1839816964876504,-1.0465776198390553,0.6175293132549403,-1.529484247712451,-1.1899184873606448,-1.4087233096132605,mixed
U29,11,0.6687508010198262,0.4263299630580752,0.7783250256553471,-1.3319654553254656,0.692997183692932,-0.037078557450776595,mixed
U29,12,-0.077981923622367,0.3136933363815636,-0.14924103597492763,1.7970383087139137,0.6173603796323497,0.03411356547241953,mixed
U29,13,-0.11616371835547729,-0.6636449980486248,0.29319552432955237,-0.18793949025719947,0.5056617505424446,-0.05440089668035605,mixed
U29,14,-0.42201565658870854,-1.5115065900388691,-1.0376970766671663,1.3661643644080699,-0.09357081369674719,-0.2876867968020399,mixed
U29,15,-1.0494248519235467,-1.8358430244700399,-0.01840703860504994,0.2807452105660478,0.6751935730271359,0.35775635719525534,mixed
U29,16,-2.9467667084501232,-0.5176966488647327,1.8815663592035297,0.5043070687984235,-0.4685450055802707,-0.7229541663863079,mixed
U29,17,1.8337668754153502,0.8504641696069789,0.5584006950162208,0.04978313403102416,0.7996585524728315,0.6015126014559709,mixed
U29,18,-0.46256936662478554,1.0332658069529994,1.7474465227938607,-1.1451851711019359,-0.036017221692490824,-0.03758759327158634,mixed
U29,19,1.9051737723062172,-1.2235747862670543,1.1965284799595208,-0.714926196743821,0.2594602877461302,0.5598136240528283,mixed
U29,20,-0.46213063772176605,0.07790628933721302,0.44052982499846416,1.0710487780042155,-0.5991250186535466,-0.582730181581894,mixed
U29,21,0.20735135967133,0.20233606113540037,-0.23087113985469127,-0.520267096966269,0.8417252445825815,0.5220181286833367,mixed
U29,22,-0.021318649745749985,-0.8746816687010484,2.5361823308926215,1.050179077080191,0.8365132853512929,0.718791960215085,mixed
U29,23,3.9319000727607754,0.5058805495501594,-0.1751057947554735,-0.2892278223096536,0.6387695099984716,0.8392197527611169,mixed
U29,24,3.3450895571861294,-0.44808938830417655,0.3138376528292503,-0.2942634043859064,0.7480859127020756,1.2129976268937894,mixed
U29,25,-0.25831825147851495,-2.3230478100646916,-0.6346412698986571,0.9374098656120602,0.7277608814218028,0.6452881371169323,mixed
U29,26,-1.696996360742746,-1.0244844633573749,-0.23269672184933635,0.9385389017123316,0.18880101974617747,0.5699539810121984,mixed
U29,27,-2.819288535919865,-0.8747610674452195,-0.684468951771574,-1.009220763743877,0.3445792085801244,0.49521236330254437,mixed
U29,28,-2.387560340297891,0.08578287669249558,0.3745805184409742,-0.12361734678845249,1.0686714582352166,0.6496847940324266,mixed
U30,1,-1.8820532506602055,-0.5097459185798022,1.3554186033232412,-0.7296356119307105,-0.21680976921676626,-0.05462298968440417,mixed
U30,2,-1.992079826943029,0.3462487442231018,0.005093558175316232,0.8701836165404528,-1.7741511321738617,-0.4366168535068683,mixed
U30,3,-3.702035853266737,-0.3326510915484761,-2.4625558557864013,-1.0557856118828661,-2.0343379282236564,-1.4229500022092694,mixed
U30,4,-0.9360515106381858,-0.04193968895231381,-0.936327618617764,0.6085517404922554,-0.13045161989509235,-0.49770224615293157,mixed
U30,5,-0.35442957130844155,0.0898570899622617,0.2691058286667087,0.2548503286149104,-0.25792448398470097,-0.07884794491080746,mixed
U30,6,-1.4937725793114138,0.28833015939426565,0.5338044588029964,-0.9323726146887702,0.3882879650883053,0.12238031910947256,mixed
U30,7,-1.6126902474292928,0.2983246737045336,0.5150476971042107,0.1174596828694146,1.148205728217961,0.797413458422104,mixed
U30,8,-1.9606122272132422,-0.8860000718363916,-0.650124350873593,-0.522382884077193,-1.0087871782137343,-0.5342124077557633,mixed
U30,9,-3.361337656284928,-1.1657571535100537,-0.42221702363994884,-1.1393969216498194,-0.8470103518203173,-0.7506849473189903,mixed
U30,10,-4.800905237766649,0.1288459021998266,-2.038308169152092,-0.22982712593810514,-1.2257209098787727,-1.4087233096132605,mixed
U30,11,-0.3433854753154152,0.8191700493575036,-0.9654798939494424,0.4718796533884936,0.180590689629284,-0.037078557450776595,mixed
U30,12,-0.46089987060200543,1.3214989730991402,1.0682646332350714,1.198755461193762,0.5790707296179318,0.03411356547241953,mixed
U30,13,0.10167324732690358,1.9830857169448786,0.6426174265669712,1.9218313591296878,0.4028431251303546,-0.05440089668035605,mixed
U30,14,-0.3645971635185114,0.730959558918535,0.15925350051582887,1.2682637382633526,-0.10107030315958054,-0.2876867968020399,mixed
U30,15,-0.9450689252611338,1.2571387934997615,-0.22647985348675043,0.06094145028408077,0.31038336604405636,0.35775635719525534,mixed
U30,16,-3.2879672515500245,0.7693748076148103,-0.8400813821319457,-0.14020312550331762,-0.7370916241888725,-0.7229541663863079,mixed
U30,17,-1.5555771868932733,-0.3963381705390166,0.06670446259370644,-0.15733538824541177,0.771602774029803,0.6015126014559709,mixed
U30,18,-2.486358009748057,0.27944227593883497,0.45199641977831356,-0.22454117868408935,-0.15332297803136197,-0.03758759327158634,mixed
U30,19,-2.890384385739783,1.920770875677307,0.7307094395177898,1.0732323124995744,0.9191623361563104,0.5598136240528283,mixed
U30,20,-1.8000732200606944,0.4669593836856862,0.27418643705019197,1.165632091680712,-0.8606130775734637,-0.582730181581894,mixed
U30,21,-3.385817656649367,0.7592032508548735,0.8374518028906983,-1.6519032638186069,0.06065273452483805,0.5220181286833367,mixed
U30,22,-1.7216157101768483,-0.42346288991186465,-0.7691830634563337,0.3059539738938478,0.7905637827401846,0.718791960215085,mixed
U30,23,-3.1377778571502,-0.01598275434721602,-0.9894190284558438,0.6443458377807141,1.062341385362811,0.8392197527611169,mixed
U30,24,-1.8796984983165794,0.765505288407306,0.6064900467314964,-1.277885271908425,1.512849078074032,1.2129976268937894,mixed
U30,25,-1.0518899628561176,2.451413179687326,0.06590654724534872,-0.3285744198839321,0.8835593322992448,0.6452881371169323,mixed
U30,26,1.2139979674048504,1.0084998638171123,0.09041758480181353,0.7938419112789262,0.4914494607942639,0.5699539810121984,mixed
U30,27,0.9038389579318388,0.5758394315656099,0.5665399670587693,0.6019502721156922,0.6581975556073627,0.49521236330254437,mixed
U30,28,-0.22231101118318003,0.44929583350880814,0.3372883530630382,0.5617649692620741,0.4769743523948511,0.6496847940324266,mixed
