unit,time,y,x_linear,x_nonlinear,x_null,x_common,common_factor,scenario
U01,1,-2.243595964138516,-1.9980881610343648,-0.09207370214204458,0.7694130674054045,-0.4549921346506276,-0.9565400506026509,common_shock
U01,2,-3.051673861317114,-0.011837529380242667,-0.032578918868621104,-0.36948544926615523,-0.12220431357965911,-0.7231786160963771,common_shock
U01,3,-3.987991272073613,-0.2053532565657232,0.31746753903857,0.9876425112463367,-2.185587435520673,-1.8340859829642977,common_shock
U01,4,-4.846703537813035,-1.2826442360962262,0.10102130777957186,-0.9425026972119348,-2.248680333547697,-2.1063783042719013,common_shock
U01,5,-3.7801233839774113,-1.1308953750810518,-1.0754464484261093,-0.14434834016162476,-0.7719986535521537,-1.0594248914898028,common_shock
U01,6,-1.6002459297022147,0.0346083641617682,-2.1423038148972244,0.34699970176634576,-0.9181764500042083,-0.8267324736217052,common_shock
U01,7,-1.9688569986482958,-0.7471438401318702,-1.482000622325265,-0.06452035750659799,-0.034680961839261934,-0.039601827395817524,common_shock
U01,8,-1.6472616936288662,0.03141118658751324,-2.8699968198560195,-1.983538786578365,-1.4548033604628459,-0.6971076209791378,common_shock
U01,9,-1.9481434445266597,-0.7101222520717912,-1.3992233372163312,-1.9857237028850143,0.4142834223103975,-0.6690024502396922,common_shock
U01,10,-5.380069344214265,-2.0968644183642176,-1.2520680286569434,-0.12865786178174798,-1.6899347296804847,-1.3958249551026236,common_shock
U01,11,-2.5316809292520626,-1.3622386100250479,-0.2052401566344353,0.4194393696562723,-1.1346425806450158,-0.8724551604090014,common_shock
U01,12,-3.1136579389822683,-1.614207070428981,0.22558267004532917,-0.43262216319218627,-0.9352091668796743,-0.3178850830246769,common_shock
U01,13,-1.8883637998665153,0.4948647868861816,0.9046599754179431,0.33200787051071884,1.3074888667388198,1.1681838601247825,common_shock
U01,14,0.1172495778406415,1.3762202688436878,1.3823834920095828,-0.3810807824926249,0.7840940451652025,0.996240873558347,common_shock
U01,15,0.5498113393314541,1.8360926210413266,0.6652932799603972,-0.8956148372374286,1.436548721066385,1.4980347874802176,common_shock
U01,16,1.459812992952761,1.6081844213964347,1.3968680916332499,0.0348780431549644,0.9724046488127355,1.1308496918969797,common_shock
U01,17,0.6304251201253603,0.7284178398641501,0.760273413839162,-0.3622286000686307,0.7883104795550961,0.640567016291141,common_shock
U01,18,-1.026087817094338,1.0718776403160657,0.9241876731714086,0.1937694554243768,1.2218003381739915,0.8168560166404065,common_shock
U01,19,-1.7958697105229111,0.8900221442650983,1.6446312714988163,-0.10593612270774498,1.6521656210569877,0.8709512711600449,common_shock
U01,20,-2.284010360941237,-1.9321805345118257,-0.2545546887851443,0.14771329817993023,-0.09606568309392868,0.04834208793131767,common_shock
U01,21,-2.875767086321369,-2.0076101372510613,-1.044136111565761,-0.6625732484613619,-1.2043486838451118,-0.9491776102087401,common_shock
U01,22,-3.3733051658341395,-1.0165479614299167,-0.7102439447903514,1.9566071814047459,-1.3020584557135844,-1.5513986732273697,common_shock
U01,23,-4.6889768082144245,-2.6275527446018954,0.25918961632596926,1.0522522353613923,-1.7183459095854228,-1.5326908671873256,common_shock
U01,24,-4.36734951340241,-1.2028229848312748,-1.7213958019793854,1.131462922793654,-1.3561104631278513,-1.3752813740398864,common_shock
U01,25,-4.438412359964917,-2.310191388798664,-1.7589974659032344,-0.35491298559578954,-1.437800480005386,-1.3734645057394097,common_shock
U01,26,-4.8050321694913105,-1.5720821985888915,-1.6003833288919567,-0.15755430721030592,-1.5602786693419928,-1.2985501562135604,common_shock
U01,27,-2.894083127347304,0.04512154202109961,-0.9811956164618387,-2.5418158662448085,-0.6297369388385459,-0.5703112449332581,common_shock
U01,28,-1.1264014272522955,-0.32069551196784585,1.201287806619832,-1.1537817221406854,-0.18401363134584026,0.10999163442248,common_shock
U02,1,0.9250724943013877,-0.39176249792956075,-0.5880879748654184,0.3336670513587045,-1.049254659234361,-0.9565400506026509,common_shock
U02,2,-1.3616363255764856,0.25813911007803997,-1.150421240749811,-0.882075689361078,-1.3130544793228975,-0.7231786160963771,common_shock
U02,3,-1.258864392554654,-0.16301441388213805,-1.8638193409642305,-2.7614748728069047,-2.0080330444232293,-1.8340859829642977,common_shock
U02,4,-2.331784769662636,-0.4313634275567598,-1.6258975971429792,-2.2725913636483,-2.5680669564867467,-2.1063783042719013,common_shock
U02,5,-1.9846224587865018,-1.0194008899926827,-0.512064585446611,-0.6278265377866649,-0.6447991054187628,-1.0594248914898028,common_shock
U02,6,-0.8851855860879835,-1.7382053336862868,0.3191280215727985,-1.7501270448036441,0.10967364800095414,-0.8267324736217052,common_shock
U02,7,-1.6946084089938325,-0.6101002284564698,-0.015494387696953243,-0.9472478868306613,0.4671837979400068,-0.039601827395817524,common_shock
U02,8,-1.9162258679564161,-1.787634374686843,-0.07591898182874815,-0.4394328286050285,-1.0553746510183102,-0.6971076209791378,common_shock
U02,9,-0.751568026756251,-0.2218167283759222,-0.6299637269456971,-0.7913024427094378,-0.7873134658315026,-0.6690024502396922,common_shock
U02,10,-1.131557755434771,0.49310418679152745,-1.0425103150395185,0.09767949945805166,-1.227552122410924,-1.3958249551026236,common_shock
U02,11,-1.3851420062910231,0.3229504222745804,-0.8403366481597798,-1.1014296912217094,-1.0406884857797043,-0.8724551604090014,common_shock
U02,12,-1.5698400741064162,0.4613726354376372,-0.4631138347818998,-1.8577472591992503,-0.04407706177789633,-0.3178850830246769,common_shock
U02,13,0.3670757926106396,0.8643409277037326,-0.2177577814076267,-0.47517547138968086,1.0087940710617171,1.1681838601247825,common_shock
U02,14,1.6078162518708565,1.4253897172923804,0.08728480827410395,-0.17964068029131738,1.22726918818414,0.996240873558347,common_shock
U02,15,1.5433700756399733,0.7594113961185679,0.8390731239215012,0.5833169677679204,1.3814058817853077,1.4980347874802176,common_shock
U02,16,1.1091557518146948,1.3025908320402473,-0.22587244529330053,-0.00037064169511924483,1.6698863632208123,1.1308496918969797,common_shock
U02,17,1.6838558159324988,-0.37420936001681315,1.0049784479678066,0.9722826876616156,0.7071273762912107,0.640567016291141,common_shock
U02,18,-0.18531489778580268,3.0648646921895066,1.674123142602637,-0.020309841095602743,0.8640724810553891,0.8168560166404065,common_shock
U02,19,-0.12828875476090973,1.9172994268489691,0.7507581939452005,1.0684061319109546,0.6601349335124231,0.8709512711600449,common_shock
U02,20,1.0298818588394403,2.115500356162629,-0.6688532585892213,1.0437263080674533,0.097159053692905,0.04834208793131767,common_shock
U02,21,-0.32751329573426247,0.8041700124718554,0.07022093232227034,-0.9802379817830761,-1.140039031840712,-0.9491776102087401,common_shock
U02,22,-0.23260370652052376,-0.6562840914879617,-1.281348966122005,-1.5585196377857224,-1.5383800739864624,-1.5513986732273697,common_shock
U02,23,0.24530623729324263,-0.15455782935966902,-0.7641433173722181,-0.4790937738615366,-2.1758605436421896,-1.5326908671873256,common_shock
U02,24,-1.7391159097236888,0.37915234323209623,-1.7555388684600541,1.0138646487740184,-1.2723179176391177,-1.3752813740398864,common_shock
U02,25,-2.6700898707122933,0.32274250551273137,-0.6338021812654456,-0.04033504065232085,-1.2587307807553056,-1.3734645057394097,common_shock
U02,26,-1.4196375947105264,0.3695027396209798,-1.4570866924975965,-1.1839998407936347,-1.1464324618124564,-1.2985501562135604,common_shock
U02,27,-0.5090197093335143,1.7033317413389757,-0.24154837759588244,-0.08522006693260004,-1.2112640504012946,-0.5703112449332581,common_shock
U02,28,0.4813870276147204,-0.41825263353916664,-0.40056500944633755,0.32705012532292094,-0.10951646748568851,0.10999163442248,common_shock
U03,1,-0.43520534071628775,0.5966659761508638,0.09061852570586532,0.12752596760072216,-1.0983569929661567,-0.9565400506026509,common_shock
U03,2,-1.270681520662178,0.8104332796008296,0.8977218051273779,-0.9472352584637229,-0.17110223426695859,-0.7231786160963771,common_shock
U03,3,-2.441138814184067,0.024838486278881522,-0.7366281671379381,-0.8721753621563622,-2.2058795950771355,-1.8340859829642977,common_shock
U03,4,-3.591550605300262,-0.9330011660284877,-1.4397971098267537,-1.4484165444448434,-2.6582034143146007,-2.1063783042719013,common_shock
U03,5,-2.4392431672861425,-0.5137942662183388,-1.2949095032218856,-2.42638472600178,-0.9011492980790703,-1.0594248914898028,common_shock
U03,6,-1.4852367267395772,0.22121036593557108,-1.1072781468921762,-1.043385779582915,-0.34283296815410924,-0.8267324736217052,common_shock
U03,7,-1.3946266822809286,0.7779998122322955,-0.3739098611949908,-1.8405234048183006,-0.3043932734826213,-0.039601827395817524,common_shock
U03,8,-1.7708333376397927,-1.724033138489808,-0.31977632891068486,-0.3422115103474933,-0.8850854729103547,-0.6971076209791378,common_shock
U03,9,-1.6286121435121985,-0.4720413569352612,1.143743935539227,-0.06394137769490019,-0.2341284254361662,-0.6690024502396922,common_shock
U03,10,-1.218491988417849,-0.6601057217212245,0.13569254960233196,0.014443344574658252,-1.8114947527198186,-1.3958249551026236,common_shock
U03,11,-0.732843838632542,-0.7794833997226561,-2.3867134804179675,-1.3884934548318923,-1.024245722617639,-0.8724551604090014,common_shock
U03,12,-0.3581350251695459,0.4589806416413369,-0.4265705773145782,-1.960083033196815,-0.05593380154955463,-0.3178850830246769,common_shock
U03,13,1.138014053978384,0.3415810732024904,-0.4777108061957276,-1.8150138118579977,0.9975517450587321,1.1681838601247825,common_shock
U03,14,1.5715233729132096,-0.20855339749612323,0.10140004120513296,-1.2828656572651185,0.5214347394862614,0.996240873558347,common_shock
U03,15,3.7444322014701967,1.009003099516598,0.3818138449615579,-0.21442674289923308,2.3876955354926954,1.4980347874802176,common_shock
U03,16,3.8800130853857935,0.789584775527434,0.5470585854659381,-0.044817555471778875,1.4013487254923276,1.1308496918969797,common_shock
U03,17,2.5990448080330304,1.8112759847003614,0.2171014766408447,-0.3777757258389601,0.29854002470327934,0.640567016291141,common_shock
U03,18,3.1847215614038875,1.3760000417715519,-0.25087859459276196,0.09287503628756921,1.029024058494109,0.8168560166404065,common_shock
U03,19,2.8188162171472184,0.4571910035629065,-0.6973424641128108,-0.7024963701625803,0.8976697722653468,0.8709512711600449,common_shock
U03,20,-0.46383335035714657,-0.13384250207093737,-0.8234166351049311,-1.2769296510766424,-0.6139181756513847,0.04834208793131767,common_shock
U03,21,-1.7592356487392926,-1.3052843676354358,-0.5635333230807604,-0.3150912888478451,-1.2751234651823615,-0.9491776102087401,common_shock
U03,22,-1.4343668333803656,-1.0878250724971608,-0.7755627401390389,0.3303707264566901,-1.8875249619932513,-1.5513986732273697,common_shock
U03,23,-1.5299766332305709,-2.1547646170555277,0.11386994553662888,1.0295031191526676,-1.44603828644268,-1.5326908671873256,common_shock
U03,24,-1.2988924954695702,-1.991649151233652,2.729758588468838,0.1476641202753422,-1.4883268056245123,-1.3752813740398864,common_shock
U03,25,-2.6301459946882773,-0.9189982234114986,0.9802876014898987,-1.523935278341608,-1.08523246214198,-1.3734645057394097,common_shock
U03,26,-1.6379299199423736,-1.8924883555874068,1.3374992404408905,-1.398333663990909,-1.7626661906342094,-1.2985501562135604,common_shock
U03,27,-0.11941969969596655,-0.36552193315214,0.5674264762108105,-1.406694324785716,-0.4397794231676594,-0.5703112449332581,common_shock
U03,28,0.9545174088168051,-0.3170776287330862,1.4893436695214017,-0.3870006960730795,0.32067169743987384,0.10999163442248,common_shock
U04,1,1.2957947472313103,-0.7558902139890288,0.9564908831657012,-0.45140408877699467,-0.802150994675238,-0.9565400506026509,common_shock
U04,2,4.1357105074560225,1.0858354315105003,-0.7652559147313265,-0.1939019759354987,-0.9717848348635392,-0.7231786160963771,common_shock
U04,3,2.3720244240081474,-1.0792241878302138,-1.0252283184378195,-0.8064537446660469,-2.0412620241594968,-1.8340859829642977,common_shock
U04,4,2.1728515321419186,1.104590917232113,-1.5248330757965913,-0.965272842208339,-2.2177398587078097,-2.1063783042719013,common_shock
U04,5,2.002596911136331,-0.0749469829050198,-0.27423700942336754,-0.13215198736483758,-1.1615973342964196,-1.0594248914898028,common_shock
U04,6,1.5145785951193822,-0.05550751612213313,-0.19330776414255146,1.042543101410837,-0.8571241530162083,-0.8267324736217052,common_shock
U04,7,1.8350445263780397,0.20575144230438958,-0.07330229897566831,0.8088133016657688,0.02444963080910236,-0.039601827395817524,common_shock
U04,8,0.13686845836881112,1.5230333314482676,-1.0065443542739185,0.7561448494004599,-1.104771210989418,-0.6971076209791378,common_shock
U04,9,0.3947100114851183,1.5536124805507852,-0.9694065563020223,-0.7633202049187117,-1.1700268631656494,-0.6690024502396922,common_shock
U04,10,0.3779659681810603,0.7570894653755004,0.0541694408247978,-1.8295322519113395,-1.6475801463970958,-1.3958249551026236,common_shock
U04,11,3.258356874885127,-0.800033813069785,-0.15395031449949365,0.9631287033914696,-1.065301607573332,-0.8724551604090014,common_shock
U04,12,1.8882290718544084,0.21113685147213324,1.4434550731573887,0.3418467259719335,-0.4069836636825898,-0.3178850830246769,common_shock
U04,13,1.911932092798426,0.9095700421220128,-0.04607955948138309,-0.11851318249775505,1.1633387387658347,1.1681838601247825,common_shock
U04,14,2.7796986196548152,0.3378668237053812,0.21563877239242407,-0.7472424816138914,0.9387867295983223,0.996240873558347,common_shock
U04,15,2.392345679468361,-0.0343994452094042,2.14188596455797,0.4283234386624598,1.4297085599591195,1.4980347874802176,common_shock
U04,16,4.809483008052288,0.2660783564032537,1.2588105511221155,1.6277732627599097,0.8998032935915947,1.1308496918969797,common_shock
U04,17,4.147936498313274,0.38052278627135605,0.9299949867257937,0.21087769927243477,0.46638445207660967,0.640567016291141,common_shock
U04,18,4.3225617879970315,1.2734645079580884,0.33234836517296373,-0.16762894364413855,0.44927615034957075,0.8168560166404065,common_shock
U04,19,4.94280756879933,2.3410243418347583,0.48613992270209755,-0.6494392380217318,0.7822366094703329,0.8709512711600449,common_shock
U04,20,4.292884218007117,0.7583128784750632,0.23236473696194615,0.40797098996905146,0.3892430591519857,0.04834208793131767,common_shock
U04,21,2.595954289449229,-1.2776688779049394,0.21003746137028245,0.6668114488456257,-1.0196185988008193,-0.9491776102087401,common_shock
U04,22,-0.11765609015997947,-2.018783009597232,-1.3914621917948795,-0.29106942835812716,-1.0410271284160495,-1.5513986732273697,common_shock
U04,23,0.46278288511599514,-1.380678357101883,-0.4315490253320127,0.9721963980509394,-1.5424024884905263,-1.5326908671873256,common_shock
U04,24,-0.06504014148092319,-0.42773032049375626,-0.46207842143075234,0.5785125657551542,-1.8359643035732378,-1.3752813740398864,common_shock
U04,25,-0.29208733860018066,0.7511840461646673,-0.3519823566265512,0.4421685588849832,-1.376472634438552,-1.3734645057394097,common_shock
U04,26,0.8959333737422114,-0.0710549730495021,0.007547339022646649,0.41411689830580467,-1.1080017573271754,-1.2985501562135604,common_shock
U04,27,1.6132411286139623,1.4197094201908445,0.7252405415987695,-0.49964345196767446,-0.22354534362293788,-0.5703112449332581,common_shock
U04,28,3.1685830509789787,1.4158315901391711,1.4063255927185219,-0.5898564280982855,0.4246034450924134,0.10999163442248,common_shock
U05,1,-1.489083388230513,0.16031935179779822,0.40869952503652185,0.08521731493196086,-1.3074507800453887,-0.9565400506026509,common_shock
U05,2,-1.4192324117290058,-0.6948093794010374,-1.9047463351555,0.09979875846940414,-0.9350756345107183,-0.7231786160963771,common_shock
U05,3,-2.7113235629776615,-0.8473483234224749,-0.48662108618726624,-0.5396197199951548,-2.024297934153954,-1.8340859829642977,common_shock
U05,4,-3.654947103989268,-0.20812272111062194,-0.03476423358581393,-1.4479764082869915,-2.5464345695536093,-2.1063783042719013,common_shock
U05,5,-2.0873429294157377,0.6107899760948551,-1.0859292303357095,-1.693739475014786,-1.6991795049069185,-1.0594248914898028,common_shock
U05,6,-0.5069812035743182,0.06986234481906156,-0.6682635431378834,-0.2968690899131894,-1.1458743595507594,-0.8267324736217052,common_shock
U05,7,0.10542201809961149,1.4558301745995958,-0.8306335410844098,0.8838359205187281,0.02621017349149738,-0.039601827395817524,common_shock
U05,8,-2.0277946705714847,-0.034879804939416295,0.657010036069022,1.420321761065351,-0.7785308016452942,-0.6971076209791378,common_shock
U05,9,-2.871838522103797,0.6406297056276684,0.649416631743931,-0.5605824040924875,-0.6391510106450359,-0.6690024502396922,common_shock
U05,10,-1.3551661402639903,0.3282739180894202,-0.44999698641055763,-1.029836816211175,-1.0224022749543416,-1.3958249551026236,common_shock
U05,11,-1.3391290993250409,-0.1849326806593718,0.923011562169787,-1.4469372372342817,-1.1254652102246954,-0.8724551604090014,common_shock
U05,12,-2.435274217628701,-0.25943244909107044,0.6777964394903647,-1.9968287772358835,-0.2584458078194263,-0.3178850830246769,common_shock
U05,13,-1.5541411709328825,0.950283548276728,0.8089546829729478,-0.552568781051745,0.5051185762622891,1.1681838601247825,common_shock
U05,14,0.6767417583219287,0.7057367688141407,-0.42188486944212505,-1.7922134689043463,1.0533564002039875,0.996240873558347,common_shock
U05,15,0.9970666717314187,0.3921035375236981,0.19093599519141544,-0.5303338670481741,2.1094371395124707,1.4980347874802176,common_shock
U05,16,2.076827680338323,-1.0025423161176583,0.9788633133684997,-1.134928937779458,1.1411929968408505,1.1308496918969797,common_shock
U05,17,1.1784366114404543,1.1807733217937688,0.557103204901529,0.09911171481484116,0.8769283974985811,0.640567016291141,common_shock
U05,18,1.38976589017433,-0.16667836513917736,1.1117009600937902,1.2397354549220692,0.25047088092452163,0.8168560166404065,common_shock
U05,19,1.6665387993233352,1.5888230849243214,0.6768555087978608,-0.42224680960074096,0.9522888929676441,0.8709512711600449,common_shock
U05,20,0.21133681367677798,1.1511400405226486,-1.579167600960858,0.6137625959229038,0.6060451321655971,0.04834208793131767,common_shock
U05,21,-1.6898615545824605,-0.31320863089117507,-0.8125844167784053,0.7892083862913566,-1.0160794516311118,-0.9491776102087401,common_shock
U05,22,-2.02617320400692,-0.9914340797535176,-1.9400567616701911,-0.2933692779411002,-1.3248546421463943,-1.5513986732273697,common_shock
U05,23,-2.83068884491548,-1.6642526681647754,-1.3595630625297912,-0.010422794459445148,-1.219093404613363,-1.5326908671873256,common_shock
U05,24,-2.8223436740534273,0.1753761882142413,0.25745625548626005,0.32532583200557474,-1.3527661823612196,-1.3752813740398864,common_shock
U05,25,-3.7163043179508333,0.6394350452239367,1.7952974089803093,1.1399616976124378,-0.7598439647283388,-1.3734645057394097,common_shock
U05,26,-3.679126967992393,-0.3271245615899087,0.42906272184699157,0.8598895793269732,-1.006838643215449,-1.2985501562135604,common_shock
U05,27,-2.696369337976049,1.3910441846996566,0.08294235122875387,0.47510642208791976,-0.5012111518990032,-0.5703112449332581,common_shock
U05,28,-1.2113305511031296,-0.8461058149944374,0.2763667056285176,-1.5307154370513687,-0.5603255487466449,0.10999163442248,common_shock
U06,1,0.5435795459197992,-1.6250477502313037,0.03151743787394368,-0.9388309841365493,-0.653493404512774,-0.9565400506026509,common_shock
U06,2,1.5644744276605251,-2.0009295877180597,0.26484362584130744,-0.487254884298512,0.1789618721759284,-0.7231786160963771,common_shock
U06,3,-2.1035798959406566,-1.6290632910663505,1.1433332793634254,0.6546962411787306,-1.5431202179477574,-1.8340859829642977,common_shock
U06,4,-3.520697021339082,-1.196853270296966,0.05680965999146681,-0.7818009884832451,-2.160837072974545,-2.1063783042719013,common_shock
U06,5,-2.6746482716039504,-2.071060791340113,1.8580391483815655,0.14338909664259158,-1.115921309358021,-1.0594248914898028,common_shock
U06,6,-1.629678465263941,-1.2150437068682745,0.5985332236924096,0.9255435563636322,-1.4175625564545329,-0.8267324736217052,common_shock
U06,7,-0.6634452765898394,-0.2215490298624752,1.1618660867446737,0.7267769937683851,-0.9344372279843728,-0.039601827395817524,common_shock
U06,8,0.27106963456640415,-0.9611369966441352,2.2317212448969075,-0.25047622285992155,-1.3898847401963117,-0.6971076209791378,common_shock
U06,9,-0.1494581626043387,-0.8639000782751691,1.8441336676958044,-0.7147454821568471,-0.38999598610483427,-0.6690024502396922,common_shock
U06,10,-0.8203645079398445,-0.8078610512914038,0.8588969539864162,-1.2552576053793674,-1.492348229565472,-1.3958249551026236,common_shock
U06,11,-0.21324012991713637,-1.2578565660113326,0.36429919086584567,-2.213182648984479,-1.0919491394906915,-0.8724551604090014,common_shock
U06,12,-0.3487118789453045,-0.7955234386608993,0.7874954898179257,-1.5224482355932825,-0.3782572205813432,-0.3178850830246769,common_shock
U06,13,1.996801028973778,0.3449804584861123,1.0704837424517581,2.3416781063145056,0.9666256032430265,1.1681838601247825,common_shock
U06,14,1.8353342256392529,0.9472424804068523,0.13021934418133607,1.0653666489751477,0.9345020112835346,0.996240873558347,common_shock
U06,15,2.106459268171401,0.9478531325642715,0.8486791958223605,1.5414735725932656,0.9793177514407831,1.4980347874802176,common_shock
U06,16,0.5654013623452201,0.9737766355180153,1.1984206839774294,0.09840762779379686,0.47373936106394066,1.1308496918969797,common_shock
U06,17,0.5446224943322601,-0.5228315480500768,-0.018331282164425977,0.7606735023623927,0.7931555797903362,0.640567016291141,common_shock
U06,18,1.6620323500816,-0.42698625827870246,0.714669012334456,0.29262725571883336,1.0964616429783867,0.8168560166404065,common_shock
U06,19,1.1641093312527562,0.7901754707880815,0.30749022644745794,0.07433136890326043,1.4333531472178183,0.8709512711600449,common_shock
U06,20,1.7386864712680303,1.2588761777510469,-0.4839410123151271,-0.22935941364742357,-0.17245429901521053,0.04834208793131767,common_shock
U06,21,1.286412636017508,0.9908891502860093,-0.6892990790051768,-0.7706606627407389,-1.35850414479333,-0.9491776102087401,common_shock
U06,22,-0.49421534451890314,0.35728927351328954,-0.09938567985891578,1.570372315810193,-1.9349982956062184,-1.5513986732273697,common_shock
U06,23,-0.6323948973485888,0.3153959749835471,0.8334896084630615,2.592793897170689,-1.413556411014305,-1.5326908671873256,common_shock
U06,24,-1.309248136019252,-1.6710926764225982,-0.11492098487010072,1.7579880378009627,-1.3938893044324985,-1.3752813740398864,common_shock
U06,25,-0.6485149778812505,-1.5733246969373487,-0.5012265979702764,0.244111863293826,-1.9290234328542282,-1.3734645057394097,common_shock
U06,26,-0.22996738738206185,-0.2550814697320263,-0.7517482159198321,0.26368717931745617,-0.853791048447023,-1.2985501562135604,common_shock
U06,27,-1.4730296878162121,-0.6599766718547044,-1.4523038040429406,0.1775404582935749,-0.8238912122226225,-0.5703112449332581,common_shock
U06,28,0.751525725083026,0.9226173538815422,-1.1274529722199067,-0.49292138865255963,-0.2757038229991653,0.10999163442248,common_shock
U07,1,0.7852176754232177,0.26035433677174963,0.6827183190196673,-0.216313712967187,-0.9972819237974702,-0.9565400506026509,common_shock
U07,2,0.4143575785068083,-0.24405131199380642,1.7829860430182825,0.38854679826251054,-0.8911606729737903,-0.7231786160963771,common_shock
U07,3,-1.5652586102467976,-0.9053510155780397,1.4136683377674923,-0.26695702701293733,-2.611850478143486,-1.8340859829642977,common_shock
U07,4,-1.6740133266667068,-2.653829936537562,-0.5480002049988723,1.6645672232378617,-2.032676438401075,-2.1063783042719013,common_shock
U07,5,-0.9587004777239881,-1.8382470332843173,1.3781844374210344,1.4368087299361132,-0.09368603945826592,-1.0594248914898028,common_shock
U07,6,-1.6344380725173544,-1.8307542749064658,1.5346559717139097,0.8652421762379068,-0.5257020430889361,-0.8267324736217052,common_shock
U07,7,-0.7500419147919891,-0.34519219670803886,0.3826714512473701,0.8432170953400079,0.08570741308708923,-0.039601827395817524,common_shock
U07,8,-2.667864786039866,-0.2253781121526909,-0.5646714079142564,0.6508350545238392,-0.684805094471462,-0.6971076209791378,common_shock
U07,9,-0.3073454298554613,-1.9837792768388736,-0.36549797026638886,0.31487548868245363,-0.6587832416269573,-0.6690024502396922,common_shock
U07,10,-2.839957577482486,-1.3439142058910574,0.499333948497298,-0.4047921918312263,-0.7129921615438953,-1.3958249551026236,common_shock
U07,11,-2.5584896854385053,-0.7928060222506367,1.8563321593881128,-0.9738663625664193,-0.45854562526275155,-0.8724551604090014,common_shock
U07,12,-0.45980274890515943,0.28464097780419423,0.5829348808067939,-1.0017939305730943,0.15777126842840533,-0.3178850830246769,common_shock
U07,13,-0.08370062972243875,0.16182157291781515,-0.5931716960902673,-1.0554200534154639,1.573415463564333,1.1681838601247825,common_shock
U07,14,1.223991243234018,-0.33604983423762375,-0.30703202220961473,-0.3981529335177959,1.841333907051396,0.996240873558347,common_shock
U07,15,3.4411658524630595,1.0600391793503405,0.13163587585437564,-0.8452265588791328,0.9647874510054708,1.4980347874802176,common_shock
U07,16,3.70021538756798,1.6316634642783154,0.059568781141035976,-1.3938863476002716,1.2788098813214854,1.1308496918969797,common_shock
U07,17,3.752672018698379,0.27702563638414746,0.8588794713662666,-0.8728689638636424,0.8688675500832418,0.640567016291141,common_shock
U07,18,3.1721960185558533,0.7590628361965501,1.9180765488412013,-0.5840912487408084,0.8857500185676876,0.8168560166404065,common_shock
U07,19,3.4725618027366165,0.4693519588696954,1.0638122083463477,0.5651657256096251,0.8843566039961506,0.8709512711600449,common_shock
U07,20,1.3327035163043743,-0.9435868599112643,1.548982516511952,1.5005004517555274,0.24862600548064023,0.04834208793131767,common_shock
U07,21,1.0587686926645303,-1.5720016630419775,0.3224903583491202,3.398153831291007,-1.2648271879555817,-0.9491776102087401,common_shock
U07,22,-0.46059447220500727,-1.0085690211968672,0.6957531787509976,2.1626144231151647,-1.5877918207134192,-1.5513986732273697,common_shock
U07,23,-1.7100410566173343,-0.5712333540543808,1.405299113268871,0.482952195307476,-1.380883613458872,-1.5326908671873256,common_shock
U07,24,-0.01657412155762472,-0.21985479395024904,0.9386420314153767,-1.103385050587282,-1.2640899256715195,-1.3752813740398864,common_shock
U07,25,-1.3720726913240548,-0.8600577078526743,-0.7562839353802511,-0.1655562096791397,-1.3639980387351296,-1.3734645057394097,common_shock
U07,26,-0.6917330477761814,-1.0958222096052794,-0.08538108329675997,0.0970498064300396,-1.868063996250451,-1.2985501562135604,common_shock
U07,27,-0.9621834491706516,0.6944010564832586,0.15663734087580955,0.9050545763175788,-0.5266866697412986,-0.5703112449332581,common_shock
U07,28,-0.04334049463251338,1.135632925767729,0.3993983516832212,0.1730817373326589,0.07049050406887,0.10999163442248,common_shock
U08,1,-3.2575687266858564,0.15690433897552689,-0.7460338810782537,0.47093771274702995,-1.2791775820752367,-0.9565400506026509,common_shock
U08,2,-0.9774105402062204,-0.3254282473250736,-0.7197682088309705,1.7805486215400221,-1.0708071315370657,-0.7231786160963771,common_shock
U08,3,-2.681810357125222,-1.5408176129059326,-2.1150367906446985,-0.13014980610928728,-1.799116293885345,-1.8340859829642977,common_shock
U08,4,-1.5087830051896263,-1.069086209753388,-0.08905846731259415,-1.5607156085025444,-1.7980578570530377,-2.1063783042719013,common_shock
U08,5,-1.5733259119320495,-0.528211690163185,-0.7098426140475056,0.47254606772680463,-0.7240276379311408,-1.0594248914898028,common_shock
U08,6,-0.6888073364399604,0.01960426544383874,-0.9787328724404328,1.3545843627448795,-0.5192360203621229,-0.8267324736217052,common_shock
U08,7,-0.09728730540895775,-0.35914103798798025,-0.7524138044380503,0.37674695193228674,0.6460659764800432,-0.039601827395817524,common_shock
U08,8,-0.9605028888648066,-0.5483812659611257,-0.11762144994745843,0.18461967840041138,-0.8758106829896288,-0.6971076209791378,common_shock
U08,9,-2.385870845977065,-0.7139496976635138,-1.3776554729465382,0.8736694462289177,-0.5588245677535877,-0.6690024502396922,common_shock
U08,10,-1.3082879766142506,-0.2568497227714901,-0.9410418778173819,0.7306225605591367,-1.2914590407277613,-1.3958249551026236,common_shock
U08,11,-2.096676634651239,0.21241871887542696,-0.62749445540248,0.10790194878435538,-1.0578974034160225,-0.8724551604090014,common_shock
U08,12,-2.443730897446473,1.7829503036931826,-0.3488247718051619,0.7455122377489337,-0.1211316327950025,-0.3178850830246769,common_shock
U08,13,-0.3400035056485785,1.3367850286483023,-0.24357007532921027,-0.4725533375185672,0.46960845186667044,1.1681838601247825,common_shock
U08,14,1.2023678980657255,2.632220138435138,-0.2501648058693744,-0.20293726397338782,1.356357567255747,0.996240873558347,common_shock
U08,15,1.204088799794207,1.861748695554901,-0.2924556524191957,-0.6907191988087007,1.528447150134446,1.4980347874802176,common_shock
U08,16,1.938665684021533,2.047267702729169,-0.47233234518579204,1.6211503927523099,1.2646147398269278,1.1308496918969797,common_shock
U08,17,0.81782877153824,2.0090325577827532,0.025890709789557154,1.33866332570752,0.44303780299014706,0.640567016291141,common_shock
U08,18,1.7078670808525969,0.6303793996372944,1.2198067465804974,0.14541545372927167,1.2210193367258695,0.8168560166404065,common_shock
U08,19,1.3593651866017502,-0.6158867546428208,0.2877381514952269,0.7786083392044875,1.375574523503158,0.8709512711600449,common_shock
U08,20,0.5286053741468579,-0.9877968165959891,-0.859060544636513,0.4043655693226631,0.237269895850659,0.04834208793131767,common_shock
U08,21,-0.39747278551987564,-0.3078737481676609,-1.6956627817001289,-0.23881276171205693,-0.3599263079802185,-0.9491776102087401,common_shock
U08,22,-0.3950293423004967,-0.420739381671525,0.8657626486693157,0.2693528601514629,-1.4889542095391144,-1.5513986732273697,common_shock
U08,23,-0.620538794807872,-0.480874532579027,-0.6057485479663931,-0.6245515097798582,-1.3137543637616045,-1.5326908671873256,common_shock
U08,24,-1.0403805396172565,-1.195374092224924,-2.4465672230308515,0.6805642296170509,-1.8911020798134413,-1.3752813740398864,common_shock
U08,25,-0.006566968423177055,-0.2860669196545313,-2.1182405448502264,0.5726703047635461,-1.5686929847217181,-1.3734645057394097,common_shock
U08,26,-1.595414800234002,0.09036893936531012,-0.8289412973092275,-0.8006686107750791,-1.7128982075186292,-1.2985501562135604,common_shock
U08,27,-0.274070367845762,0.6631175244739513,-1.474790168705633,-0.32759698311403607,-1.1062576966846065,-0.5703112449332581,common_shock
U08,28,0.6634130411791921,-1.1736734287718962,-1.233163253546007,1.6375871382218217,0.04582277861651134,0.10999163442248,common_shock
U09,1,0.40346094900240326,-1.4504644257357644,-1.8306752571737128,0.015495555592170312,-1.2522466348423014,-0.9565400506026509,common_shock
U09,2,0.38914139176744444,-0.6563642426909533,-1.251824257226738,0.1823290637422279,-1.236061057498628,-0.7231786160963771,common_shock
U09,3,-0.17179552913137863,-0.3947481397530521,-2.0183775427689805,1.1725811186986148,-2.0248056779811643,-1.8340859829642977,common_shock
U09,4,-3.176932073135047,-0.17662019394453307,-1.8847689545351876,0.5128769715741278,-2.2343894969514717,-2.1063783042719013,common_shock
U09,5,-2.378608236166138,-1.127329992287397,-0.3385162347861625,-0.6184000416564175,-1.6206870666485036,-1.0594248914898028,common_shock
U09,6,-1.5550586721038722,1.2934408258171508,-0.7061824095086411,-0.7200126284964421,-1.4969785322883316,-0.8267324736217052,common_shock
U09,7,-0.710823449825735,-0.2537970070773078,-0.02758777924741454,-1.1342005480290762,-0.20713139084589138,-0.039601827395817524,common_shock
U09,8,-0.8867408125776817,-1.669982329565513,0.33927926341478964,-0.11354537617534627,-0.49360145014151435,-0.6971076209791378,common_shock
U09,9,0.5165568663934699,-1.0111249980340011,1.7426285811500584,0.14133093570497893,-0.3667109036191776,-0.6690024502396922,common_shock
U09,10,-1.374808038572922,-0.4638861703142761,1.3821815896305774,-0.3101766682809617,-0.9964991662119344,-1.3958249551026236,common_shock
U09,11,-0.5205441842189171,-1.0171727292970423,0.3352613372546754,-0.9618539355020245,-0.8844376230059803,-0.8724551604090014,common_shock
U09,12,0.012803747903597396,0.5894125004999032,1.4005608098370539,-2.100765153248191,-0.28583394841659593,-0.3178850830246769,common_shock
U09,13,0.7566248814540519,0.9266301319063837,-0.44191023738734336,-0.523661721318896,1.3201101134174615,1.1681838601247825,common_shock
U09,14,1.1796452042260426,0.6466506828179791,0.10716549227881783,-0.9774325764279547,1.475984818159662,0.996240873558347,common_shock
U09,15,0.4471907498011458,0.6471977220281957,-1.6809985805073755,-0.15142793946202998,1.6614806936664799,1.4980347874802176,common_shock
U09,16,0.5134420992713933,0.24961772550685413,-0.04779447702682499,-0.3941327582549321,1.409778564212897,1.1308496918969797,common_shock
U09,17,-1.209085759309081,0.664739677852813,-0.4898090435782117,-0.972304370620269,0.929810657791712,0.640567016291141,common_shock
U09,18,-0.04706995607353634,0.7110247050158134,0.9592310584708376,0.9594003547169867,0.887180110017944,0.8168560166404065,common_shock
U09,19,-0.5228369206286391,-1.137171115946621,-0.47325139303073693,1.810044442998231,0.6748823620542002,0.8709512711600449,common_shock
U09,20,-0.3956347762827698,-0.1280067456465026,-0.8710867885101364,1.7762844834816631,-0.02142442219649935,0.04834208793131767,common_shock
U09,21,-0.12413833521828022,-0.6928652939678389,-0.5013131639561403,0.6857163024161202,-1.355233856050108,-0.9491776102087401,common_shock
U09,22,-1.8851135092589013,-2.3694925515243495,-0.9623084778758536,1.4815782352010776,-2.063814890705942,-1.5513986732273697,common_shock
U09,23,-1.1558716453765119,-1.3179371472432708,-0.6155623430746092,0.11994011544936084,-1.5624443543363449,-1.5326908671873256,common_shock
U09,24,-1.2086770513403273,-2.2219610804758,-1.6732304720228037,0.12098731240931637,-1.4760768022083093,-1.3752813740398864,common_shock
U09,25,-2.46648359130265,-2.093848999471728,-0.9388660860162205,-0.3091059392905667,-1.7485566353609991,-1.3734645057394097,common_shock
U09,26,-2.7671929087051206,-2.5078221198852653,-0.14581966744137775,-0.3290297896649718,-2.603949605551234,-1.2985501562135604,common_shock
U09,27,-3.09221601609552,-1.5151501057455399,0.14904083413174468,-1.475383067778515,-1.3173507816992918,-0.5703112449332581,common_shock
U09,28,0.04824706922691191,-0.19196515150317836,0.5093984291541576,0.16825348637527482,0.24007652601846363,0.10999163442248,common_shock
U10,1,-0.6327605656907673,0.9498667488393228,0.020114947573376507,-0.6486949045107534,-1.3153955953878833,-0.9565400506026509,common_shock
U10,2,-2.058624057814022,1.231491848608176,2.2611202025901678,-0.5288494311939438,-0.9545670233575524,-0.7231786160963771,common_shock
U10,3,-4.426576833074012,-0.2664063278035287,1.2924726695367383,-0.18688718489882555,-1.679573269885478,-1.8340859829642977,common_shock
U10,4,-3.9630535826935445,-0.3950724593941802,0.04814415024316343,-0.422909044207948,-1.8017613162023935,-2.1063783042719013,common_shock
U10,5,-1.6890667757449702,-1.3862009392563819,-0.23379779944097084,-0.766092702605136,-1.0495718994204506,-1.0594248914898028,common_shock
U10,6,-0.8276988319112693,1.4417741893768106,-0.8793163757273675,-0.7255036398335243,-0.6245321654358118,-0.8267324736217052,common_shock
U10,7,-0.5589384665847188,0.5567367191029338,-0.05817245049338646,0.33894886939422253,-0.07351405864153909,-0.039601827395817524,common_shock
U10,8,-0.6514146783598269,-0.9583611927820739,-1.014221888184251,-0.977457275363541,-0.8055236345629913,-0.6971076209791378,common_shock
U10,9,-2.2628729714109816,0.207521194852118,-1.912152458331461,-0.9885511409939814,-0.714209456838462,-0.6690024502396922,common_shock
U10,10,-2.044116870542458,-0.32734256715752474,-0.4737957707077143,0.46672711911097664,-1.2116513847067774,-1.3958249551026236,common_shock
U10,11,-1.1161476465035782,1.0602210298997927,-1.1367502082654493,-1.153971507850695,-0.3752051838653352,-0.8724551604090014,common_shock
U10,12,-1.0597076113095525,1.5332934853343074,-0.19829386291619183,-1.03412169323398,-0.4998478474900703,-0.3178850830246769,common_shock
U10,13,0.6235769599069202,0.802085134020238,-0.627830574452906,-0.411324406473382,1.782106190283855,1.1681838601247825,common_shock
U10,14,0.2057066160187594,0.08616870857804997,0.05218224572584215,1.9219433605394065,1.1893951093506658,0.996240873558347,common_shock
U10,15,-0.41727636806958657,1.3959682484635005,-0.3890126479068864,0.9620556735404064,1.734740535062872,1.4980347874802176,common_shock
U10,16,-0.5678853855097945,0.7727046441235882,-1.1352492415558468,-2.3083055393109753,1.2343000323805555,1.1308496918969797,common_shock
U10,17,0.775641654624287,0.4411423677645733,0.4341332184608312,-0.35722694861665083,0.21445804934785412,0.640567016291141,common_shock
U10,18,1.9062227851460805,0.7616518561166918,1.0448632912861056,-1.0169828751105099,0.8778942730184947,0.8168560166404065,common_shock
U10,19,0.8364699583555565,1.0690759875132574,1.4660986678086738,-1.6655955571705203,1.188513642986,0.8709512711600449,common_shock
U10,20,2.512122858871024,0.8484581907660523,1.4569677143802608,-1.4531274828420397,0.22962973197634368,0.04834208793131767,common_shock
U10,21,0.5677095341730072,-0.4848666897061732,-1.3682483458595034,-0.7305401737059873,-1.0672293541392066,-0.9491776102087401,common_shock
U10,22,-1.5603233053375485,-0.1549935253313898,1.3453636225094299,-0.2691683252958701,-1.7763000265255422,-1.5513986732273697,common_shock
U10,23,-0.9822485957973277,0.23678225717581994,0.7416656165260141,-1.1822771004974553,-1.7505146147522919,-1.5326908671873256,common_shock
U10,24,-2.3594629195623176,1.399320573426285,0.4391206490792877,-1.6446113872994166,-1.664992076091259,-1.3752813740398864,common_shock
U10,25,-3.787841472922966,-0.9599051046627588,-0.3202653733134493,-2.2695135299913134,-1.4186128355845564,-1.3734645057394097,common_shock
U10,26,-3.4287915556236785,0.6554865329967479,0.686199351976916,-1.2338299030699251,-0.8088208123928534,-1.2985501562135604,common_shock
U10,27,-2.3508861832447816,0.515541899308447,2.476828333847871,-1.135305575039518,-0.29706375439754507,-0.5703112449332581,common_shock
U10,28,-2.1922111016936046,-0.2886707359070021,-0.32301127949038216,-0.6990076254117771,0.475720217319445,0.10999163442248,common_shock
U11,1,0.2801180575408659,-1.3298852437860402,0.9841232320081345,-0.5565490818689571,-1.158929565561677,-0.9565400506026509,common_shock
U11,2,0.26804720560899764,-1.866768028817422,0.49251450156178495,-0.18985275808309182,-1.448187870123775,-0.7231786160963771,common_shock
U11,3,-0.8691687061980834,-1.826572477281912,1.0112156966621564,0.21416719162837966,-2.325636167256976,-1.8340859829642977,common_shock
U11,4,-0.8318727009640943,-2.1970578187227754,1.1942425329593467,-0.4848410373314477,-2.1828650997606722,-2.1063783042719013,common_shock
U11,5,-0.9201502351808586,-0.629074723796039,0.8032808414164623,-0.5319200037196034,-1.0726628517374865,-1.0594248914898028,common_shock
U11,6,-0.7975355252496231,-0.7409627365891364,-0.23289807150232644,-1.1405735508069288,-0.27911286334757635,-0.8267324736217052,common_shock
U11,7,0.20464755543017132,-1.2325201155494325,-0.44622863786877287,0.49367648137029824,0.10383323211579926,-0.039601827395817524,common_shock
U11,8,1.3110351405279959,-0.6581094986027569,-0.6418914119994665,-0.11681509153471067,-0.1590776690494352,-0.6971076209791378,common_shock
U11,9,0.18771299474271222,-0.44213845194411594,-0.31654775495158566,0.7283579338618913,-0.45895217067734917,-0.6690024502396922,common_shock
U11,10,-0.467679273570792,-0.7045806622766081,-0.5826508189247785,1.0067472777205055,-0.6810072371557193,-1.3958249551026236,common_shock
U11,11,-1.8725205313292501,0.02448358325757431,-0.52100235415988,0.8548788975471882,-1.094531870006778,-0.8724551604090014,common_shock
U11,12,-1.2265102452141665,-0.3881952380897157,-0.011950471685208477,0.33084301481441597,-0.6255835183333766,-0.3178850830246769,common_shock
U11,13,0.9526628440625449,0.2962539141094228,-0.07509180928354886,3.4123829449243757,1.4076434248845582,1.1681838601247825,common_shock
U11,14,2.000237786615103,0.17297652915069583,-0.8363058840025102,1.1019979751230866,1.2787575848828867,0.996240873558347,common_shock
U11,15,2.6977109553053045,0.4550438270069103,0.3722301503068694,0.07171422967376317,1.5884601318239224,1.4980347874802176,common_shock
U11,16,3.4996413544436002,1.1164039021382728,1.825869365788328,-0.6900292512475207,1.6201047392891852,1.1308496918969797,common_shock
U11,17,0.10941725150776938,0.06388300061604472,-0.19890114902253025,-1.0756820849984887,0.25538212815920885,0.640567016291141,common_shock
U11,18,1.3761333604414328,1.021976321117296,0.9197140884173112,-0.49291525006565157,0.6173171127473023,0.8168560166404065,common_shock
U11,19,2.437107203353302,1.6586678511563957,1.777688196289486,-1.5981446729710547,0.5947605634739165,0.8709512711600449,common_shock
U11,20,1.296276336206907,-0.24041875750497,-0.8714377475433684,-0.9999915684648113,-0.37940114439846523,0.04834208793131767,common_shock
U11,21,-0.7322701104251513,0.523884253645675,-1.2150196487020213,-0.7123346961779116,-0.795585174583874,-0.9491776102087401,common_shock
U11,22,-0.10565219590674335,0.028799754343932407,-0.2996736790205412,-0.058445683537765164,-1.5763493651855522,-1.5513986732273697,common_shock
U11,23,-1.653848979766887,-0.7656520785849305,1.1151234912367705,0.7978634516478478,-1.7951747031862384,-1.5326908671873256,common_shock
U11,24,-2.281287604015167,0.22737777077364274,-0.7595791655252675,0.7410969669136827,-0.9505046445510887,-1.3752813740398864,common_shock
U11,25,-0.2141844929300929,0.4876362708595616,-2.1535857547472617,0.13463383031392684,-0.6814519848270428,-1.3734645057394097,common_shock
U11,26,-1.0222275319519665,-0.8341583196062117,-2.4157970403110087,-0.3160888521387426,-1.305202394485874,-1.2985501562135604,common_shock
U11,27,-2.1167107094202695,-0.04491300780227331,-1.1143671904923516,-0.6035181882032208,-0.7177098614516773,-0.5703112449332581,common_shock
U11,28,0.7013513627803121,1.5527039262812088,-0.09540921258600808,0.4389955618947593,0.07934015015414769,0.10999163442248,common_shock
U12,1,-0.8894776943706827,-0.665354858935801,-0.8847760960881268,-0.8327555080279428,-1.372755583621864,-0.9565400506026509,common_shock
U12,2,-1.4157629013700779,0.45729883524738535,-0.49723080349662413,-0.5642946884654868,-1.1818060883381591,-0.7231786160963771,common_shock
U12,3,-1.1125789566530584,1.6183890694592284,-0.2103109263377248,-0.9706801328181287,-2.3148412359169037,-1.8340859829642977,common_shock
U12,4,-1.9019473655815358,0.3054650785041748,-0.796033484587582,0.3743867122221321,-2.145229732002309,-2.1063783042719013,common_shock
U12,5,-1.615772958455255,0.36515939839638145,-0.25520330665963953,-0.36647426906437935,-1.0920040524667343,-1.0594248914898028,common_shock
U12,6,-1.5157119106769164,0.6572573397462609,0.36875359067778646,-0.3834795920049713,-0.9325592009225585,-0.8267324736217052,common_shock
U12,7,-0.44675479602491996,0.773145711266338,-0.07072607670763062,0.06515702513586166,-0.39175388224862895,-0.039601827395817524,common_shock
U12,8,-2.6409656416186564,0.5403241585549372,-0.5783772666334523,2.2368303062412083,-1.2053123879477294,-0.6971076209791378,common_shock
U12,9,-0.49110338670383014,0.43661440278742103,-0.2173448778540223,-0.5698562681640672,-0.9955376256924608,-0.6690024502396922,common_shock
U12,10,-1.8765604667474398,0.8633127040830002,-1.3333446192812335,-0.9967683134774908,-1.9304089309396775,-1.3958249551026236,common_shock
U12,11,-1.015655203878537,-0.44590683368963663,0.009084762972847327,-0.03364755087516541,-1.455956411184286,-0.8724551604090014,common_shock
U12,12,-0.7061673492367961,0.18587255483399845,-0.47590869055596596,0.5157857104827497,-0.3904989298211655,-0.3178850830246769,common_shock
U12,13,-0.6158371987058755,0.49365528157786814,-0.40700018885298395,-0.36811425144389304,0.8659554706730976,1.1681838601247825,common_shock
U12,14,0.203413533288823,1.164665974923952,0.5197097187292476,2.117929805662188,0.8549401355395636,0.996240873558347,common_shock
U12,15,0.4319805640495098,0.1504780377364021,0.49308269141971534,0.8999780724225106,1.6322775761029757,1.4980347874802176,common_shock
U12,16,0.15556492045187098,-0.8163563306471652,0.8305065159993361,1.7981954001854876,1.4268658760859338,1.1308496918969797,common_shock
U12,17,1.699061729242144,-1.270460269402414,-0.3598600381394432,2.956777630517534,0.876882683439489,0.640567016291141,common_shock
U12,18,2.447028695573981,-0.4302540025409805,0.7816020614136597,0.9087622360479146,0.3347874631324458,0.8168560166404065,common_shock
U12,19,1.6363956271813485,1.2543773312318336,0.46153607132565794,-0.9835966523621584,1.3796586141621336,0.8709512711600449,common_shock
U12,20,2.159403276316581,0.25192790605623067,-0.7229743148093091,0.6787500062025178,0.33425903065121515,0.04834208793131767,common_shock
U12,21,-0.9381996968232781,1.5560624790240998,-1.2578550448688437,0.6536215439131734,-0.8195706568315786,-0.9491776102087401,common_shock
U12,22,-1.916619399569862,-0.12174858009390988,-1.854821579543855,0.14547588396991445,-1.5782174424442135,-1.5513986732273697,common_shock
U12,23,-0.8111152615129413,-1.5076148168841013,-2.1904002420772226,0.5525417984364448,-1.9329886317954368,-1.5326908671873256,common_shock
U12,24,-2.6030834650120456,-1.5999716484208126,-0.8258473203383383,-0.15004235505598498,-1.490935659932338,-1.3752813740398864,common_shock
U12,25,-2.847279514705779,-2.075826065228791,0.10112088878129993,-0.5121867160484075,-1.2238682735643596,-1.3734645057394097,common_shock
U12,26,-2.620598023549517,-0.7416638512735021,-0.3872607420136128,-0.6871467724485081,-0.8432092895964742,-1.2985501562135604,common_shock
U12,27,-1.8317570198842033,-0.05155328306136883,0.38035034202392964,-1.2357449935162088,-0.3085678434349614,-0.5703112449332581,common_shock
U12,28,-1.382531607469288,-0.8580698414688295,0.9219307671244086,-2.109179404174723,0.3896402729902313,0.10999163442248,common_shock
U13,1,-1.4304666024031616,-1.7186704354965952,0.74384513630526,-2.2735505206961766,-0.6410546381067657,-0.9565400506026509,common_shock
U13,2,-1.0486313769121636,-0.9427925945273389,1.5053410327064505,-1.0577452672655858,-0.974541461664924,-0.7231786160963771,common_shock
U13,3,-1.6072706979944924,-1.3019770232667585,0.44292305606501853,0.38881833983570463,-1.8526576142710793,-1.8340859829642977,common_shock
U13,4,-1.9965419531528599,-0.9319775108303318,-1.6306411398421445,0.11816946281764926,-1.7010440434433378,-2.1063783042719013,common_shock
U13,5,-1.6135502526191732,-2.189327851487262,-1.0580209910268705,-0.9876545038486515,-0.8265867373452215,-1.0594248914898028,common_shock
U13,6,-1.6772989702013417,-1.101236520246991,0.03644436358803488,1.3568890670983356,-0.785825677966907,-0.8267324736217052,common_shock
U13,7,-2.1710166240079767,-0.2664887105618709,0.3412556164961419,0.46464175928602863,-0.19271033830836531,-0.039601827395817524,common_shock
U13,8,-1.7761892170352933,0.5025318648609912,-0.7644774416937136,0.19789103087829638,-0.2304407472414669,-0.6971076209791378,common_shock
U13,9,-1.5079810516783039,-1.1121476892696984,0.05575744968279439,0.0975890917859653,-0.7146399671938447,-0.6690024502396922,common_shock
U13,10,-0.9428639484584235,-2.0211640975824436,0.7310120531215749,-0.746668404714317,-1.5713522075746682,-1.3958249551026236,common_shock
U13,11,-1.5956978618077557,-0.3676944148395822,0.1600862621502414,-0.8153979635971398,-0.8350492866152319,-0.8724551604090014,common_shock
U13,12,-2.2602974090556636,0.08432222703359987,-0.5952637298274799,1.120335313132555,-0.7590234733324128,-0.3178850830246769,common_shock
U13,13,-0.7877394454822453,0.56464091206327,1.1904927928673672,-0.29365249420871525,1.0955083698937902,1.1681838601247825,common_shock
U13,14,0.49417332710553663,0.49856463049637034,0.5947699858744684,0.33582120537808346,0.9459530138083497,0.996240873558347,common_shock
U13,15,0.6909792421292218,0.5799027993461068,1.168380693637927,0.4409769074513124,1.1199511167425125,1.4980347874802176,common_shock
U13,16,1.2755767968948855,0.23111948082833922,0.1297582997362806,-0.3364594933826696,0.21048797099849847,1.1308496918969797,common_shock
U13,17,0.6247889893897318,1.8257912553304405,1.2948059849386242,-0.2841838334405899,0.19109799733778687,0.640567016291141,common_shock
U13,18,0.7580424838726662,0.042141980917613286,-0.19864729211313467,-0.6416862627807921,0.3271048794646393,0.8168560166404065,common_shock
U13,19,0.9821994179369072,0.8371146130202874,0.4313166953496883,0.7149081731715936,0.9584468445791671,0.8709512711600449,common_shock
U13,20,0.938915143273714,0.16765171179196087,1.3281805098986434,0.702091477485191,-0.02620655622760839,0.04834208793131767,common_shock
U13,21,1.099471720076998,-0.8313542511878907,0.16148250680329962,0.12221943352159706,-0.9046590057179613,-0.9491776102087401,common_shock
U13,22,-0.5692120944176062,-2.2188164743102288,-1.0720240494829718,0.044147369077076906,-1.9745866099863725,-1.5513986732273697,common_shock
U13,23,-1.1926109656013721,-0.20861725694997418,0.8732361388937825,-2.1516773616949956,-2.0077959692317795,-1.5326908671873256,common_shock
U13,24,-1.694427981055107,1.110289005862041,1.6021271087372253,0.11355686029812251,-1.8254614583678852,-1.3752813740398864,common_shock
U13,25,-3.8456485918841388,-1.6377947131154882,0.7900783436757919,-0.565758291532128,-1.8476742967061244,-1.3734645057394097,common_shock
U13,26,-2.678368899039436,-0.33847873191703104,0.4470912764059266,-0.855543730496537,-1.2555528583461446,-1.2985501562135604,common_shock
U13,27,-2.3389733385213423,1.4705870792655824,-0.7280828501911232,-0.2024273304745236,0.09907384897902427,-0.5703112449332581,common_shock
U13,28,-1.0047645312708102,0.19950199563879994,0.4191865166413371,0.2870270604884409,0.38156157750271297,0.10999163442248,common_shock
U14,1,-1.5654286132587116,-1.767396434448091,-1.0556558165627599,0.5101656321041758,-0.72248944641505,-0.9565400506026509,common_shock
U14,2,-0.9639620301926033,-2.8407247303973278,-0.37141129572167825,0.3917927248860781,-1.408446906076847,-0.7231786160963771,common_shock
U14,3,-2.4269029274533294,-1.5981921247429125,-0.6607778789416614,-0.5692835675023968,-2.0939603601645924,-1.8340859829642977,common_shock
U14,4,-2.029808259713758,-2.0785339344659564,-1.0126579122441677,-0.7415852999243736,-2.3777935584259557,-2.1063783042719013,common_shock
U14,5,-0.913809210752838,-1.2936977523416784,-1.3345778572569373,1.041825056367212,-0.7471576899018012,-1.0594248914898028,common_shock
U14,6,-1.8947590841148636,-0.9208623343223654,-0.12230322972129332,0.9621591101332138,-0.8891465860815229,-0.8267324736217052,common_shock
U14,7,-1.0022394889699577,0.3559502531859533,1.312367531552929,-0.5772146963730028,-0.29684192139400695,-0.039601827395817524,common_shock
U14,8,-1.7616299819160899,-0.3334193250362927,0.3560400869685142,-0.48623575643948447,-0.6707127140604692,-0.6971076209791378,common_shock
U14,9,-1.1255126458894809,-0.09936841420144255,0.05910225785451087,-0.07440501392124062,-0.9427384118860536,-0.6690024502396922,common_shock
U14,10,-1.9049578876317395,0.4113210296878784,0.38647476556222754,0.27254182127489424,-1.7756328624009043,-1.3958249551026236,common_shock
U14,11,-2.20939087873594,0.5256381429189265,0.33963870164285076,-0.17036748552273606,-1.5095018321640894,-0.8724551604090014,common_shock
U14,12,-2.2051412999032998,0.5652827963000635,0.4652560949921748,-0.549929405644189,-0.5126354431858886,-0.3178850830246769,common_shock
U14,13,-1.4792113180906807,1.4361790770411138,0.5484184029886514,-0.4596868176337837,0.4280676840250628,1.1681838601247825,common_shock
U14,14,-0.7671935656525407,-0.23467841721960364,-0.4438061888162405,0.47676839610657684,0.6147276205685422,0.996240873558347,common_shock
U14,15,0.7191258395853123,0.09614283951470323,-1.2289469298108755,0.1239352663362449,1.5638097761667045,1.4980347874802176,common_shock
U14,16,2.1698328641828946,-0.2877623274399116,-1.2416289828082392,0.291668543365843,0.9267199991275585,1.1308496918969797,common_shock
U14,17,0.7703866459169819,0.19895510080889578,1.1010143505100651,0.5778504773733906,0.910591815748702,0.640567016291141,common_shock
U14,18,1.365742635183297,-0.4728905360638094,1.6389940226157333,-0.2708334675661366,0.7030560621445617,0.8168560166404065,common_shock
U14,19,1.9020145421430499,0.3386243699953695,1.3981597396003589,-0.602480642536999,1.1178408619020517,0.8709512711600449,common_shock
U14,20,0.8591775339158404,-0.10964002233508846,0.5556123369147304,-0.661787231064572,0.29256803875702553,0.04834208793131767,common_shock
U14,21,-0.5528314217187938,-2.2256274813753585,-0.3053278396898611,0.1791825131629154,-1.5240300224256171,-0.9491776102087401,common_shock
U14,22,0.2712249322875946,-1.4693566926510244,0.400207774981847,-0.26753908534824805,-1.6105392306688096,-1.5513986732273697,common_shock
U14,23,-0.3035129362855935,-2.39794457563227,0.34510213105695453,0.26128483918898565,-1.9181011969403785,-1.5326908671873256,common_shock
U14,24,-1.5360586688135118,-0.8879879338318668,1.3711893648448343,-0.8903839570097903,-1.2356282132428023,-1.3752813740398864,common_shock
U14,25,-2.3521450932237595,-0.5268745071948697,-0.128982291994167,-1.492536234646237,-1.1348328373696932,-1.3734645057394097,common_shock
U14,26,-2.2344048207712848,0.9060476261384979,-0.8461348210571128,-0.9636769590071357,-1.2653682016401528,-1.2985501562135604,common_shock
U14,27,-2.5113078893950034,0.005956823067658632,1.0999591472246195,-0.8740020536675328,-0.40827305639174183,-0.5703112449332581,common_shock
U14,28,0.4874555203343851,-0.8853644498345705,1.2977564507695885,-0.6409838256713256,0.05408855182485956,0.10999163442248,common_shock
U15,1,-1.702809859865984,1.3886284835819753,0.7027504577708507,0.09773035733930766,-1.1548918063346951,-0.9565400506026509,common_shock
U15,2,-0.15073297438451544,0.2523580667502865,0.49146249911896595,0.048144046760269406,-0.9379873145282434,-0.7231786160963771,common_shock
U15,3,0.39928514450962305,-0.006108634745122172,-0.5437425846602535,0.0204805599268001,-2.4250406115563043,-1.8340859829642977,common_shock
U15,4,-1.8724166528462365,-0.47836981007080115,-0.0030710199530066262,0.31951726079545906,-1.7845422534770683,-2.1063783042719013,common_shock
U15,5,-0.9798151628944267,-0.20357249806840175,0.11861731973354106,0.2741322942103078,-0.3970574436359775,-1.0594248914898028,common_shock
U15,6,-1.7765180212731029,-2.237406961765913,0.8586197402305296,-0.7674915968401853,-0.19073094444520544,-0.8267324736217052,common_shock
U15,7,-0.5260901135427121,-0.42867493972495047,1.832139082714926,0.031038563797621932,-0.43168723302280426,-0.039601827395817524,common_shock
U15,8,-1.4454560962740142,-0.9776642262179743,0.7303705571147631,1.0374327122500633,-1.1446417742493775,-0.6971076209791378,common_shock
U15,9,-0.042132399742304594,-0.7878477300509866,1.2449930417550081,-0.0854658862463536,-0.7153744032391132,-0.6690024502396922,common_shock
U15,10,-1.7119786776443164,-0.8641171504541257,0.7805011512272464,-0.6228138440015324,-1.8863852504952332,-1.3958249551026236,common_shock
U15,11,-0.5857673794943798,-0.342755755920959,0.1512788061229261,-2.1008595915810866,-1.9375952530685412,-0.8724551604090014,common_shock
U15,12,-0.24082774929438816,0.03963201444982899,-1.0274649023092133,-2.150843590242978,-0.8810695099775585,-0.3178850830246769,common_shock
U15,13,1.9847951297947213,1.3451251524768035,0.20598466590513534,-0.9736079960368978,1.1185743210505747,1.1681838601247825,common_shock
U15,14,3.688865705880702,1.2338448885849405,0.7595778385292611,0.6064486729073458,0.892424057662811,0.996240873558347,common_shock
U15,15,3.6858683753109003,2.0105559826718733,1.9219307016800744,0.23454702892313103,1.2115509248799483,1.4980347874802176,common_shock
U15,16,3.5827399634394457,0.8175168134263262,0.47988019946127797,-0.6486915828152411,1.3435927649607113,1.1308496918969797,common_shock
U15,17,3.1859733874979024,-0.4420405133220954,1.5047693933774091,0.015299914480937926,0.7212750560624266,0.640567016291141,common_shock
U15,18,2.9411441142174546,0.8044551161689871,0.3797179748741284,-2.304524063359981,0.40452892197006196,0.8168560166404065,common_shock
U15,19,2.10429259503966,0.6414631644532376,0.30023434275816213,-1.757861625025511,0.4527201605262774,0.8709512711600449,common_shock
U15,20,1.5394204488915466,0.21240628116826882,-0.3515061233099852,-0.8366374914513987,-0.26003018060379574,0.04834208793131767,common_shock
U15,21,1.4982775586578483,-0.378807928997752,-0.5173455408435271,-0.4905323902046196,-0.9308689247338464,-0.9491776102087401,common_shock
U15,22,0.09153515264594936,0.48953824738915186,-2.0572882406943904,-0.6338018990256576,-2.0837056521382715,-1.5513986732273697,common_shock
U15,23,-2.540898596923349,-0.23285482038548835,-0.4307634993257271,0.6122120396992612,-2.3726126823795735,-1.5326908671873256,common_shock
U15,24,-1.4154234035363633,-0.6564170501090641,0.4732318762532979,0.5054048820412034,-2.2772385946660885,-1.3752813740398864,common_shock
U15,25,-0.8110412453743242,-0.4101138887214757,0.1966290138338962,0.44841672908518965,-1.5183985718920732,-1.3734645057394097,common_shock
U15,26,-0.5883250609791388,-1.7289938170902377,-0.12503562975744814,-0.6796195742704907,-1.1219028822356982,-1.2985501562135604,common_shock
U15,27,0.620170515613045,-0.9490124063241435,-1.3196788430053032,0.3608249898238293,-0.4300001995218259,-0.5703112449332581,common_shock
U15,28,1.4051131039433995,-1.2276401268029058,-0.885540188900322,-0.03914668064056087,0.3334161253425485,0.10999163442248,common_shock
U16,1,-0.27831844161642105,-1.3763014920812946,-0.24718549793097166,-2.5115892469755967,-1.2884291050712247,-0.9565400506026509,common_shock
U16,2,-1.7185824443655737,-1.7242634368652983,0.11098369909000994,-0.5463200272575806,-0.7658406003965316,-0.7231786160963771,common_shock
U16,3,-3.0221750845466167,-2.3988612327717274,-0.7375134551881758,0.10413724647270547,-2.20464008892417,-1.8340859829642977,common_shock
U16,4,-4.541088811238765,-2.1364309003630217,-1.2144297762722083,-0.5294098501825867,-1.7701119186259833,-2.1063783042719013,common_shock
U16,5,-4.820666878079502,-0.5862591631574708,0.8056299153038851,0.40851209141571254,-0.45993620089346754,-1.0594248914898028,common_shock
U16,6,-3.8880298362572785,-0.443401052817442,-2.0542061455999843,-0.07724027661584504,-0.7218393871937452,-0.8267324736217052,common_shock
U16,7,-4.692597527353971,-0.1778675031632875,0.8839729279607386,0.6095308386056681,-0.24592973450990102,-0.039601827395817524,common_shock
U16,8,-2.331498235247177,-0.4631457641387581,-0.25207240661852276,-0.29974351926766346,-0.8119479218494057,-0.6971076209791378,common_shock
U16,9,-2.0079937856062613,-1.2360348546362006,-0.508827267303682,0.641696379493329,-0.034485385908199384,-0.6690024502396922,common_shock
U16,10,-2.240664160453077,-1.7948109114929125,-0.42902828555963163,0.35947843508351857,-2.2108385885219404,-1.3958249551026236,common_shock
U16,11,-2.4470955181064795,-0.4187096338762035,-0.14836014469598455,0.3135648205958508,-1.3574772114542044,-0.8724551604090014,common_shock
U16,12,-3.177435052484138,-1.3221850964860926,0.049261447367145605,1.111256131670031,-0.33646955247585186,-0.3178850830246769,common_shock
U16,13,-0.5826099554869046,-0.10994609483782744,0.7761139760892819,0.7799515884778958,0.9976584215863904,1.1681838601247825,common_shock
U16,14,-1.8370237904792133,0.3883644588069871,0.6565611134018274,-0.47675263190109424,0.7557468559166869,0.996240873558347,common_shock
U16,15,0.7652018307882067,0.7269683213183626,-1.1682599845076427,1.9321054911966407,1.1442818677750317,1.4980347874802176,common_shock
U16,16,0.07289289572689023,-0.3617519939080766,-0.5867742501820631,1.0041630174946292,1.0139902481395358,1.1308496918969797,common_shock
U16,17,-1.3987497909213846,-0.49855104940775075,0.5783196222613322,-0.5440904701715296,0.6171824704653553,0.640567016291141,common_shock
U16,18,-0.13570584329365454,-0.154619878679086,1.5225551808522633,-1.4296153253924926,0.2733354771605916,0.8168560166404065,common_shock
U16,19,-1.722550042126966,0.917013448533627,1.3159552039013498,0.3062452004845947,0.6402678692570378,0.8709512711600449,common_shock
U16,20,-0.16748573161965585,0.08640533971602243,0.4237086668626127,0.06903116791769716,-0.34763872704008025,0.04834208793131767,common_shock
U16,21,-0.7678022399406733,0.3288834519835252,-0.7951642148005171,0.20920631211724572,-1.680785680110357,-0.9491776102087401,common_shock
U16,22,-4.477907317759341,-0.9026447818691056,-0.8574523322547548,0.5361473843420953,-1.5937009281120775,-1.5513986732273697,common_shock
U16,23,-4.693615042670174,-1.998441260610162,-0.3544192517892317,0.5385422880819781,-0.9615856681230546,-1.5326908671873256,common_shock
U16,24,-3.4471649863887053,-1.2594939435795738,-0.8564968019837105,0.6840937462273181,-1.1745674919152216,-1.3752813740398864,common_shock
U16,25,-3.8470695484160706,-0.7363865550075591,0.9245447561001279,-0.2612037863245534,-1.8352567257124917,-1.3734645057394097,common_shock
U16,26,-3.501727493117849,-0.7242309722223628,0.36272775990922257,0.3233450537444119,-1.5788565287303542,-1.2985501562135604,common_shock
U16,27,-2.4832582928117546,-1.248932915472843,-0.9084627333280257,-0.08366221550059988,-0.8160248859243392,-0.5703112449332581,common_shock
U16,28,0.5119830059788666,-2.7257466943506903,-0.25239531288109585,0.38832169788625837,0.3697564407701863,0.10999163442248,common_shock
U17,1,-1.0323758477338272,0.6528173382470899,-1.2210914338733545,-0.15084277391474443,-1.9713058575946798,-0.9565400506026509,common_shock
U17,2,-1.2457653260766433,-0.29204011972327604,-0.6541749141945838,0.5279207952221671,-0.7767476338210116,-0.7231786160963771,common_shock
U17,3,-4.0865477759225275,-2.390530784866256,-1.5594667551624644,0.3736580226307943,-2.3103938459190507,-1.8340859829642977,common_shock
U17,4,-3.5466158652110065,-1.4615872631365616,-1.3992798846390333,-0.2160087865322606,-2.641260670756249,-2.1063783042719013,common_shock
U17,5,-1.8013175679397024,-1.053508155872061,-1.2994143808873204,0.4932758187767941,-1.1151516237225436,-1.0594248914898028,common_shock
U17,6,-2.187846575490784,-0.8931122901579295,-2.0739408278358455,1.185556812735159,-0.6233402087216842,-0.8267324736217052,common_shock
U17,7,2.2193302310400576,-0.9403276211621273,0.4630947615323192,-0.21071740247405213,-0.3568719960396965,-0.039601827395817524,common_shock
U17,8,0.1600532268349969,-0.41429524556140684,-0.3555028819159179,-0.7700570188451934,-0.46084811703093215,-0.6971076209791378,common_shock
U17,9,-1.1088352458843747,0.3060213378929846,1.6739802558913932,-1.3234028083885483,-1.1290552066836548,-0.6690024502396922,common_shock
U17,10,-1.6341859427396144,0.3512289790443927,1.119633953471593,-0.8692873665684093,-1.9880640505691343,-1.3958249551026236,common_shock
U17,11,-0.1820440927353515,0.8527331640231599,0.3294541394469415,0.5146935672645985,-0.9559421044209779,-0.8724551604090014,common_shock
U17,12,-0.8872401460625234,-0.11787008204638644,-0.14923446592292805,1.8928104898005655,-0.32924816727466977,-0.3178850830246769,common_shock
U17,13,0.4415618198115476,-0.47469045111046904,-0.7542168156351664,0.6193348383042632,1.42221548922648,1.1681838601247825,common_shock
U17,14,0.31460425800885305,1.423349376609616,-1.0980982686774259,0.08564126352740586,1.4428833560786287,0.996240873558347,common_shock
U17,15,3.5232336151895414,-0.3051076559399299,0.06234255386728782,0.22275104202412457,1.3566504925429987,1.4980347874802176,common_shock
U17,16,4.523194408282864,0.8560438919957236,-0.5468896004754018,-0.5457977151672734,1.5800101980180012,1.1308496918969797,common_shock
U17,17,1.115261967300783,-0.6155573844592195,0.23719333632193584,-1.7573333851534554,0.8590580402050327,0.640567016291141,common_shock
U17,18,1.7475826151399538,2.139776530772673,-0.6574422661176875,0.18024262030212967,1.3249785249334287,0.8168560166404065,common_shock
U17,19,0.24071765087492736,-0.42035790282944263,1.4017115943101266,-1.2277032195239628,0.9629175502403566,0.8709512711600449,common_shock
U17,20,0.6376532093268756,-0.2282761645962032,2.1563665319138847,-1.3462875117857092,0.15010954593099063,0.04834208793131767,common_shock
U17,21,-1.2487264059855916,-0.9964248861578161,1.4725623322580945,0.5050979010614864,-0.6442895692657649,-0.9491776102087401,common_shock
U17,22,-1.2431683585455764,-1.4869709203709098,-1.1831417571819731,0.09514705276397813,-1.95505972947157,-1.5513986732273697,common_shock
U17,23,-2.465086338803872,-1.7821766533771806,-1.0344677926319723,-0.14684971577285738,-1.6460905485167312,-1.5326908671873256,common_shock
U17,24,-1.4143571831373656,-1.3463802780546856,-0.622218194803528,-0.8546700077380798,-1.4917719541119656,-1.3752813740398864,common_shock
U17,25,-1.4565231485296355,-2.5795326123786686,-1.1767246256933688,0.06828149981261794,-1.1751318185256632,-1.3734645057394097,common_shock
U17,26,-1.8524409783280689,-0.6991305874766814,0.06269017115923126,1.855403911164954,-1.3954528481299184,-1.2985501562135604,common_shock
U17,27,-1.6124238193469478,0.12495530270786082,0.3408611115808559,0.9644521469229572,-0.25098003593224916,-0.5703112449332581,common_shock
U17,28,-0.3834998146429678,0.056511662126091794,1.6649496797475656,1.4010322190745164,0.2587350228773506,0.10999163442248,common_shock
U18,1,-3.2599871637555253,0.26900804930280997,-2.5290633399637863,-0.05557075169946695,-0.7326530271983851,-0.9565400506026509,common_shock
U18,2,-1.4790126566273367,-0.31110442539238514,-0.4581701116320038,-1.1430864365809728,-1.369081609374013,-0.7231786160963771,common_shock
U18,3,-1.6506485100992199,-0.6720670868194307,-1.6585250420952047,-0.3165911044643623,-1.895414091630708,-1.8340859829642977,common_shock
U18,4,-4.930255758385082,-0.9687933457696721,-0.1603282378888748,-0.03563876892517072,-1.7212406020816782,-2.1063783042719013,common_shock
U18,5,-3.3863911112488005,0.100661792176472,-1.5845464218237348,0.31121506474432303,-1.0227652353998657,-1.0594248914898028,common_shock
U18,6,-5.085658754655993,-0.4646871053427347,-0.2521273418465579,-1.0044245594631778,-0.9852014628027781,-0.8267324736217052,common_shock
U18,7,-2.814824494164201,-0.15876543223107759,0.912714052641885,1.6585840091552078,0.02950165012697383,-0.039601827395817524,common_shock
U18,8,-2.34520680992385,-1.4733265230860237,1.4598713625476223,0.7776431044821699,-0.6819946417646942,-0.6971076209791378,common_shock
U18,9,-2.0602891478105256,-0.3767523398228809,0.7935954402623002,-0.570926153871673,-0.7758971709060016,-0.6690024502396922,common_shock
U18,10,-3.3565090549035848,-1.8224705266396821,-1.5637157075888266,0.01308183441097141,-1.231904995900962,-1.3958249551026236,common_shock
U18,11,-4.170783426411743,-1.708968997553959,-1.3281574397035376,-0.8636766778762952,-0.9007089272330892,-0.8724551604090014,common_shock
U18,12,-3.3890263471974467,-0.6327346095936319,-0.07445754973883256,-1.0405837789167207,-0.5727581004334935,-0.3178850830246769,common_shock
U18,13,-1.141995729754242,1.117188098875795,-0.6322785445983264,-1.0711865320764429,1.40265712179901,1.1681838601247825,common_shock
U18,14,-0.06553134033977714,1.5327318498865037,-1.070728749990721,-0.07503113861090682,1.6698715878978279,0.996240873558347,common_shock
U18,15,-1.3052076088387465,2.133371851016766,-0.5787527080652803,-0.5595689735277778,1.7093527600607905,1.4980347874802176,common_shock
U18,16,-0.011833653948135181,1.2638089121930238,-1.505040771746458,0.34672513784866277,1.3463214647561736,1.1308496918969797,common_shock
U18,17,-2.047529422680163,0.028254356480887352,-0.1129890068929908,-1.820993240563523,0.6426015941115458,0.640567016291141,common_shock
U18,18,-0.7924502173750281,-0.19716932515693497,1.348038477578166,-1.2634908699589351,0.7430046471565583,0.8168560166404065,common_shock
U18,19,-0.7164002700017342,0.04979149714023595,0.5534442664570577,-0.5868577634068238,0.9129397198559444,0.8709512711600449,common_shock
U18,20,-1.3891920307955643,-0.41414646270166117,0.05718762597666231,-1.422622111269126,-0.4489302059677444,0.04834208793131767,common_shock
U18,21,-2.903086979586648,-0.5017023646960421,-1.122392326456104,-1.9719999131224233,-0.9383062847644588,-0.9491776102087401,common_shock
U18,22,-2.8473323029408193,-1.9183029305861719,-0.42240716079385304,-1.0161406051099107,-1.5042973125608419,-1.5513986732273697,common_shock
U18,23,-2.6472351939079575,0.5067639745745309,-1.5044622806811399,0.8615076768809937,-1.3448541390634425,-1.5326908671873256,common_shock
U18,24,-3.594706902745841,0.015372068098818525,-1.0021130395598064,0.8364128351566755,-1.6807710930420723,-1.3752813740398864,common_shock
U18,25,-3.8418574046799114,0.35918938482571494,-1.6411480964336438,0.98727379064132,-1.799546323143554,-1.3734645057394097,common_shock
U18,26,-4.230134702959297,-0.06714022864528651,-1.3295516058611336,-1.6024593407417127,-1.4706014273800827,-1.2985501562135604,common_shock
U18,27,-3.0862250943951546,-1.0354322893131267,-0.16406416110035354,-1.7102548167474318,-0.8837784268606851,-0.5703112449332581,common_shock
U18,28,-2.499505673423968,-1.1367348748252262,0.1428601159178964,-0.45525359142805644,0.2737328822390159,0.10999163442248,common_shock
U19,1,-1.1619992689640277,-1.7140382225748672,-0.9443352918645365,1.0830571839989103,-0.7889453162198499,-0.9565400506026509,common_shock
U19,2,-0.3213964672642309,0.4794978769595728,-1.8083702629918268,1.109133661099932,-0.837099148523339,-0.7231786160963771,common_shock
U19,3,-1.25690621801694,-0.778168351617421,-1.6170585582221106,0.07660236699220124,-2.092678492848844,-1.8340859829642977,common_shock
U19,4,-3.6359321218340783,-1.372128851639427,-1.2807082637039509,0.14627306121520742,-2.922204248402331,-2.1063783042719013,common_shock
U19,5,-2.58781279662207,-1.2310456103885317,-0.14153261048918797,2.2831448032205017,-1.3516690636535917,-1.0594248914898028,common_shock
U19,6,-3.7836310437580662,-1.881784652385499,0.4711228401967301,0.6918320437610606,-1.030150617730476,-0.8267324736217052,common_shock
U19,7,-2.162051496481099,-1.2917478083236331,0.5983167900787808,0.6156023472549383,-0.2875140029397424,-0.039601827395817524,common_shock
U19,8,-2.5353087713377755,-0.10652172853884931,1.9358301917438356,1.415110062044725,-1.7719878443485215,-0.6971076209791378,common_shock
U19,9,-2.7387461753374853,-1.4609478572984425,1.0624100559948384,1.386275461838804,-0.5147699391791145,-0.6690024502396922,common_shock
U19,10,-1.229822222877031,-2.3564359133918202,1.4151408535012693,-0.0625736201347471,-2.2630800583184683,-1.3958249551026236,common_shock
U19,11,-2.357532701621701,-1.444688117533772,0.23080456182223974,0.49239356339794094,-0.5257296768631174,-0.8724551604090014,common_shock
U19,12,-1.545355961472235,-1.606388377706527,-0.12453682678084951,-0.7807526487517495,-0.18741380049413384,-0.3178850830246769,common_shock
U19,13,-0.22511546946051342,0.06883305068423862,0.39721800079032,0.4500805403294168,1.3812783870479866,1.1681838601247825,common_shock
U19,14,0.24183841361388062,0.32764968878637823,0.06950142873780113,0.1905340216399339,1.6379653525361868,0.996240873558347,common_shock
U19,15,1.251222838675785,0.6829642622237444,0.28350420404982796,-0.16623330397558755,1.7807762774240707,1.4980347874802176,common_shock
U19,16,1.1244830928628986,1.0708532060092208,-0.3133624431434463,-0.531917716965738,1.447686513287334,1.1308496918969797,common_shock
U19,17,1.2142882440386495,1.5205092366612087,-0.11665352564724041,-0.01734399958050814,0.4522370429837552,0.640567016291141,common_shock
U19,18,0.11860933770301685,1.1747400394079572,1.4467680158513803,0.7387256001527339,0.8410089961175747,0.8168560166404065,common_shock
U19,19,1.0090993815656755,1.1019666871532925,0.3194976540624362,0.0688097808833909,0.5001486789460541,0.8709512711600449,common_shock
U19,20,0.06579274997475607,0.8857125432721391,-0.6994946809479763,2.3863400300656,-0.0417777577825502,0.04834208793131767,common_shock
U19,21,-0.08912986855696536,0.4574509833002706,-0.929716003164426,0.36033266511312456,-0.9691860270453856,-0.9491776102087401,common_shock
U19,22,-2.4064035249225224,-0.619491544142301,-0.34341789992598953,0.38358255792596574,-2.085105365947072,-1.5513986732273697,common_shock
U19,23,-2.1774191268290903,-0.8937144642988433,-1.0326735789131283,0.3280917416488054,-1.992602668679008,-1.5326908671873256,common_shock
U19,24,-3.200117781410824,-1.3117728140479188,-1.0904698570922253,1.0738707758628117,-1.5055431057820066,-1.3752813740398864,common_shock
U19,25,-2.0908666578044994,-1.0987836645606261,-0.4921806217834292,0.36737793285419573,-1.3040971756957929,-1.3734645057394097,common_shock
U19,26,-1.6402514597756195,-1.9333056698232352,0.8926663628673638,-1.5513339379449766,-1.2501711140746772,-1.2985501562135604,common_shock
U19,27,-2.2490758869574767,-2.9067269180095243,0.23629742332352305,-0.45220928595957766,-0.5541177601405931,-0.5703112449332581,common_shock
U19,28,-2.1341227725736696,-0.09548579525813973,-0.23973948015329855,0.299913258844141,-0.2271737942018761,0.10999163442248,common_shock
U20,1,-1.4568453023045227,0.4612359852927783,-1.099571660166638,2.127096838488758,-1.0750486979043279,-0.9565400506026509,common_shock
U20,2,-2.2317462260534833,-2.3639591029662084,0.7841679356676938,1.4935852134706384,-1.267131645799734,-0.7231786160963771,common_shock
U20,3,-3.8239213370920586,-1.3386046014247344,0.017547259264975024,0.5664852514381921,-2.231094244520076,-1.8340859829642977,common_shock
U20,4,-3.370951064422099,-2.0116818994023338,1.0573242501057842,0.3551961039478664,-2.2635858199757446,-2.1063783042719013,common_shock
U20,5,-1.9047002289154245,-1.645612864308401,0.2280462086802415,1.062895552166383,-1.2994516020464189,-1.0594248914898028,common_shock
U20,6,-2.3756951045924333,-0.6186644483256905,-1.477744526313582,0.1068636795955159,-1.201503106878818,-0.8267324736217052,common_shock
U20,7,-1.516755556307255,-0.4418111598275201,-1.4946211520379478,0.5777371111918665,0.3774578130562644,-0.039601827395817524,common_shock
U20,8,-1.7117515020846055,-2.1518770784838397,0.35870983148000957,0.9702212475217656,-0.3829902048738186,-0.6971076209791378,common_shock
U20,9,-1.7859286104971641,-0.1382209866336654,0.877075965426198,0.11585700067605686,-0.4995827569643989,-0.6690024502396922,common_shock
U20,10,-1.9969364036694381,-1.6423240652635358,0.7659747566546291,1.6869793019172892,-1.1888384186099663,-1.3958249551026236,common_shock
U20,11,-1.612657760684767,-1.080476214907936,0.1929297753878746,-0.08575437199337488,-1.0735719792837313,-0.8724551604090014,common_shock
U20,12,-2.3442835433255955,-1.4602176627283476,-0.21391712929552767,0.01581639878256836,0.11993950227446126,-0.3178850830246769,common_shock
U20,13,-1.9082674523175376,-0.09503420019450455,0.05331077873341955,1.48390996312178,1.2251830298731783,1.1681838601247825,common_shock
U20,14,-1.0840014640791333,0.23850875127776217,-0.4628277730671791,0.2291835606497608,1.3086370848267261,0.996240873558347,common_shock
U20,15,0.44343226262432484,1.8883621851721468,-0.786565277889997,1.3027607821017546,1.4502811599095216,1.4980347874802176,common_shock
U20,16,0.8003322965696993,1.2575197884841336,-0.3415127540124009,1.2737973083531928,1.1161283458467661,1.1308496918969797,common_shock
U20,17,1.0494668274044252,-0.13595857146920257,0.017583564189370737,-0.7640451306551355,0.22758538497543068,0.640567016291141,common_shock
U20,18,0.48306612912569474,-0.5091348024402116,-0.46852555387662,-0.9713188344148797,0.5189957639861258,0.8168560166404065,common_shock
U20,19,0.3913438353442375,-1.024848907625372,-0.2560251604585265,-1.3346229357611337,1.526028099776134,0.8709512711600449,common_shock
U20,20,1.2198295493176468,-1.2403534712565327,-0.525771260936534,-0.1450330702605246,0.21594788312864413,0.04834208793131767,common_shock
U20,21,1.1760559908322765,-3.014734708345244,-1.06968834567975,1.3959184923884451,-1.082298604192487,-0.9491776102087401,common_shock
U20,22,-1.827405934502154,-2.7117632269839573,-0.18211859591230278,0.9688153436083744,-1.0051097955106778,-1.5513986732273697,common_shock
U20,23,-2.9581076846765204,-1.5408211862354697,0.2810862107856983,-0.2912496417777955,-1.5766630624794649,-1.5326908671873256,common_shock
U20,24,-1.8921044751350804,-1.145456312391279,-0.6933831965206487,-0.055116967361745345,-0.5967735308854669,-1.3752813740398864,common_shock
U20,25,-1.1239847844123498,-2.4669118530551963,1.0396433922669401,0.34801669545498376,-0.6507200487752212,-1.3734645057394097,common_shock
U20,26,-1.3789448087184122,-1.128515684109543,0.8641252721277345,-1.6596344836458843,-0.9419907456409263,-1.2985501562135604,common_shock
U20,27,-0.6729687429984053,-0.18283449913018815,-0.3426946427243221,1.1861178078130818,-0.18181247349006768,-0.5703112449332581,common_shock
U20,28,-1.535522263547247,-0.7904205709574309,-0.36481570347879316,1.3149338770534207,1.066913794432923,0.10999163442248,common_shock
U21,1,-0.6152595265257125,-0.5855640663993648,1.4228688861388608,0.6519192895836144,-1.2177049591831453,-0.9565400506026509,common_shock
U21,2,-2.2720346229668813,0.15659177408783886,-0.1279022290207476,0.02260806666602097,-1.1197830188784663,-0.7231786160963771,common_shock
U21,3,-2.3854145996375715,-2.5256149211852383,0.5050393832117319,0.029571379252314796,-2.325083444498769,-1.8340859829642977,common_shock
U21,4,-3.582501782172654,-1.5963940312578748,-1.9373400063764923,1.5390003783813841,-2.5387902825468065,-2.1063783042719013,common_shock
U21,5,-3.612710918113489,0.5386220694713079,-1.4879570969070326,0.5031324078535715,-1.0301261335091612,-1.0594248914898028,common_shock
U21,6,-3.090493886085344,0.3987198331339805,0.39547289854947265,0.8299769586157597,-0.5962489267048579,-0.8267324736217052,common_shock
U21,7,-2.1629015274120973,-0.7396408244416306,-0.7059652277490874,-1.1997751296073562,-0.6042255553420319,-0.039601827395817524,common_shock
U21,8,-1.744350422029937,-1.4302185458776149,-0.24643299518961814,-0.11698873398324905,-0.9232546898911277,-0.6971076209791378,common_shock
U21,9,-1.1643637905856865,-0.7490673422131879,-0.09224501778366653,-0.23801426129627237,-0.4678918559955737,-0.6690024502396922,common_shock
U21,10,-1.7859823688039402,-0.5325416309247928,-0.19689476536900763,-0.04898808693228368,-1.435027258907026,-1.3958249551026236,common_shock
U21,11,-2.128089821654276,-0.7318774713956002,-2.1075733423176444,0.7544385643749402,-0.584006597085732,-0.8724551604090014,common_shock
U21,12,-1.9156396066950512,-0.1090918420639907,-1.3806406361147006,0.7449939651725148,-0.8865224586618499,-0.3178850830246769,common_shock
U21,13,-1.3194019496279785,-0.372124793599967,-0.2557139593150176,0.08558096143615532,0.2971670642306711,1.1681838601247825,common_shock
U21,14,-0.9672032540264017,-0.6691744385492755,-0.5059179396987241,-0.0890030117240328,0.41331557986268774,0.996240873558347,common_shock
U21,15,0.5994073743172523,-0.11027873136700778,0.46948937843235666,0.936720868104411,1.421119373887366,1.4980347874802176,common_shock
U21,16,0.33204400649788723,-1.5645012136858014,0.5646085027055482,0.6855649323271046,1.403399402112177,1.1308496918969797,common_shock
U21,17,-2.0314130033377578,-0.062395979707358995,1.0864217010671224,0.3299949915364466,1.0483359346248706,0.640567016291141,common_shock
U21,18,-1.567208453072936,-0.1553555983479233,-0.36848161704090077,1.212520617026484,1.2805845041368344,0.8168560166404065,common_shock
U21,19,-0.963894117607792,0.8899016820384321,-0.5560150743838398,0.056709262160095086,1.2176824549225378,0.8709512711600449,common_shock
U21,20,-1.414096681107402,0.4562174911910404,0.2169290060874759,1.5127430447558887,-0.47808183538616605,0.04834208793131767,common_shock
U21,21,-2.125593139261819,-1.990517163947908,-0.8826382319622782,0.689250115888921,-0.9403044315240014,-0.9491776102087401,common_shock
U21,22,-3.0307190493672724,-1.9736042570136343,-1.3260197028088674,-1.3490327675836502,-2.054344219457448,-1.5513986732273697,common_shock
U21,23,-3.03913932010114,-0.5898499455475754,-0.8463193427715496,-0.8038174706083209,-1.3636806258709178,-1.5326908671873256,common_shock
U21,24,-1.7969677003218831,-1.757667592392341,0.2726098385136332,-0.10802435342332325,-1.7696112198223841,-1.3752813740398864,common_shock
U21,25,0.28070167611953245,-2.0092978801092554,1.71720904043816,0.6712465275288233,-1.2819123275834725,-1.3734645057394097,common_shock
U21,26,-1.9415464637012114,-0.8678817636165034,-0.12930181062822454,0.30307024670418187,-2.0494083964943925,-1.2985501562135604,common_shock
U21,27,-1.2863690091468996,-0.4015575174595586,-1.1928748463052865,-0.6113153686026974,-0.5262745921612282,-0.5703112449332581,common_shock
U21,28,-0.5124780115647716,0.6378110958774227,0.028877382804054816,-0.9216519486148311,0.39977839712333074,0.10999163442248,common_shock
U22,1,-1.4448131231581351,-1.1475707951602607,1.87498319201781,-0.9696140861790615,-0.6976097200584453,-0.9565400506026509,common_shock
U22,2,-1.8995679800430605,-0.8655375046604654,-0.12263772740296136,-0.07547454876250698,-0.7907589819213748,-0.7231786160963771,common_shock
U22,3,-2.4604004322178175,-0.36019630459419805,-0.06840916407921332,2.7637106708240133,-2.6041996842490596,-1.8340859829642977,common_shock
U22,4,-4.5562673506224085,-1.3923918219335976,-0.24560351401278852,1.715146854028159,-2.2173332892963002,-2.1063783042719013,common_shock
U22,5,-4.190951791220767,-0.5115887315937748,0.5148221977159515,1.0878589910767864,-1.3063867372922982,-1.0594248914898028,common_shock
U22,6,-3.4120050399896207,-1.1869688221110066,-0.029178759926536263,-1.2005585377106833,-0.768088289253853,-0.8267324736217052,common_shock
U22,7,-1.65948352728409,1.4852893552786433,0.08507799325829592,-1.4404491351748612,0.5708875381675038,-0.039601827395817524,common_shock
U22,8,-2.370727117824602,0.4068959199224333,0.9647326452743129,1.0637717169811949,-0.6187431886997784,-0.6971076209791378,common_shock
U22,9,-1.4303205348912036,-0.3632704432901031,1.4008286093816735,-0.888877116391958,-0.21603851476412356,-0.6690024502396922,common_shock
U22,10,-2.7177333540468895,-1.508836784552245,-0.1682832493297151,-1.8404774988126997,-1.3177539838802999,-1.3958249551026236,common_shock
U22,11,-3.522714529433622,-1.2646773732743049,-0.2829505400358744,-0.9835658259239775,-0.915818470441936,-0.8724551604090014,common_shock
U22,12,-1.8095550162829883,-1.614025181952724,-0.03822449365691408,0.9099484792199122,-0.4112477263643536,-0.3178850830246769,common_shock
U22,13,0.4627836972571878,-0.2514849246473092,-0.9062295793034233,0.4802703938297285,0.7172543257867581,1.1681838601247825,common_shock
U22,14,-1.8313493120286606,-0.2345948003099277,0.21748936193060608,0.34712199814002026,0.9090358397981051,0.996240873558347,common_shock
U22,15,0.39560167647442146,-0.674040403265014,0.519856439934519,-1.1399387385822057,1.4536530637499372,1.4980347874802176,common_shock
U22,16,0.016795454279370126,-0.9692135559370462,-0.3870440031477259,2.079106290902385,1.4288664539831184,1.1308496918969797,common_shock
U22,17,0.9750162833688816,-1.0566431650410453,0.27336070435117615,1.5519782063350678,1.4427652599750367,0.640567016291141,common_shock
U22,18,1.6639397074575877,-0.745305943798077,0.12763395329641594,1.2640277978393275,0.7155155739230288,0.8168560166404065,common_shock
U22,19,1.4783320102967878,-1.575178291920573,-1.5541054595848793,-0.6055548790884692,0.5556780624535489,0.8709512711600449,common_shock
U22,20,-0.3175893032201439,0.23720119308022714,-1.4842137234834527,-1.4487903629916343,-0.02520984511351345,0.04834208793131767,common_shock
U22,21,-2.671381620368203,-0.4863210080125965,-0.3759451195934919,-0.6444421207538314,-0.8005378138795716,-0.9491776102087401,common_shock
U22,22,-2.6419184472159665,0.6097717777893996,-0.4454151162134514,0.09941440888455721,-1.2441720928490074,-1.5513986732273697,common_shock
U22,23,-2.1562784145790186,0.9361899082523832,-0.3503108537984726,-0.8183381074031477,-1.3266091263058204,-1.5326908671873256,common_shock
U22,24,-3.4578915999334887,-1.566411012527924,-0.46503526059940264,-1.842347329841088,-1.611974818502151,-1.3752813740398864,common_shock
U22,25,-3.219614677516563,-1.1225543924752555,0.1036972196103978,0.13510650099456334,-1.8469240757117313,-1.3734645057394097,common_shock
U22,26,-4.193799740625207,-0.5768349756645208,-1.7575838358891818,0.5939449680499065,-1.5865894286138067,-1.2985501562135604,common_shock
U22,27,-1.8658477097978217,1.224184689380125,-1.4943811398790712,0.9306736632970836,0.22036847222915312,-0.5703112449332581,common_shock
U22,28,-2.251497814035147,2.1108051899562694,-1.4238780007719363,-1.066634243570814,0.5764405402870614,0.10999163442248,common_shock
U23,1,-0.2549741528355156,-0.7529961944473378,0.31462262384499695,-0.7764411602258907,-1.0822854515390063,-0.9565400506026509,common_shock
U23,2,-0.20872003775708925,-0.7856913267935117,0.002153484981475051,-0.6909433281150161,-1.0867154181185699,-0.7231786160963771,common_shock
U23,3,-2.948855172351095,-1.3582233768447007,-0.6550345526831576,-0.21767686482079315,-2.0651210118383423,-1.8340859829642977,common_shock
U23,4,-5.20431366929472,-1.7558417979145895,-0.6523930362240975,-1.2573649042395507,-1.3427218100368048,-2.1063783042719013,common_shock
U23,5,-3.5028375096529083,-1.3931302028294814,0.22199869461331506,-1.2838455742510035,-1.4135935678871578,-1.0594248914898028,common_shock
U23,6,-1.8555062595978646,-1.4290855177437347,-1.1007829920506886,-0.09222486713154121,-0.33658252966808655,-0.8267324736217052,common_shock
U23,7,-2.014044886118509,-0.36111271965525377,-1.2626833428840247,0.7390458613220814,0.752138370313916,-0.039601827395817524,common_shock
U23,8,-3.3854321292370093,0.11309237609577377,-0.490351577508517,0.6224297555386245,-0.9083186997482866,-0.6971076209791378,common_shock
U23,9,-0.988465991871655,0.7431570406985799,0.7564611767717063,0.07816626791010206,-0.37083204758534927,-0.6690024502396922,common_shock
U23,10,-1.6788642440670785,0.6563616061916008,-0.05058939918683103,0.09265557597403964,-1.2898695082895915,-1.3958249551026236,common_shock
U23,11,-2.0245219899299443,0.5033850071815683,0.4605841066583049,0.5985290200342614,-1.0595648906357507,-0.8724551604090014,common_shock
U23,12,-0.5369211148259792,-0.8310735697220974,1.7083379375287158,1.3598895577866406,-0.46871050855048646,-0.3178850830246769,common_shock
U23,13,0.8608273202256947,0.30133426314169437,1.4310335498939777,0.6453440705264617,1.0651220600324591,1.1681838601247825,common_shock
U23,14,0.3554323613460949,-0.8571776119564137,1.113710888550488,0.29166646470105273,0.7846875275743284,0.996240873558347,common_shock
U23,15,0.9207676835329909,0.5754635370767438,0.06847752871068408,-0.9858616992747004,1.4261144230084677,1.4980347874802176,common_shock
U23,16,1.4088476312276168,-0.04046140641581711,-0.8961546988225068,0.6011939998340569,0.7401739232269557,1.1308496918969797,common_shock
U23,17,1.8307296585176038,-0.3861624738457443,0.3698300669226729,-1.0561944478173098,0.41300250632921265,0.640567016291141,common_shock
U23,18,1.4149749519131873,0.4770171912894152,0.23854798810952332,-0.9449061583929654,1.7635092714715508,0.8168560166404065,common_shock
U23,19,0.5975996771787191,1.0834642175936466,-0.6704699399842096,-0.7980766535056274,1.0778199444845247,0.8709512711600449,common_shock
U23,20,1.8050579265594482,-0.09317658126274274,-1.8741362590717645,0.39200533588612296,-0.6036509682520033,0.04834208793131767,common_shock
U23,21,0.26069634004115516,0.13688739322484522,-1.410419746835478,1.3464578836909737,-0.9588777339810626,-0.9491776102087401,common_shock
U23,22,-0.6630489916347317,-0.9113169830199617,-0.11407508053060877,2.622149167751755,-1.2918876172602325,-1.5513986732273697,common_shock
U23,23,-1.8160562062422811,-1.1579705860858556,0.7654127909524219,0.7449256772009647,-1.495902276551755,-1.5326908671873256,common_shock
U23,24,0.6371538165233885,-2.362120763068867,0.10293950818136488,0.7962676228286039,-1.4163381438354123,-1.3752813740398864,common_shock
U23,25,-0.8854111173844291,-1.6489518210941507,0.3185827970485231,-0.2836117337864926,-1.676495220418173,-1.3734645057394097,common_shock
U23,26,-2.186576605999914,-1.7686747947483732,0.1617716681508366,1.0447930995717898,-1.58734468153804,-1.2985501562135604,common_shock
U23,27,-1.7088854345965014,-0.5256578230055069,-0.7914511865587885,-1.2259029065020943,-0.8347006135003321,-0.5703112449332581,common_shock
U23,28,-0.49695437576165846,-0.427061291858092,-0.6982309447808324,-0.3173683810177842,0.3005207963141683,0.10999163442248,common_shock
U24,1,-1.278694801991824,-0.8393235551080702,1.0888599929477243,1.5887881360732068,-0.8779163542430524,-0.9565400506026509,common_shock
U24,2,-0.47802726639150195,-2.1586245689638517,0.6381504429524716,1.1220310600155496,0.05469155442589857,-0.7231786160963771,common_shock
U24,3,-0.5901254547924283,-2.7406918560843114,-0.1615355269044671,2.0717508936934523,-1.5621727852839058,-1.8340859829642977,common_shock
U24,4,-2.626428465347175,-0.4995948947227346,-1.2668311238780046,-0.32018004370825626,-2.2445516581267126,-2.1063783042719013,common_shock
U24,5,-2.853623636526537,-0.8307155087914396,-2.922123878845158,-2.1335802580107663,-0.10098760148473462,-1.0594248914898028,common_shock
U24,6,-2.380121276683968,-3.0579737931875206,-1.6869033968519858,-0.9457775684294095,-0.17788767802878325,-0.8267324736217052,common_shock
U24,7,-1.5336195308342406,-0.8662725440738427,-0.5575177039011232,1.537043444942662,0.2755012843856503,-0.039601827395817524,common_shock
U24,8,0.6758076401646764,-1.0194752706309909,0.5977485173470405,0.47634672110686976,-0.476794692901503,-0.6971076209791378,common_shock
U24,9,0.2464802269033572,-0.9081880897278891,0.7737831942910308,0.18217984566597104,-0.6889314767234587,-0.6690024502396922,common_shock
U24,10,-0.19433098998385856,-1.8932800266331238,0.24370238743399036,-0.5102559008611929,-1.5965698824379846,-1.3958249551026236,common_shock
U24,11,-1.0464047831331316,0.009323892639321957,1.1226094725595799,-0.03953086636122871,-1.2737192147953773,-0.8724551604090014,common_shock
U24,12,0.6513572466467117,-0.6973604386685437,2.6094061275678246,-1.3812315197962273,0.3057926244102335,-0.3178850830246769,common_shock
U24,13,0.8379319793228779,-0.6720936842249157,0.8971303231355577,-2.705844569938782,0.8437433420920076,1.1681838601247825,common_shock
U24,14,3.651657561195687,-0.8196668167144012,0.5196214036476953,0.7852003902773808,0.8229574367791361,0.996240873558347,common_shock
U24,15,2.8286684615898197,-0.7539247689586516,1.0786813800241508,-0.7606581595767674,1.5098495701181922,1.4980347874802176,common_shock
U24,16,2.0507640547441675,-0.9665810339600626,0.5261633813890567,-2.496389534917774,1.2728111861200233,1.1308496918969797,common_shock
U24,17,0.853031883707412,0.759064758864584,-0.49998351227191223,-1.264811661272454,0.8685957446082828,0.640567016291141,common_shock
U24,18,-0.5498479672998573,0.5049045593099739,-1.0703620239185085,0.5502182791587453,0.7916124883138111,0.8168560166404065,common_shock
U24,19,0.643353415860613,1.1320620331557656,-0.7357016802117057,0.9090771493510686,0.9389494635888305,0.8709512711600449,common_shock
U24,20,-0.10606529830556927,1.225653173098315,1.5267007017014032,-1.3570780028286913,0.5109647054135196,0.04834208793131767,common_shock
U24,21,0.7532001275540954,-1.0545536353475287,0.9061752791095692,-0.029686066847826376,-0.7862497395101095,-0.9491776102087401,common_shock
U24,22,-0.8276622587183731,-1.0002688304845566,0.9039932464762326,0.5251316027707507,-1.7961145091557942,-1.5513986732273697,common_shock
U24,23,-2.7328189323787413,-2.1804446541705587,-1.1726490472209217,-0.5894434562364662,-1.209908916690055,-1.5326908671873256,common_shock
U24,24,-1.0376659901211494,-0.8888923066397915,-1.2037788585369609,-0.8388405045194609,-1.1646940362385956,-1.3752813740398864,common_shock
U24,25,-0.44789003436731967,-1.0829716190281773,-1.248107445981597,0.814073123520183,-1.2920880448987575,-1.3734645057394097,common_shock
U24,26,-0.9857989436446111,-1.08291879258709,0.07513092343631006,0.5926284779972456,-1.2421380383686484,-1.2985501562135604,common_shock
U24,27,-0.6724105404427438,0.3401511524015105,0.27490797093762137,1.6115382883899971,-0.713994765925857,-0.5703112449332581,common_shock
U24,28,0.7156295754424786,0.42949033053967467,-0.25414959346660265,0.6468074074623391,0.5028732327478438,0.10999163442248,common_shock
U25,1,1.2793748418055002,-0.3034381085031155,0.22850665093621358,0.45169443546887666,-1.1596964812732007,-0.9565400506026509,common_shock
U25,2,1.5149722236379517,-0.7692918305069487,-1.2239261207121614,-0.5869789406911415,-0.46678354582222026,-0.7231786160963771,common_shock
U25,3,-0.48809079922874116,-0.5909985065380846,-2.608539807763533,0.008250379834696009,-2.143811413225989,-1.8340859829642977,common_shock
U25,4,-1.0412276098707296,-0.5956736602069421,-1.8080602011187679,0.14681194735595643,-2.89661341606418,-2.1063783042719013,common_shock
U25,5,0.07547279114225369,1.2330563860540633,1.1516360550033313,0.9369059397071167,-1.552924213308714,-1.0594248914898028,common_shock
U25,6,-0.4290033217885003,0.5769340915575233,1.5581565277779186,0.8879829466658061,-1.3522450462451172,-0.8267324736217052,common_shock
U25,7,0.21159712147262977,-0.46038499387110465,1.2439344061309734,-1.5496239308405515,0.5977025399682987,-0.039601827395817524,common_shock
U25,8,-1.1711431997226998,-0.4208552255036195,0.6629726385689476,-1.019828175157403,-1.30091079348669,-0.6971076209791378,common_shock
U25,9,0.8717981068813403,0.060104490843991054,-0.2614347707429724,-1.2266101281033233,-0.7423146464281264,-0.6690024502396922,common_shock
U25,10,1.015225501814023,0.7121595701107687,-0.3118999857971412,-0.21832913117205477,-1.7791333472118585,-1.3958249551026236,common_shock
U25,11,0.3513620620969833,1.0409879494374568,-1.098151153199991,-1.022157661795915,-1.2916757109902122,-0.8724551604090014,common_shock
U25,12,0.10394695784344637,0.042590476911712305,-0.7235297074825919,-0.8278261873493326,0.14032599501878645,-0.3178850830246769,common_shock
U25,13,1.2514378129006185,-0.05898751251100861,0.6601903354269689,-0.29218172876024845,1.4711126570256536,1.1681838601247825,common_shock
U25,14,1.6077248199086496,0.8523248301258475,-0.3877501949063307,0.7246466428180983,0.5665123495415512,0.996240873558347,common_shock
U25,15,1.9788378562544693,1.4735360946725211,1.1128383231950314,-1.1520144422641634,1.9112342036215395,1.4980347874802176,common_shock
U25,16,-0.5651477085053456,1.5940465324357296,1.0776716408317881,0.975773211983216,1.4142726146891877,1.1308496918969797,common_shock
U25,17,1.6007161389054425,0.858229083182779,-0.7026722552503688,1.654468963466595,0.6477693405754568,0.640567016291141,common_shock
U25,18,1.61678986651424,-0.9049822003476637,-0.3576070075689599,1.5373044222556547,0.8315240242653098,0.8168560166404065,common_shock
U25,19,1.9139104526409554,-0.27700363268035366,-0.6954334691628349,0.30348588386724384,0.656216158234798,0.8709512711600449,common_shock
U25,20,0.32961846449694887,0.7209057548530337,-0.4418542870515013,-0.46572802015768244,0.7487553559812598,0.04834208793131767,common_shock
U25,21,1.164067105786323,-0.4128197199413652,-1.033719073941743,-0.8805635578344742,-1.1903220201498468,-0.9491776102087401,common_shock
U25,22,0.6511570288081757,-0.9705992119110742,-0.452227984053963,-0.75103479093213,-1.4335019233629684,-1.5513986732273697,common_shock
U25,23,-0.4354348189937459,0.11418095785231007,-0.1523214200709906,0.5874155604895064,-1.4142472663087107,-1.5326908671873256,common_shock
U25,24,-0.4360944946368562,-0.6573503984481283,-0.6056775705317781,0.09537843707654142,-1.7661548168061572,-1.3752813740398864,common_shock
U25,25,-0.05916357886225443,0.248482427307666,-1.485257149760139,0.7971366293656919,-1.5300798278447862,-1.3734645057394097,common_shock
U25,26,1.6513163224338148,0.10754211668102316,-0.8236353612903242,0.5375367246310555,-1.626633228355861,-1.2985501562135604,common_shock
U25,27,0.2932460419072249,-0.34730819060784446,-0.9762512133570787,0.4390885961885507,-0.5968211913994566,-0.5703112449332581,common_shock
U25,28,0.9309422155595991,1.1538442767423476,-0.03484868529703429,-0.2745320691992082,1.1057690855665618,0.10999163442248,common_shock
U26,1,-2.9275707574809475,-1.7248064435410193,-1.1629859142235968,0.8846028062329808,-0.8465082831018415,-0.9565400506026509,common_shock
U26,2,-2.6080512813773957,-1.9592840124335604,-1.0667037514602826,0.17532435000235053,-1.1046051275268556,-0.7231786160963771,common_shock
U26,3,-2.1724871243440353,-0.26552112729065075,-1.066918392886917,-1.6025791461269245,-1.922490079774238,-1.8340859829642977,common_shock
U26,4,-1.910169038529581,-0.6471619555184548,-1.779340618311854,-1.1314122849809853,-2.3285936462215484,-2.1063783042719013,common_shock
U26,5,-1.565680133899882,-0.3685457479379812,-0.5733704063860546,-0.07759571156069012,-0.9753039302224263,-1.0594248914898028,common_shock
U26,6,-2.089353572269992,0.7790871301227508,-0.4305869228886841,-0.6680803854685801,-0.9246911222791399,-0.8267324736217052,common_shock
U26,7,-1.1857833802755204,0.8643389710169869,0.5960018825541424,-0.9358480330804662,0.4381044106775536,-0.039601827395817524,common_shock
U26,8,-1.3426818755550354,0.14606926897768266,-0.2514830938797529,-0.7977718387638926,-0.2422651849993822,-0.6971076209791378,common_shock
U26,9,-0.7055909652292056,0.4128120514157233,-0.4896404111510456,-0.12117053525533436,-0.25830448498362973,-0.6690024502396922,common_shock
U26,10,-2.6092014940854504,-0.33875533009729714,-0.7266766325914428,2.09022991763898,-0.9011460583237401,-1.3958249551026236,common_shock
U26,11,-2.439369318087053,0.80182819350697,-1.4925266887157063,1.2538782621651055,-0.24274051587986845,-0.8724551604090014,common_shock
U26,12,-1.9155396873143258,0.45359459464110186,-0.08577736907847094,4.287952306522505,-0.5816001294783639,-0.3178850830246769,common_shock
U26,13,0.3965925712455749,-0.3981596336636848,-0.28410879859390104,2.540376050951542,1.255601538473443,1.1681838601247825,common_shock
U26,14,2.220407827723883,1.2186544662059466,1.0726211281320397,2.9120839690318503,1.18058456697931,0.996240873558347,common_shock
U26,15,1.689706593340323,1.095489459975043,1.4042407278686697,0.028206635685109616,1.310980212672251,1.4980347874802176,common_shock
U26,16,1.4194323850641828,1.5386445679263456,-0.48406696792465975,-0.22701601917241881,1.285273664232247,1.1308496918969797,common_shock
U26,17,2.7371279222795675,0.22928595836999643,0.7204073092101129,-1.2171154836816505,0.8408403721097648,0.640567016291141,common_shock
U26,18,0.22568060621316732,-0.40294985829573804,0.3523856647114807,-0.11305543192875395,0.7253177440079868,0.8168560166404065,common_shock
U26,19,1.1888739635990522,0.8200081330452658,1.237032875696031,-0.34628377878357514,0.7098901844089112,0.8709512711600449,common_shock
U26,20,0.5734199760368313,-0.768521016929779,1.1967850768492876,-0.5365487236387442,-1.0666611463524525,0.04834208793131767,common_shock
U26,21,-0.5011075111691186,-1.5205295773577838,1.769121179091124,1.2685353590542152,-1.0807553951382427,-0.9491776102087401,common_shock
U26,22,-0.48373969141330697,-1.3775055504675071,1.3790577697077273,-0.13222307475365558,-1.3556272025109792,-1.5513986732273697,common_shock
U26,23,-2.173481221167544,-1.1825599276331884,-1.0022672319912265,-0.6890683155183119,-1.4673673336782214,-1.5326908671873256,common_shock
U26,24,-1.6906827766038772,-1.4268320736603708,-1.0140091828225029,-0.40064670136133596,-1.7817370015612641,-1.3752813740398864,common_shock
U26,25,-1.6796423393691748,-1.5045590496371255,-1.137532619258853,-0.09670365477514178,-1.6388622324570834,-1.3734645057394097,common_shock
U26,26,-2.4180789790146155,-0.23139517326889986,0.1487478394008651,1.4701391332387135,-1.5881915114102358,-1.2985501562135604,common_shock
U26,27,-1.4488247662693945,-1.6197540285782364,0.49740277784169823,0.7198083286789069,0.09524339947764981,-0.5703112449332581,common_shock
U26,28,-0.2902026440315749,-0.0024989369694327634,0.04829577300666131,-0.45906319388734546,-0.24902092558026512,0.10999163442248,common_shock
U27,1,2.0519262173071797,0.1723522486603108,-1.1907996988866172,-0.7485861811703356,-0.12059524789369447,-0.9565400506026509,common_shock
U27,2,2.837991349025117,-0.8120695426292839,1.071408427520393,-0.6457445687182485,0.11594585697887516,-0.7231786160963771,common_shock
U27,3,1.2835618665438528,-1.500976648684333,-0.3198550139198359,0.06393611455318676,-1.5805576117432447,-1.8340859829642977,common_shock
U27,4,-0.3797808964909908,-1.1023019604928253,-1.1104013277152647,-1.021149220596002,-2.155784906412838,-2.1063783042719013,common_shock
U27,5,0.47845434409849175,-0.5410984160388912,-1.28848922515206,0.9415687904727748,-1.1265447859844908,-1.0594248914898028,common_shock
U27,6,-1.4458491240488032,1.2044250560945842,-1.9985539526621312,-1.1929286753556956,-0.9013579458696339,-0.8267324736217052,common_shock
U27,7,-0.321758422207994,1.3554755375017284,-0.13865832055368635,-1.617032200167624,0.2407838587921829,-0.039601827395817524,common_shock
U27,8,0.08249406994116763,1.4781778177891924,-0.6569950311710574,-0.8060400176147533,-0.015963942815102827,-0.6971076209791378,common_shock
U27,9,-0.3470114476459447,0.6914178247657681,0.13502569521454885,-0.9301584127716244,0.18458446874817602,-0.6690024502396922,common_shock
U27,10,-2.123539303656252,0.43094659895698756,-1.7552300067522968,0.7555063055224935,-1.4393586192411634,-1.3958249551026236,common_shock
U27,11,0.3162733371309916,0.018521352406712925,-1.4833061578547333,0.2929392951983403,-0.5334885332392876,-0.8724551604090014,common_shock
U27,12,0.33212416080112467,-0.05408568223701202,-2.2324443322335594,-0.8372159090983757,0.23605131678602703,-0.3178850830246769,common_shock
U27,13,2.3100704218431987,0.8419088152338137,-0.7316989787516298,-0.7093609060536652,1.4781088767595825,1.1681838601247825,common_shock
U27,14,0.9339211679940189,1.0226547859871895,-0.38717402688360764,0.10522280153658575,1.2373663267754509,0.996240873558347,common_shock
U27,15,1.5889066878899576,1.2328177917906347,1.2302886580431167,-0.3444168595940984,1.7271329896444265,1.4980347874802176,common_shock
U27,16,2.8134387230457936,-0.36459637206401774,0.7667153667210235,1.227599414213149,0.45780455278148025,1.1308496918969797,common_shock
U27,17,3.1403450598283813,-1.3138840856352767,-0.26766147121594064,0.5196958224730124,0.28607608702252807,0.640567016291141,common_shock
U27,18,2.9648517876292755,0.2772651942394193,0.5148327784058662,0.8676506852207345,1.6019009143185274,0.8168560166404065,common_shock
U27,19,0.6016573377086392,-1.3780777480040396,-0.5443155404960068,-0.1966345012771365,1.207671725901348,0.8709512711600449,common_shock
U27,20,1.9879617438199522,0.009551405030772793,-0.12235102805402662,1.4976675295661603,0.42665949764569633,0.04834208793131767,common_shock
U27,21,1.9798065340912958,-1.3111707832144084,0.09506597147681861,0.8268291355846228,-0.7684163547262541,-0.9491776102087401,common_shock
U27,22,2.5135692659400934,-2.1283325804480584,-0.22644877884500147,1.3653094559137098,-1.16019783891069,-1.5513986732273697,common_shock
U27,23,0.1371771445237283,-0.13713789086572126,-0.5653132721644849,2.0762079963234763,-1.2451526933589208,-1.5326908671873256,common_shock
U27,24,-0.7900432794562796,0.5619953111291915,-0.6614087173372344,1.6787224265717549,-1.813158180950301,-1.3752813740398864,common_shock
U27,25,-1.8788809629392746,0.14090180776014738,0.1755478479822542,2.1589018465401852,-1.6249337206878305,-1.3734645057394097,common_shock
U27,26,-0.9715348184236514,0.5767440999801836,0.33103407013120123,-0.5589438077425593,-1.952019943417756,-1.2985501562135604,common_shock
U27,27,0.017416651924268653,1.128223131126554,-0.19666092528604348,-2.3477054648300766,-0.5363293177318191,-0.5703112449332581,common_shock
U27,28,0.37343460953212837,1.1597766549940423,0.5761601068358977,-0.12241128239514687,0.09690270159053035,0.10999163442248,common_shock
U28,1,-2.2556333036255647,0.47851543934810287,0.3480953882771127,0.8925125746715793,-0.7811454269866838,-0.9565400506026509,common_shock
U28,2,-3.039412428779891,-0.8892564962964213,1.4239608754903315,-1.693476629642756,-0.7443363589761526,-0.7231786160963771,common_shock
U28,3,-2.709555510149782,-0.7953190688970149,0.6038704820287244,-0.9373603434165194,-2.11373295872252,-1.8340859829642977,common_shock
U28,4,-2.4308198334930062,-0.96305647282485,1.3884976556786137,0.14330409194189309,-2.457028629211963,-2.1063783042719013,common_shock
U28,5,-0.9122660647793335,-1.705311353296225,0.13029147105327388,-0.675949854468557,-1.06594896364039,-1.0594248914898028,common_shock
U28,6,-1.744398564106014,-1.2175048706183844,0.1725890130883796,1.143384046421945,-1.1347390066699115,-0.8267324736217052,common_shock
U28,7,-2.1280249143960153,-0.07734576081166097,-0.4942503859363988,-0.008381297476631688,0.0024713011720098946,-0.039601827395817524,common_shock
U28,8,-3.1375278196216665,0.9245190182132038,0.868777151020841,-0.4861566388062551,0.16241447233895245,-0.6971076209791378,common_shock
U28,9,-3.198936061011872,0.3066002855406672,1.7856368855727127,0.7529681125312446,-0.9352636468624245,-0.6690024502396922,common_shock
U28,10,-4.129388278456129,0.7795377003304985,-0.30817568050468874,0.596922194661687,-1.5277755068088552,-1.3958249551026236,common_shock
U28,11,-3.905853248636101,0.06300416542403367,-1.6366126181241725,1.8624192009589935,-1.0392351772432575,-0.8724551604090014,common_shock
U28,12,-3.9945573343551244,0.05478581165255098,-0.8317503877981521,0.6536876408559433,-0.21702473984111986,-0.3178850830246769,common_shock
U28,13,-2.5422366699298147,0.5518507376705207,-1.236997768574346,-0.2101892628065945,1.1990401480991402,1.1681838601247825,common_shock
U28,14,-0.9085363716166314,-0.7438975264492814,0.8375981719841739,-1.7813670412958944,0.8869088328330912,0.996240873558347,common_shock
U28,15,-0.6720983113785661,-0.5073131488111535,-0.8882564112415381,-1.79168664972112,2.1509024289192027,1.4980347874802176,common_shock
U28,16,-0.944429610237021,-0.7706598461336736,-0.4096546307906954,-1.07591742748724,0.3414591219596639,1.1308496918969797,common_shock
U28,17,-0.11891918829061832,-0.5822875614346441,0.9415101060259619,0.9703206346183315,0.15412312281093687,0.640567016291141,common_shock
U28,18,-0.9740950599233063,-1.9600761033531917,0.34546957980286064,1.2715666310419285,0.5078445429316534,0.8168560166404065,common_shock
U28,19,0.06723345602997766,-1.0133093284237338,0.8601690096172963,0.9909038387964813,0.7192281728003245,0.8709512711600449,common_shock
U28,20,-0.3955158717607271,-1.0517809801614646,0.735321834835626,-0.26138197623482695,-0.2376113314993616,0.04834208793131767,common_shock
U28,21,-0.8598206813841587,-0.7231384159080544,-0.2812750842189803,-0.46140464029186445,-1.5374885219627172,-0.9491776102087401,common_shock
U28,22,-3.825939891204193,-0.24938223528053244,-1.3317109344133309,0.3508722061269497,-1.7856735738632494,-1.5513986732273697,common_shock
U28,23,-3.494958731170777,-1.1855157679943369,-0.7646518350601248,0.5449905333172097,-1.6673617710877326,-1.5326908671873256,common_shock
U28,24,-3.5142336945951143,-0.4792883448250145,-0.43070914181481945,0.35565856718096,-1.7008663332496368,-1.3752813740398864,common_shock
U28,25,-3.7419149090591532,-0.21636122997755985,1.310170881110415,-1.9556626514709468,-1.1146468766481181,-1.3734645057394097,common_shock
U28,26,-3.816187025987679,1.152019373236434,-0.13573625611410417,-1.066648529766695,-1.3061048479734072,-1.2985501562135604,common_shock
U28,27,-2.8870072655226613,0.35715266013701397,-0.04170511405586183,-0.6593677953038368,0.04696450512568551,-0.5703112449332581,common_shock
U28,28,-2.697834311577167,0.18962695924813514,0.6478164172399584,0.219905721728979,0.446146078684978,0.10999163442248,common_shock
U29,1,1.952886863432889,-0.7236908725374032,-0.6028327697223177,0.2795365283608013,-1.058514050852015,-0.9565400506026509,common_shock
U29,2,0.5881994001063258,-0.8477976898262353,-0.6972316462351251,-0.19990012728667061,-0.9817987931661039,-0.7231786160963771,common_shock
U29,3,0.6969888801991149,0.11330087018802862,-0.4772355186454289,-0.9236834703903519,-2.044366716072461,-1.8340859829642977,common_shock
U29,4,1.5875168556100006,0.31155119816639876,-0.05889841208411206,-0.429970541219715,-1.9456417887942876,-2.1063783042719013,common_shock
U29,5,1.9715531423118675,1.9265751963245221,2.453388135367729,-0.14453434932518835,-0.4004460041017297,-1.0594248914898028,common_shock
U29,6,1.456500327203967,0.4404784909409921,1.2797637085331852,2.041308705490353,-0.6618458871394746,-0.8267324736217052,common_shock
U29,7,1.954027286149532,0.3113393539612339,-0.7817852486365608,1.2732210461042648,0.05214313882224856,-0.039601827395817524,common_shock
U29,8,0.14600340050654648,-0.5627761826566482,-2.1954890917046326,0.9808462150476932,-1.3262141509172793,-0.6971076209791378,common_shock
U29,9,1.0665414736237429,0.17320218052248407,-1.9192120958249828,-0.20537665505968694,0.024267048711070105,-0.6690024502396922,common_shock
U29,10,0.9839598000678278,-0.06547196718776746,1.1899653905763792,-0.8512244316546753,-1.447301701096891,-1.3958249551026236,common_shock
U29,11,0.8416385473618909,0.6651935474770886,0.01184608558269623,-1.944649257205083,-1.374089894297438,-0.8724551604090014,common_shock
U29,12,0.9155714484495234,-0.8698491183426721,-0.04349370861616501,0.16049497933450663,-0.5334808720458977,-0.3178850830246769,common_shock
U29,13,1.2333848022682312,0.18701421959484293,0.10157526249325133,-0.9102778589203344,0.669472421568285,1.1681838601247825,common_shock
U29,14,2.8058253043310373,-1.6659703413589326,0.2034622836415772,-1.6633530321314653,0.872667413036306,0.996240873558347,common_shock
U29,15,4.6413546579202,-1.4862244909969742,1.32229491900892,-0.2780773842801833,1.7693368781747092,1.4980347874802176,common_shock
U29,16,3.65366768896847,-0.2759554977354212,-1.475232807541913,0.600500985153373,0.4639894845240131,1.1308496918969797,common_shock
U29,17,4.408279146201547,0.3520489155975377,-1.0939997991567563,0.08628871204376676,0.8729306684042004,0.640567016291141,common_shock
U29,18,4.464503110392688,0.7300582231824895,0.44220351792599977,1.0025012449071733,1.0889580968649957,0.8168560166404065,common_shock
U29,19,3.816559359880995,1.2918292923965977,0.1428395829324835,-0.14244967176637385,0.6814341912534554,0.8709512711600449,common_shock
U29,20,1.3668025118578182,-1.0884652126972303,0.08894412061575784,-0.6775192408448552,0.14759679092468336,0.04834208793131767,common_shock
U29,21,-0.5215221077415009,0.03745150905677387,1.8620266739168676,-0.13746729603416874,-1.1960549802119465,-0.9491776102087401,common_shock
U29,22,0.9776732637187643,-0.560574572976644,-0.11890890534571197,-1.6436679353908181,-1.4277785200796902,-1.5513986732273697,common_shock
U29,23,0.8821834800398716,0.1723026944141893,1.315148591477063,-0.5886849734328621,-1.41600146229619,-1.5326908671873256,common_shock
U29,24,-0.5601453984360886,-0.35896616582158897,-0.14099454925362587,0.7465163137169264,-0.8216990028459178,-1.3752813740398864,common_shock
U29,25,0.4872138200314138,0.45759255295504386,0.2619470495948911,0.15781710085898512,-1.589384774304965,-1.3734645057394097,common_shock
U29,26,-0.32337950790762293,-0.7489031327507408,-1.1057768682442326,0.4448389211400588,-1.4501931573304974,-1.2985501562135604,common_shock
U29,27,0.25069001843532407,-1.1124242543329839,-0.9348949242136317,-0.6099252072513094,-0.7575417052493388,-0.5703112449332581,common_shock
U29,28,1.4280340676740428,-0.09326045037722766,-0.9194417624161562,-0.8470140584281708,-0.021012563467010623,0.10999163442248,common_shock
U30,1,-0.557001545936699,0.1590247907291611,0.15345676241328776,-2.5057605049108,-0.8496298665428474,-0.9565400506026509,common_shock
U30,2,-2.062806260171769,-0.03705004023345564,-0.6635520398587975,-2.97916653572945,-0.45213555787099524,-0.7231786160963771,common_shock
U30,3,-1.9842649490287052,0.07413206309870371,-0.22315581006820098,-1.7998370703239264,-1.2285108817867723,-1.8340859829642977,common_shock
U30,4,-1.9602258376476136,0.41626511675452205,0.16619995419838984,-0.7952268745451807,-1.9226111958063878,-2.1063783042719013,common_shock
U30,5,-4.0101660184671655,-0.37813564872361577,-0.2405519841507122,1.1831352124671886,-0.9002427590553812,-1.0594248914898028,common_shock
U30,6,-2.2504421409911433,-0.4032255558621725,-1.0773728429000213,-0.9851257649081069,-0.25560564778399075,-0.8267324736217052,common_shock
U30,7,-1.591951493470246,0.075488919703122,-0.6950543171920752,-0.9079813452647618,-0.3235382147023598,-0.039601827395817524,common_shock
U30,8,-2.3614836096029497,-0.584109228593678,-0.0009086264178768677,-0.19682671807363117,-0.427942427975496,-0.6971076209791378,common_shock
U30,9,-2.3517799648686344,0.1699180493779393,0.5578421228656719,-1.2989044225046915,-1.0632520725374213,-0.6690024502396922,common_shock
U30,10,-1.1649159432380218,-2.400542146386286,0.4082377776032539,-0.6219171851376267,-1.9799932165640302,-1.3958249551026236,common_shock
U30,11,-1.7159141506499245,-2.1017972453396827,-0.10222460936327782,0.9539158040908094,-0.5992851377246067,-0.8724551604090014,common_shock
U30,12,0.3269131957146556,-0.348888604201191,0.5685152977451833,0.3354499683196103,0.459200794134576,-0.3178850830246769,common_shock
U30,13,1.2009491159240322,0.028440644007147742,0.80062725566652,-2.661820337475843,1.464802558515257,1.1681838601247825,common_shock
U30,14,1.0907712540232941,0.3386942307765042,0.10959298970456005,-0.7540919916350574,0.3698998217851749,0.996240873558347,common_shock
U30,15,0.9582854148964022,0.7071902005631152,0.9113688819192417,-1.1103789388729715,1.586117535348205,1.4980347874802176,common_shock
U30,16,-0.41489639086886987,-1.0930487134366218,0.6797332336279929,0.02634097727453344,0.5572641961312841,1.1308496918969797,common_shock
U30,17,1.3867487527637135,-1.4882621581759412,0.8532375265915557,0.3853888499487061,0.5606085437026719,0.640567016291141,common_shock
U30,18,0.14890024478464814,-0.6061046801627847,-0.011298370317916862,-0.8234358199856366,0.4125151945895415,0.8168560166404065,common_shock
U30,19,0.6797573293112169,-0.7329364197174641,-0.4531717267414195,-1.8345058535352232,0.7316367712462954,0.8709512711600449,common_shock
U30,20,-0.43754204833295496,0.5237130526306802,-0.08167956563104084,-0.9717877403090387,-0.10578251471849148,0.04834208793131767,common_shock
U30,21,-1.0085110409489482,-0.5593341467998563,0.15048600361536146,0.0706851685585585,-1.2047973540670522,-0.9491776102087401,common_shock
U30,22,-1.6482498846255094,-0.8227084691787774,-0.9660572436694812,-1.7708061135939777,-1.414891896060054,-1.5513986732273697,common_shock
U30,23,-1.3098441764089805,1.2904121041819143,-0.4664136565142576,-1.0028293880663492,-1.9521423511396394,-1.5326908671873256,common_shock
U30,24,-2.571800698461333,0.20132745902491433,1.969705049578614,-1.2792769536859667,-2.196972557591063,-1.3752813740398864,common_shock
U30,25,-3.9110315687109116,-1.0986568017506488,0.09799645735133844,-1.0728291140967319,-1.4426911851142359,-1.3734645057394097,common_shock
U30,26,-3.7466526447477397,-1.2349219567238305,-1.903667635430422,-0.04858205509421859,-1.5243903827417506,-1.2985501562135604,common_shock
U30,27,-2.9223574631023395,-0.16800735707832687,-0.44486751778067124,-1.0631718165805213,-0.6134991117583323,-0.5703112449332581,common_shock
U30,28,-0.4739614151489959,-0.36065672082594336,-0.6099433927319295,0.2813427518873885,0.13999738025507324,0.10999163442248,common_shock
