unit,time,y,x_linear,x_nonlinear,x_null,x_common,common_factor,scenario
U01,1,-0.7291692904883884,1.8446671956982417,0.3944143604032577,-0.09270683712474327,1.7631629077424418,1.484535790395204,null
U01,2,-3.271398073480777,1.9066239476756275,-0.7653315089814401,1.1086448640742248,0.5762861969186615,-0.23801188650494398,null
U01,3,-1.5361042405499823,-0.29803923575769586,-1.5279863681060188,0.07540604385658961,-0.03298980808131424,-0.6107561981949563,null
U01,4,-0.6957756995452327,-0.14065218439796173,-1.7278759588960688,0.4681607225497772,-0.6209604644063511,-0.542755691517841,null
U01,5,-0.7483768473273118,-0.9071805227773061,-0.3317946085387452,-0.6735991858154067,-0.0377534340120293,-0.40209681567600264,null
U01,6,-1.5300954105249063,-0.6908208393519505,-1.0856794958811666,0.48205602584247387,0.22304152673358957,0.23140405572926548,null
U01,7,-0.09214038643574751,-1.1190698404517263,-0.6015826162156064,0.39784700879289747,0.6151697363034329,0.20068378872035533,null
U01,8,0.8622230326305523,-0.5743559628588322,0.35681573711639103,1.0654059051429545,0.649890393717013,0.1399679765160161,null
U01,9,-1.9710528962767915,-1.2182935462585989,0.28979524703749726,0.35310740923276596,-0.4229961049041039,-0.3229892874050805,null
U01,10,-2.3517507132465916,1.0184074534041148,0.5200888656479632,0.06948057429854007,-0.03317048785995319,0.379690911142172,null
U01,11,-4.767840020020939,0.8503369852723786,-0.05480744423106648,0.08963589136608588,-1.6499439106840803,-1.2664615865007853,null
U01,12,-2.9754957273009626,0.7162149484631717,-0.2933893123813553,-0.651592820784992,-0.21894952893691588,-0.5840242228249731,null
U01,13,-2.6780828226837246,1.6007641269801316,1.0910313004488357,-1.5893516611305532,0.16038014286568142,0.4309718266481071,null
U01,14,-4.400237638007963,-0.42255250025681085,0.18527323537960516,-2.874835187053683,-0.7403020298572573,-0.5828291267641412,null
U01,15,-2.9840086268923556,0.06488370520776549,0.6778096485046459,-0.6746174062502976,0.3383434233075372,0.21706534000511596,null
U01,16,-1.5303620285918726,1.1559859851812273,-0.6504502894053459,0.9245142364252698,0.12253087322639777,0.5649031751706877,null
U01,17,-1.2071666758456174,1.8695627581379404,-0.36637249588525356,1.4076286551878474,0.9275306706768568,0.9484384530354499,null
U01,18,-0.6755055371415891,0.3322929114139242,0.2944063592908771,-0.21032492851579876,1.2749270748109394,0.8979885901033888,null
U01,19,-1.605145940368746,-0.06654740065727915,0.6945957297859886,-1.7731670935515325,1.4917622060166837,1.1311788564995626,null
U01,20,-2.122068883338761,0.6127564303355346,-0.7348895279488787,-0.5978650044898086,-0.04124274217170332,0.3214846536074446,null
U01,21,-1.2300681261899558,-0.18651281632555147,0.03413856890561365,0.34609191251149196,0.4593595432173871,0.4442616886521753,null
U01,22,-1.3005375183053212,-0.4068518187935447,-0.09443842124979773,0.17853380095724372,0.11233243801094916,0.6364928240198362,null
U01,23,-0.6056832095370894,0.8859421784072363,0.5651886297114053,-1.2477649100522679,1.0276932654804312,1.3881366721792574,null
U01,24,0.3217896204979568,-0.0662657917477831,-0.6469058385660101,0.0831348985047819,1.718397581268055,1.5420017231063992,null
U01,25,-0.10823356863306505,1.0912831336559599,1.5846463057138744,-0.7305923199673634,2.2274623736941654,1.496906703193291,null
U01,26,-0.6953108561166436,-0.7815888608499149,0.9192441245874595,0.22012507105408424,0.170676349649733,0.49670832867060405,null
U01,27,0.5523839779533984,-0.6632356680715535,1.5551525846971763,0.8728160834583147,0.12855952355195677,0.6663725411229555,null
U01,28,-1.7814586127872092,-0.46580489312280293,1.1391247133867761,-0.6078416409746371,0.2135754248757374,0.3377293761310093,null
U02,1,2.009139131916953,1.476652516037065,1.0152495440010907,1.1560180022923527,1.8623524927145854,1.484535790395204,null
U02,2,2.3555572116531973,1.5324741654595446,0.35620977470171156,0.9700575348991988,-0.09304235463654698,-0.23801188650494398,null
U02,3,0.6392392030573995,1.5948316291437243,-0.44465893031583714,1.1132736223792878,-0.9313580041625154,-0.6107561981949563,null
U02,4,0.6514098639633175,1.014153565226456,-1.4921746835825382,-0.5240353996849096,-0.57349596478315,-0.542755691517841,null
U02,5,-0.4441268707112606,-0.96098950197651,-0.07604193266251599,0.5802544289974243,-0.7039791929708181,-0.40209681567600264,null
U02,6,0.27395085753426157,-0.1750577219622571,-0.18239940031107324,-0.676134955275003,0.3592071514027441,0.23140405572926548,null
U02,7,0.2874540452566079,-0.7026149670098611,1.7670899605622974,-0.5763145579401752,-0.4675700590151462,0.20068378872035533,null
U02,8,-0.4449870633218782,-0.4213456374923117,1.5251331533291135,1.085539092742702,-0.3508928440382215,0.1399679765160161,null
U02,9,0.5683062017145923,-0.26725295291617296,0.005314902084754408,0.7353571890338204,0.036497693926695884,-0.3229892874050805,null
U02,10,0.9434058681259024,-0.6049500668603159,0.5442407365603323,0.39881024369176254,0.589332399695344,0.379690911142172,null
U02,11,-0.336475234014671,-1.163191193092194,1.178300934598893,-0.4008754582037123,-0.754978806509111,-1.2664615865007853,null
U02,12,-0.1741755241883859,0.32579464440686806,1.0638334345083174,-1.2890331740205423,-0.3741140810096357,-0.5840242228249731,null
U02,13,-0.09979499775687206,0.574564723023327,1.5186055812341854,-0.8219113135494984,0.3526710722826678,0.4309718266481071,null
U02,14,0.20902501610672797,-0.6777074178511979,-0.6717209178908105,-2.503437917310589,-0.4089199280930497,-0.5828291267641412,null
U02,15,-0.6245473751462219,-1.361201946366231,-1.4053810183918891,0.6708643988235301,0.9946073044431165,0.21706534000511596,null
U02,16,1.2332148936081357,-1.792369866223947,0.1449649530718518,-1.597362977063081,0.5823101499680714,0.5649031751706877,null
U02,17,1.2421105224456386,-0.8093097185338742,0.6798165053834664,-0.12167279271591835,1.0524448582400012,0.9484384530354499,null
U02,18,1.9429090886725846,0.0867708669710708,-0.5008760992311527,-0.7257148333154627,1.70570373762071,0.8979885901033888,null
U02,19,0.960632808260146,-0.07396914962857781,-0.1460417196215663,-1.0086356728130987,2.0898176708689657,1.1311788564995626,null
U02,20,-0.6279424452023765,-1.0347268459995547,-0.5679347517309692,-1.4831681751941446,0.33680340136459364,0.3214846536074446,null
U02,21,-0.04156715961876836,1.578366955249467,0.15538748758972348,1.8002614241448485,0.8650716376277867,0.4442616886521753,null
U02,22,-0.8681406321858179,-0.45251007759743545,0.13366619567738253,1.745759393643294,0.43406073511726506,0.6364928240198362,null
U02,23,-0.19305877722521325,0.784535796631055,-1.2065472834791673,-0.9458390057495742,1.2166166712172586,1.3881366721792574,null
U02,24,0.40203717110918624,1.437725035733706,-1.0477846312000105,0.40157955607039036,1.2456435395090328,1.5420017231063992,null
U02,25,1.7237304914889502,0.4502815447939865,0.32694505065430945,-1.5269557862171534,1.3187022211320378,1.496906703193291,null
U02,26,2.2947085471957553,1.0663130448133746,1.0513185933991345,-0.7368669126098453,0.5828543867891445,0.49670832867060405,null
U02,27,0.9278453428110058,-0.19604883044661,0.6534970743688016,0.8946113804467071,0.7043387581478661,0.6663725411229555,null
U02,28,1.8436593223310105,0.8429356096114389,-0.6093174736272156,0.8068084032284022,0.18607549370635953,0.3377293761310093,null
U03,1,3.4442320752630673,-0.9418481812744238,-0.13865837284361132,0.5985583148743217,1.6830225137403474,1.484535790395204,null
U03,2,2.989941987744822,0.1767851210018923,-0.12950406407810205,0.47828528634174544,0.26834319996861394,-0.23801188650494398,null
U03,3,3.259883227285722,-0.5743853831491881,-1.1848878914050434,0.9828147149607106,-0.2709177414587294,-0.6107561981949563,null
U03,4,1.2873933253495053,-0.23464599946338355,-1.5256637439125968,-0.17917484973372094,-0.3296226275735503,-0.542755691517841,null
U03,5,1.759925660395706,-1.0959649962062772,-2.021724041538414,-1.7958983869175982,-0.3768597184570001,-0.40209681567600264,null
U03,6,2.8277044312112403,-0.43987847128923485,0.7151432998551509,0.15812702019252534,0.12165269868195382,0.23140405572926548,null
U03,7,1.8329181888508372,-0.5494910200087663,0.5935968519028717,-1.0070123403261573,0.6863745533587478,0.20068378872035533,null
U03,8,3.00570454093592,-1.1696503422772404,-0.8907698376989404,0.6805784656663654,-0.14558770391869055,0.1399679765160161,null
U03,9,0.6064998642024095,0.19450066301893418,0.34022650159764034,0.27007463935232046,-0.18816190676344552,-0.3229892874050805,null
U03,10,1.9513023584792324,-0.33686388100892767,-0.24856260772846783,-0.865559212097947,0.6790502781060843,0.379690911142172,null
U03,11,2.298371761108142,0.45028663329261337,-0.48733071318863985,-2.2933186593527606,-0.6172967351588685,-1.2664615865007853,null
U03,12,2.4537508749211,0.5086664145317523,-0.12051190663744867,-0.24964994799392526,-0.6534791629978645,-0.5840242228249731,null
U03,13,2.0894266851387853,-0.4790142479916535,0.6544696929312387,-0.9013704144168457,0.3454173021898302,0.4309718266481071,null
U03,14,2.283961788400023,-2.5046823967570426,2.330913048360661,-1.1758910208636257,-1.3712142607297315,-0.5828291267641412,null
U03,15,1.2291561061161782,-1.0232890508641048,0.8540561360076564,-0.576575385705804,-0.2756418189274639,0.21706534000511596,null
U03,16,1.3648619314311234,0.08736453946700541,0.8589493347741588,-0.03182122649046676,0.8166378891607464,0.5649031751706877,null
U03,17,1.2496174713333423,-0.052516505530726364,0.5644558461912589,-0.4977548059910136,0.728060241594982,0.9484384530354499,null
U03,18,1.8701146560682622,-0.1214332000575941,-0.11613252300686344,-0.3237040680554203,0.9904343753819108,0.8979885901033888,null
U03,19,2.8925134672710793,-0.15984598996065424,0.4455227626660442,-0.005101687028134488,1.2734218548549794,1.1311788564995626,null
U03,20,2.5944816314846113,-0.08055452272441584,0.19655928227297417,0.24904674464927556,0.28520294002728197,0.3214846536074446,null
U03,21,4.205289495366653,-0.46789624815146447,-1.0839264757874683,0.7038482775035779,0.02387691000286868,0.4442616886521753,null
U03,22,3.0189518981849304,-0.25245039781539974,0.3510777045282901,0.5210381338308514,0.8188601511732523,0.6364928240198362,null
U03,23,4.666741065972477,-0.35191578026830866,0.7404374757860307,-0.38869128057866653,1.814719741283609,1.3881366721792574,null
U03,24,4.54880182912199,0.8545963401344684,-0.9332894054979167,0.062300292082118625,2.084503848784798,1.5420017231063992,null
U03,25,4.060639571881071,1.1989483361945892,-0.7961130827029765,-0.3300994748377968,2.1895791316941184,1.496906703193291,null
U03,26,3.996490931606629,0.19831490629065698,0.4512932097547722,0.6012553015819355,0.8268460145531351,0.49670832867060405,null
U03,27,2.6827057072132154,0.5802948722676138,-0.11852164770150253,0.8045721408308855,0.6474604489527447,0.6663725411229555,null
U03,28,1.6985562971958985,0.6794598156428946,0.18142473220337513,0.9080243158600283,0.3674941647628281,0.3377293761310093,null
U04,1,3.3413293431602247,-0.2775454333140438,2.7046384587007593,-0.5014297804307333,1.7654875875597034,1.484535790395204,null
U04,2,3.303833715018778,0.20766005975009538,0.8429873795452631,0.9101462549265582,-0.019839246654480835,-0.23801188650494398,null
U04,3,2.071005286058243,-0.19104266302421608,0.18126183451511357,0.06068532445866226,-1.2754092491097704,-0.6107561981949563,null
U04,4,1.3207006483110235,-0.6390781070321043,0.34210109348720263,1.4362213536327961,0.04967583910044726,-0.542755691517841,null
U04,5,2.0210888053415816,0.46347685752671397,-0.3245144100734776,0.6439712092907532,-0.06004205025560927,-0.40209681567600264,null
U04,6,2.064743894566408,-1.4394319076375237,-0.4586038013634416,-0.39596754182215904,0.6459870103343602,0.23140405572926548,null
U04,7,1.5167042160459183,0.43148891122330774,1.0707423614638163,0.32286700655174977,0.2010681952838612,0.20068378872035533,null
U04,8,1.6539822265280595,0.2827165111152147,0.19028617287843008,-1.171802164043449,-0.2636930771087701,0.1399679765160161,null
U04,9,1.7527734408666193,1.0820130320555856,0.29509016882818806,-0.40966346486298744,-0.8509981621865823,-0.3229892874050805,null
U04,10,2.70591008788046,0.356032933326668,1.111045286583125,0.16820171776859807,-0.4404751511714152,0.379690911142172,null
U04,11,0.10059747764853122,-1.5404933715288456,0.5520062731769414,1.91538498905375,-1.4144420176669754,-1.2664615865007853,null
U04,12,0.7480956849562753,-0.5762623285522699,0.2498736650938693,0.8570031190719618,-0.28670754881593885,-0.5840242228249731,null
U04,13,0.8563814722011104,0.3486376585638087,-1.4787459981833189,-0.4664628471405212,0.8297449477534031,0.4309718266481071,null
U04,14,1.3271415886779936,-0.07541096614178885,1.1532992154578539,0.8117829246326782,-0.8459373512800005,-0.5828291267641412,null
U04,15,1.9953189673713074,1.1090262064909144,-0.415516936304909,2.1270106263122015,-0.29902631694542586,0.21706534000511596,null
U04,16,2.1881826396845763,0.2412287045791528,-0.748279221297695,2.47564846704736,1.1713171905694044,0.5649031751706877,null
U04,17,1.2694512508561493,0.7892791881166654,0.08843971548501231,1.5385880724258905,0.9676470468846717,0.9484384530354499,null
U04,18,2.732625254637134,0.1559188504482642,-0.17443691860655514,-0.5084855327789879,1.157500753715228,0.8979885901033888,null
U04,19,1.8776294677514327,0.4453357571136225,1.3603993928625546,-0.9710284692447826,1.2748883797451962,1.1311788564995626,null
U04,20,1.816090624930711,-0.5259415017655173,-0.7662225298102288,-0.7195665372568143,0.6697405581322451,0.3214846536074446,null
U04,21,0.7301610449697049,0.7458920923929361,1.1968385854164783,0.322935233759534,0.009573135144229028,0.4442616886521753,null
U04,22,2.1834183326950116,0.9800201125506148,1.588427474946485,-0.0177654577692673,0.833394480663812,0.6364928240198362,null
U04,23,2.7998395716808187,1.2706853917343501,1.2622276593767494,1.2777643815613076,1.8280126581656,1.3881366721792574,null
U04,24,2.540692739420359,1.4418309094980803,0.635618941579434,2.7684505719522656,2.050668124098544,1.5420017231063992,null
U04,25,3.7042754996592278,1.1660335693430677,0.5325790572862368,0.67265668509233,1.3848796966873882,1.496906703193291,null
U04,26,4.198236781449095,0.44493383565051553,0.45240864841327644,0.22999244808708602,0.49222271379603627,0.49670832867060405,null
U04,27,4.067895961663157,1.3978815586899465,-0.07749525033021787,-0.2743180371763484,0.3937998136454246,0.6663725411229555,null
U04,28,2.0582697306326128,-0.5578914077938546,0.6751448536263311,0.8124413947341692,0.12341817705882668,0.3377293761310093,null
U05,1,-0.16040564902523585,0.9812999567334241,-1.188329204494198,1.088923178361402,1.5893166237364893,1.484535790395204,null
U05,2,-1.56940183486895,-0.25226618267066403,-1.8146255172748287,0.8507049077240671,-0.23591423686509433,-0.23801188650494398,null
U05,3,-2.6569689694218686,0.9032963548217605,0.043193001453459945,0.7048161033386151,-0.5248502428298035,-0.6107561981949563,null
U05,4,-3.022074657276111,-0.058026054799931226,-0.07052548793163009,0.20586431862128385,-1.2192884057605606,-0.542755691517841,null
U05,5,-2.6041473536462876,0.15229682453866544,-0.0764241892843189,-0.3640628955146042,-0.16422828171493525,-0.40209681567600264,null
U05,6,-1.2277875598032506,1.2567473884739129,-0.6220429296008456,0.5808279101463767,0.9646294915735505,0.23140405572926548,null
U05,7,0.5082205995123932,-0.50864708807188,0.011147155840921998,-0.10308930394046045,0.46408660374633615,0.20068378872035533,null
U05,8,-0.9099398072963065,-0.49324809035117734,-0.5868206660740899,-0.11349560596491537,-0.21714388462437725,0.1399679765160161,null
U05,9,-0.7053428619310522,0.9164353569401726,-0.779831068400024,-1.145240650528632,-0.08011386101560974,-0.3229892874050805,null
U05,10,-1.1152057618194113,1.2933869194825318,-1.0818406932818472,-2.3186715145970247,0.43320424960816983,0.379690911142172,null
U05,11,-1.6094518874346062,-0.9705964754084422,-1.9415044487736364,-0.139043428682321,-1.0823365767879558,-1.2664615865007853,null
U05,12,-3.0375052708031145,-0.4299666348004373,-1.575040322873501,0.4855060994085621,-0.59410901281292,-0.5840242228249731,null
U05,13,0.37982366750373986,-0.030445543147884193,-0.8891788712319227,0.809044469819467,0.766325075222342,0.4309718266481071,null
U05,14,-2.13824734941961,-2.3993084260670763,-0.6812159710411942,0.3233823612802781,-0.5395060149109719,-0.5828291267641412,null
U05,15,-2.076632728105402,-1.0202443789101865,0.17299882980685416,-0.1296195376843228,0.5748218484036695,0.21706534000511596,null
U05,16,-0.11180924345582821,0.1504176378693781,1.1603570634569071,0.8346831106726612,0.41798166029795436,0.5649031751706877,null
U05,17,0.23234916573813513,0.5242092231538261,1.395451055627948,0.6721724970563236,0.5042155742724723,0.9484384530354499,null
U05,18,0.8402703887322182,0.47766576088896273,2.0297833943105767,0.2161270734785088,0.6143109671782656,0.8979885901033888,null
U05,19,1.7609548255612855,1.7691404322264923,0.7076883870346907,1.623078643842756,1.5452514856393529,1.1311788564995626,null
U05,20,-0.47229891111007444,-0.02544766813809271,-0.30103109392127936,-0.14672033974407728,0.22968964010426468,0.3214846536074446,null
U05,21,0.7683488548828596,-0.1835548103005364,0.020274279710864887,-0.9459932391302195,0.0575156963291642,0.4442616886521753,null
U05,22,-0.47607971650889314,-1.2370832248736259,-0.17343574661233468,-0.44084167293022686,0.6103434214954836,0.6364928240198362,null
U05,23,1.007364078273675,2.4178627682491776,-0.06523819291803562,0.02346654711165097,1.091838835037013,1.3881366721792574,null
U05,24,1.0287539572645876,1.03438557477806,-0.15485994354894694,0.8638405861587161,2.005627944773436,1.5420017231063992,null
U05,25,1.9773792187420927,-1.1124195545537705,-1.5963342002572332,-0.9252285607606725,1.318988481926464,1.496906703193291,null
U05,26,2.1768371041990155,-0.9422441446067057,-1.5964962396118265,1.8773821134265982,-0.2403687054912107,0.49670832867060405,null
U05,27,0.9032611564331288,2.331298324938622,-0.25940597289100953,1.3329887010685035,0.9336715161326299,0.6663725411229555,null
U05,28,-0.09495977947488034,1.5479565775481865,0.31294684716804533,0.972758854975706,-0.2067399508950934,0.3377293761310093,null
U06,1,0.5730185849157364,1.1671441709574504,0.606829731190527,-0.09042179504781955,1.8907833308584125,1.484535790395204,null
U06,2,0.810347248498442,-1.0993255120761511,-0.29476669164443126,-0.29800348160957374,-0.30361134275832596,-0.23801188650494398,null
U06,3,0.29923449897485566,0.4349450747686351,0.6961916952608066,-0.555388698336146,-1.4054211873793383,-0.6107561981949563,null
U06,4,-1.1994897266840605,-0.16167164001189543,0.37950239744747394,-0.5010173113966165,-0.904146004515722,-0.542755691517841,null
U06,5,0.6385905136023494,-0.949710652873394,0.3598008659978952,-0.49243475087500294,-0.32394153134839143,-0.40209681567600264,null
U06,6,0.763136564724143,0.3309612070205429,-0.4712534410768908,-1.2228611232006092,0.13309559121728654,0.23140405572926548,null
U06,7,1.7331192747161133,-0.3462627595426348,0.47801087987376273,-1.5618137940670302,0.2313358167182473,0.20068378872035533,null
U06,8,1.3986458665386365,-1.0891941367802278,-1.4884244246479708,-0.8778732844867844,0.19840001797669177,0.1399679765160161,null
U06,9,0.2709285589505222,-0.4090462762810195,-0.019694158614099316,0.2008932215480717,-0.1678424296951112,-0.3229892874050805,null
U06,10,1.2505513328299076,-0.6225782671322525,0.8248189612510826,0.23641232462242914,0.1328624361969522,0.379690911142172,null
U06,11,-0.30252564735333276,0.021932414853907976,0.3512253455739035,-0.47568721475068265,-1.2600201290546793,-1.2664615865007853,null
U06,12,0.715873696193652,0.6988900893929283,0.7004356190009806,-0.20702994702422106,-0.3244692685251085,-0.5840242228249731,null
U06,13,-0.86342927592221,0.089347916838107,1.0926406038007361,-1.2499939881700717,0.0335801665548035,0.4309718266481071,null
U06,14,-1.2865207797607703,0.5426560259722063,0.351617425054064,-0.3557693639308384,-0.9073747194646846,-0.5828291267641412,null
U06,15,0.028238418689884304,1.4383458766535204,0.0013681950840961216,-1.0993304367689682,0.04722912241758029,0.21706534000511596,null
U06,16,0.38150142951574734,0.13567601258563722,0.5754906863511405,-0.5300378800511429,-0.04882036241524512,0.5649031751706877,null
U06,17,1.3754196128590592,1.685210371523376,-0.24628426326641617,-0.6637475453696561,0.8890904129132295,0.9484384530354499,null
U06,18,2.9564671517881695,1.2543536247566096,-0.8080826456713408,-1.0545808485389683,1.8454717757164714,0.8979885901033888,null
U06,19,1.1054072557813013,1.4418720268515777,-1.7989366588333273,-0.22546120732342556,1.2930002379530763,1.1311788564995626,null
U06,20,1.7870554262978666,0.9894781302504926,-0.8644313290441019,1.1548405662236838,0.800769409729361,0.3214846536074446,null
U06,21,1.4981572762074504,0.08342849763487636,-0.6090674897507299,-0.6361130308968888,0.2757966264806826,0.4442616886521753,null
U06,22,0.9525413589325638,-0.766357333394455,-1.4893072449482485,-0.7006969171552477,0.22744158839757472,0.6364928240198362,null
U06,23,1.0317844428995895,-0.32130357361229,0.6678849245240979,1.5619716381591693,2.1704643378695416,1.3881366721792574,null
U06,24,2.134125055621849,-0.14635921126692558,-0.07559536351854401,1.2643750446002877,2.0226942870955034,1.5420017231063992,null
U06,25,2.559541024319254,0.4297479357156003,0.6838299883407868,0.770609454058869,1.316088308129559,1.496906703193291,null
U06,26,0.924934860129925,-0.5280990088762018,2.1406796763803246,-0.3096628703186524,0.28907393232327705,0.49670832867060405,null
U06,27,-0.657682325711031,-0.36433238744534213,1.0360245711468976,0.22648403545011797,1.1943378589947224,0.6663725411229555,null
U06,28,0.9050971558731736,-0.3535372483917855,0.4309451944757856,1.0608038364160524,0.5504445618321494,0.3377293761310093,null
U07,1,-1.0823116168947324,-0.588073818835492,0.476988783033959,0.6571044718650155,1.981106118099004,1.484535790395204,null
U07,2,-0.6043613200586095,-0.13142056882006853,0.3681732458789493,0.6338247799484265,0.3655352612202806,-0.23801188650494398,null
U07,3,-0.9392712932835888,-0.3260549635333584,1.6182240802749681,0.5158693831049626,-0.7795331165040769,-0.6107561981949563,null
U07,4,-1.442303290716914,-0.0012294809227850687,-0.4390722678125265,-1.0685293901658748,-0.29276498363526815,-0.542755691517841,null
U07,5,-2.3722678160198707,-0.26254802652745324,1.2206208255484643,-0.3251372442007495,0.13430022698820088,-0.40209681567600264,null
U07,6,-2.8184735656793833,0.3108980549418597,0.055705822699758684,-1.033343576126522,0.18254328840857362,0.23140405572926548,null
U07,7,-1.1882481583429496,-0.704107540190418,0.6421665255310135,-0.9435355886289833,0.2278290421797484,0.20068378872035533,null
U07,8,-3.076182319379299,-0.489343007893661,-0.8342670806764945,-0.06762909399325795,0.15666385420315296,0.1399679765160161,null
U07,9,-2.446504166147403,0.3440025913378124,0.48703272652548557,0.6239630752027943,-0.2965221160323994,-0.3229892874050805,null
U07,10,-0.6235161653589876,0.07855301355653702,0.6330860868549996,-1.047409862545239,0.5304654417451828,0.379690911142172,null
U07,11,-1.279958921926689,-0.5273283706530094,0.34953246173229346,-0.09328779688855021,-1.2243363496373556,-1.2664615865007853,null
U07,12,-1.768649521345445,-0.10099992985080955,-0.883288755316903,-1.325217090297891,-0.39349371100020925,-0.5840242228249731,null
U07,13,-1.9037194113697207,0.47094724506041247,-0.06943927610418653,-0.9582041252781612,0.20267806019183682,0.4309718266481071,null
U07,14,-1.0778000997572277,-1.5405957039952662,0.3333947761675357,-0.6385522289731926,-0.13099943916932244,-0.5828291267641412,null
U07,15,-1.0322909811164478,-2.099314319448155,-0.721502870747905,0.750284807820524,0.32678271058385044,0.21706534000511596,null
U07,16,-1.9227048352642486,-0.3991207391014012,0.7365473236304985,0.9509403609890951,0.6666939873751965,0.5649031751706877,null
U07,17,-0.7885576028186324,-1.6822448952867022,1.3433754190279896,0.11590646499344232,0.9111027072076148,0.9484384530354499,null
U07,18,-0.28516640117786207,1.5952747672994079,-0.22326293219514376,0.6416189741607532,1.5401071766595358,0.8979885901033888,null
U07,19,-0.5601063261830499,-0.0820016730097687,-0.8219482739192093,0.2696557760834345,1.3889536358282988,1.1311788564995626,null
U07,20,-0.11375732357324886,0.04385757739625186,0.8817092125655777,-2.6218076818210916,-0.07685406517180149,0.3214846536074446,null
U07,21,-1.5271847336744078,-2.337087871197968,0.23112940977242613,-1.5915856641066033,0.034075572208340066,0.4442616886521753,null
U07,22,-0.25110415662502394,-2.6386345359510917,0.15671728423327935,-1.1874646872701122,0.49282828672885437,0.6364928240198362,null
U07,23,0.5177193659016963,0.11061044721861438,-0.06858540546746922,0.7852966282302021,1.04156328787637,1.3881366721792574,null
U07,24,0.46013080149044566,1.1816033376638988,0.7112763679049078,-0.40624823512694896,1.2695937154234505,1.5420017231063992,null
U07,25,1.810689216089117,1.383198000814621,1.830393069572724,-1.3057358760182807,1.3918163514050628,1.496906703193291,null
U07,26,0.9632907085985825,-1.0078850060837938,-0.5321236820109846,0.2854295597897395,0.404163518931632,0.49670832867060405,null
U07,27,-0.50585268266256,-0.6973049847578677,-0.3421951389376738,0.1092578307047499,0.7604556520316426,0.6663725411229555,null
U07,28,-0.40316949138552816,-0.22889334836193012,0.15587062663383747,1.2376645674910995,0.23200813137555854,0.3377293761310093,null
U08,1,2.6441860461630977,1.8446500828672148,0.6351909851174338,0.4526777653953056,0.735745484705282,1.484535790395204,null
U08,2,2.357643815293285,-1.5223821449878143,0.5699107202749907,-0.44712516293090976,-0.32677581298168856,-0.23801188650494398,null
U08,3,0.2718628765206837,-0.3938848401164038,0.40939711006561985,-1.178110002395308,-0.47204213703284265,-0.6107561981949563,null
U08,4,0.8334253199161128,-0.8611690833817524,-0.2583676238786149,0.3027103805916422,-0.9828946471581894,-0.542755691517841,null
U08,5,1.058478360333745,0.3626906183118537,-0.5806194274648793,-0.937530751075366,-0.1159448981459899,-0.40209681567600264,null
U08,6,1.8107824634380385,-0.027018355924639276,0.40329262361329477,-0.890844678418309,1.231026626630567,0.23140405572926548,null
U08,7,2.7180919906476,0.6018629694967574,-0.12653800432123322,-0.0030443622623052002,0.6637979792189483,0.20068378872035533,null
U08,8,1.8458968278845775,1.2470086620975243,0.7062538280322292,1.3105964859455839,0.2973236676850338,0.1399679765160161,null
U08,9,-0.2375644845982644,0.39543851087482945,0.8960212108767301,1.054007569199944,-0.23494801963959838,-0.3229892874050805,null
U08,10,-0.6778527301868355,0.6204819348620645,0.9512403046416983,-1.2990270239186212,0.7041103636526336,0.379690911142172,null
U08,11,-0.6441980663853932,-0.11590712589610824,-0.9595891839694599,-0.24745672623212633,-1.027660085581696,-1.2664615865007853,null
U08,12,-1.4854966069754187,-0.06818299210223334,0.30693750921396623,-0.7658544424761415,-0.7282429074751469,-0.5840242228249731,null
U08,13,0.893966971824307,0.5018761815337809,0.9539342999087602,0.021157863500101015,0.9458742048120119,0.4309718266481071,null
U08,14,-0.36588006567134057,0.2612665535229164,0.46910591664621326,1.1630650727071268,-0.20918190958514066,-0.5828291267641412,null
U08,15,-0.351548163190779,1.7920035384358601,0.2279846525110672,1.1182616657306415,0.5306599948582269,0.21706534000511596,null
U08,16,-0.5742267516750694,0.2229492336788752,0.08253394254490845,1.010037401633911,0.40079546513474207,0.5649031751706877,null
U08,17,2.28396374509423,1.2959046978839268,0.999459725315665,1.0099974983737183,1.0992084601119239,0.9484384530354499,null
U08,18,2.114861366782837,-1.032797966864783,1.6860463313606002,0.49679506594095685,0.36368033098505714,0.8979885901033888,null
U08,19,1.5546908586723773,-1.7724387007435547,0.8208489332099345,0.5493893254537381,1.3056243812182542,1.1311788564995626,null
U08,20,0.3872039092927778,-3.0768933151850875,0.748794110684589,-0.05431762279111224,0.4175529338052965,0.3214846536074446,null
U08,21,1.3667340843597828,0.1877598798870848,0.8388820921296368,0.009430248829710951,0.4900866329691396,0.4442616886521753,null
U08,22,0.6788236740870397,1.0307440213644357,-0.8269217443972887,-0.4251453088641985,1.039505523073453,0.6364928240198362,null
U08,23,2.840934039023684,0.7187663920096647,-0.44600120243653885,1.3718994235562092,2.1621929165465334,1.3881366721792574,null
U08,24,3.3843722866228614,0.5103042511993173,-1.203660050626297,0.14181677437684914,1.4807585532045124,1.5420017231063992,null
U08,25,0.41287124693496935,1.8363361501272593,-0.941755796325821,1.42885911805161,1.4764747748334146,1.496906703193291,null
U08,26,1.8724611868779593,0.11862834485404332,-2.719966572126819,2.245870351278312,0.417752412231191,0.49670832867060405,null
U08,27,1.3874912169213374,0.061047637786467684,-1.6029075489021252,1.2240230137538948,0.1526513619911909,0.6663725411229555,null
U08,28,-0.04839899348182797,1.3279052466396597,1.1670567307398008,-0.14537930224302908,-0.1455515599073665,0.3377293761310093,null
U09,1,1.3198263084887556,0.9500907793778132,1.0047652920751322,-0.04878844291368896,1.6487640248221005,1.484535790395204,null
U09,2,-0.5885892698723342,-0.2588198966270449,-0.6866996414528552,-1.369264185475814,-0.3904300303386958,-0.23801188650494398,null
U09,3,-1.485322393374181,-1.7541271584347176,-0.33455634774169896,0.8336036269932179,-0.2847768963181275,-0.6107561981949563,null
U09,4,-2.389955533785192,-1.56431289015903,-1.5159173118101388,-0.7093866622623197,0.0991695880556952,-0.542755691517841,null
U09,5,-1.5389976087381982,-2.007290739241242,-1.5660512716887813,0.3513279921491735,-0.613840581068913,-0.40209681567600264,null
U09,6,-0.9434747538105044,-0.9080267652305971,-1.7526778244187744,-1.959698136407024,0.4001066189401322,0.23140405572926548,null
U09,7,0.669178275511486,0.5342709731699271,-2.3828826428056775,-0.47706291548234453,0.3380158390970425,0.20068378872035533,null
U09,8,-0.4061127059432461,0.3141000830659963,-0.7310678976659972,-1.3550016321802272,0.36151238180552026,0.1399679765160161,null
U09,9,-0.522019886843432,-0.5672132198833084,-1.2567063713786155,-2.110063688885028,-0.014472535510795359,-0.3229892874050805,null
U09,10,-0.06767446207573785,0.7595953082038602,-1.5630208274471968,-0.10621478827556485,0.7637989380411633,0.379690911142172,null
U09,11,-2.329529398879022,-1.381327538104242,-0.5467420326162888,-0.4913263255934292,-1.0346043393378765,-1.2664615865007853,null
U09,12,-2.7092951880014993,-1.96801018136824,-0.6736823444196702,-1.0774007964244683,-0.4992832323128833,-0.5840242228249731,null
U09,13,-2.1823316732252223,-0.802819157929807,-0.36838522469376017,0.4231430999173934,0.2411889627731591,0.4309718266481071,null
U09,14,-2.352331716632577,-0.45705024039307945,-1.4176382766332662,-0.4772033121802335,-1.3470077127160476,-0.5828291267641412,null
U09,15,-1.7319100481690266,-1.728362902119625,0.860888619441109,1.6908213471678462,-0.059735166971116416,0.21706534000511596,null
U09,16,-0.8418459484034296,0.33534015841366577,1.8223593127286946,0.560550829134133,0.6753590491664022,0.5649031751706877,null
U09,17,0.08499783350189166,0.17205828884133798,1.316737659520804,0.5732094262001171,0.8043500337883185,0.9484384530354499,null
U09,18,1.2503826866641243,-0.6598640212153155,1.076725701378125,0.5321775242104833,0.5881967925224509,0.8979885901033888,null
U09,19,1.0860307100083786,1.0989454412084236,0.7235626405915851,-0.9880380789750642,0.9038662493922172,1.1311788564995626,null
U09,20,-1.8901048817322306,0.029816383911844047,1.5515659707568412,-0.651996216096254,0.311767902211039,0.3214846536074446,null
U09,21,-2.3944845367919827,-0.3870125039565504,1.283653969539002,1.2826616117298124,0.6682836591050386,0.4442616886521753,null
U09,22,-1.224640859888626,1.8712090637075076,1.4809589337682854,1.2558610231905205,1.1533917367748538,0.6364928240198362,null
U09,23,-1.0102561847692955,1.5828651235519913,0.5555534890097173,0.9993901519940447,1.5856951985563685,1.3881366721792574,null
U09,24,1.3348647497712651,0.594308186079718,-0.18250972536253007,-0.398070300391347,1.363993192622177,1.5420017231063992,null
U09,25,1.0491787301051783,1.396942828896922,1.6692742239773297,0.35522518385221075,1.3148493896001907,1.496906703193291,null
U09,26,0.3595372667109213,0.6229843254984648,1.9841644655205475,0.269398395563013,0.12482518994991465,0.49670832867060405,null
U09,27,2.2242907674851358,0.5110952500048762,2.3487787791519903,1.6003967000782047,0.5907755739786607,0.6663725411229555,null
U09,28,0.6003198574328507,0.8901610739667576,-0.09319909812655627,0.699862873325117,0.26972230030350675,0.3377293761310093,null
U10,1,2.545014431504595,1.6863466967757679,1.9387213027918202,0.39999509680686873,1.5165208912838113,1.484535790395204,null
U10,2,1.0120607448330534,0.22216633593693846,0.5627232028303507,1.0645209904273714,-0.3007483098207574,-0.23801188650494398,null
U10,3,0.25193677646995727,0.1338594666216823,-0.07515535284493882,0.5785781943509658,-0.6196987419335201,-0.6107561981949563,null
U10,4,-0.69740176977744,0.26056440236781775,0.004275714520266288,-0.5026135083424145,-0.4637100649273872,-0.542755691517841,null
U10,5,-0.10063669382731022,-1.185810948617661,-0.477541651265331,-0.35254404067920664,-0.16380926651723826,-0.40209681567600264,null
U10,6,0.5650083526432773,-0.378234884581682,0.20144730653579546,-0.7313175117375827,0.18226848892684788,0.23140405572926548,null
U10,7,0.8042957380688434,0.2782626375299436,0.3728654402046298,-2.905373062843764,1.0314035760016844,0.20068378872035533,null
U10,8,-0.8842855693368947,1.0620435485301276,0.20565734414129958,-0.5345948332845716,-0.0248715232897736,0.1399679765160161,null
U10,9,0.5136297680574833,0.04393545483936193,-1.3513149294662772,-0.6414796741543876,-0.4413269812014274,-0.3229892874050805,null
U10,10,-0.6206811956382655,0.3486279252336918,-0.859323320455227,-0.47613821325355754,0.5845877068999935,0.379690911142172,null
U10,11,-1.9157242303614206,-0.5910101468169012,-0.5143323525013724,-0.37852969965328986,-1.5141735625001,-1.2664615865007853,null
U10,12,-2.526800413946838,-0.0070425146971339475,-1.0938823834170117,-0.8805580216511408,-0.8854034384165548,-0.5840242228249731,null
U10,13,-1.0394262008517294,-0.05796666103298493,-1.112301511365203,-0.7775432022166818,0.20455497326401145,0.4309718266481071,null
U10,14,0.3658163852782106,-0.7772432022831478,-1.253707955709488,0.8924076413665114,-1.123117116242418,-0.5828291267641412,null
U10,15,-0.25699068848327544,-0.7294497977574073,-0.49802140869604516,1.3834979883350513,-0.27424729171160206,0.21706534000511596,null
U10,16,-1.1551546985378502,-0.5430696366915406,0.37320305081101746,-1.3790636741627327,0.1949704567846614,0.5649031751706877,null
U10,17,0.3155898780997378,-2.206503688513905,0.5715714040995181,0.0419058193173677,1.6723840057340502,0.9484384530354499,null
U10,18,-1.0121155489227958,-1.8184920379643916,0.9952703321819201,-1.162018527683883,1.1878722169954272,0.8979885901033888,null
U10,19,-0.9880553071823727,0.9727570874733066,0.7576757066295148,-0.6401131232402119,1.456937453739088,1.1311788564995626,null
U10,20,-1.3656744685116269,0.997939968529905,-0.450522972528525,0.7723799720852889,0.2338702740149891,0.3214846536074446,null
U10,21,-0.7035915986525938,-0.4837231032084969,0.5534312871647749,-0.4146441126248003,-0.006273729664602601,0.4442616886521753,null
U10,22,0.31769309760474035,-1.720958135161397,1.1845096591657693,-1.7426493749279695,0.5688239618838231,0.6364928240198362,null
U10,23,-0.21500706661330915,0.5744225237172358,0.3225613449698239,-1.1228068722687432,1.43729032940878,1.3881366721792574,null
U10,24,-0.06337714540022599,1.330538140440702,1.7952366597987974,-2.3592637279098705,1.400291448922423,1.5420017231063992,null
U10,25,0.5884949466605076,0.9564052836432827,1.8407923736754837,-0.7710177310568815,1.8636603495937347,1.496906703193291,null
U10,26,-0.7463771060983141,-0.07121450222097969,1.0175934670896476,1.116675602266585,0.3753053962814524,0.49670832867060405,null
U10,27,0.18106325416562996,-1.6075279268821108,0.4638455915109018,1.4129637309235088,1.008715566644121,0.6663725411229555,null
U10,28,-0.7539938883015188,-0.14545445646568367,0.44411081056567225,-1.1055684401718524,0.49563577016256594,0.3377293761310093,null
U11,1,0.14126083193808958,1.9197620359410588,-0.9152522871225841,1.374742997944717,2.244376164375468,1.484535790395204,null
U11,2,-1.4967810254703917,0.3086610692695718,0.5831059349313057,0.7352448464319601,-0.5395135923003826,-0.23801188650494398,null
U11,3,-2.597063877240621,0.2018628216415512,0.11884450170776018,-0.2860936822662316,-0.14788653663580897,-0.6107561981949563,null
U11,4,-3.1002286106767256,-0.22599114571083634,-1.3272838709308696,-0.4269414644563258,-0.8185735769906164,-0.542755691517841,null
U11,5,-2.109102276759146,1.217308403859176,1.272664417069575,-1.9931682845828667,-0.6369818028136123,-0.40209681567600264,null
U11,6,-1.2826679449652265,1.730467212187993,1.2117969871583925,-0.21160569290393794,0.014649380323535383,0.23140405572926548,null
U11,7,-1.0148196409067434,0.37697827777188864,1.2872044898144164,1.0027487898671088,-0.01027633167893055,0.20068378872035533,null
U11,8,0.5427192289095207,0.7155053743115591,1.383896835266746,0.11247620908797606,0.4580971928042682,0.1399679765160161,null
U11,9,1.354037104174378,-1.1162108951354142,0.6204236085528383,2.0429048748638543,-0.11036886673483493,-0.3229892874050805,null
U11,10,0.08708771626982786,-0.4812706258158603,0.637314173427041,-0.2356322557660493,0.2330103004003879,0.379690911142172,null
U11,11,-0.022765438179672248,-1.5747926011598439,0.81996339421221,-0.2587886590391316,-1.7116410024838424,-1.2664615865007853,null
U11,12,-0.5135673160241341,-1.325266257573523,-0.1238044326240614,-0.919227033995084,-0.6750270171007874,-0.5840242228249731,null
U11,13,-1.089627861768927,0.35198900440377007,-0.3778410484974928,-0.021713499182980267,1.0312693394095107,0.4309718266481071,null
U11,14,-3.009758810447253,-0.5810589072638446,0.6038605844949806,-0.7956066667662831,-0.7507504136720846,-0.5828291267641412,null
U11,15,-0.3079487021537384,1.4623102434834725,1.767486433177509,0.2334399422422866,-0.03843087561411179,0.21706534000511596,null
U11,16,-2.4510733738443933,0.2718746715615305,0.5587538453673799,-1.3501449321990424,0.7392370699203298,0.5649031751706877,null
U11,17,0.15703116969491993,-0.05390349038974948,0.5369107807703171,-2.3464835860167823,1.0551283735257353,0.9484384530354499,null
U11,18,0.5445288468043235,-0.566599118625667,0.6962344609254272,-1.421466960933457,1.2162462050023617,0.8979885901033888,null
U11,19,1.5895041721513632,-0.5480309666491224,0.5325390567028168,-0.55344079645468,1.0089300499321674,1.1311788564995626,null
U11,20,2.5188143766818167,-1.7546034428300405,-0.10313805386913424,-0.21255067653319162,-0.4162364313874438,0.3214846536074446,null
U11,21,0.564462871468378,1.6977480700124234,1.272904462029493,-0.6689818241568934,0.5127910555093658,0.4442616886521753,null
U11,22,0.7659207736301655,1.7782462589947838,0.9180856313403227,-0.03776524203728002,0.6053513114873984,0.6364928240198362,null
U11,23,1.6071257455393586,0.06433269535599577,-0.38318873945304655,0.42291595219728306,1.1427817953606307,1.3881366721792574,null
U11,24,0.7754149918075138,-0.6287188266528735,-0.08121443899443753,0.7202132490884845,1.264685128952144,1.5420017231063992,null
U11,25,0.9007194664617776,0.4671832144414244,-0.27320159495958757,0.9749444897139927,1.3403440782955467,1.496906703193291,null
U11,26,0.47391546442659077,-0.6155681459892337,0.5618938572665003,0.1558804115446326,1.0539797282175556,0.49670832867060405,null
U11,27,-0.38798408356783937,0.1496674072633814,1.7409063871378374,0.29218913118878165,0.8342112310531385,0.6663725411229555,null
U11,28,-0.27995947153501755,-1.421539771783119,0.35725325680403885,-1.251541849122172,0.40590381180272916,0.3377293761310093,null
U12,1,0.5857273207135273,2.170036095750753,-2.169797024031922,-0.6940763104598572,1.4112293950238237,1.484535790395204,null
U12,2,0.9824535707830819,0.9982458981450463,-0.2641776932712653,-1.082149717498423,-0.47402139634802154,-0.23801188650494398,null
U12,3,3.0575549849339825,-0.6158520144841446,0.7943480125062355,-0.10550364032324111,-0.7412781296500197,-0.6107561981949563,null
U12,4,1.1098725329911703,-0.6850181404440081,-0.15378944529517277,-0.6777162039584731,-1.2220378977858255,-0.542755691517841,null
U12,5,2.898597992369475,-0.6595890274777559,-0.11790361809673441,-0.5303869942525191,-0.7932872375991348,-0.40209681567600264,null
U12,6,2.2123880858766283,0.5601645900682655,0.3953621144510444,0.1372695858608879,0.7249653402081789,0.23140405572926548,null
U12,7,2.5316975538075717,1.4469632230618348,-0.45387353619253945,0.9561241426401829,0.3195479221116878,0.20068378872035533,null
U12,8,0.8597193392101476,-0.0654383109127207,-0.3047997627721073,0.7873647426532536,-0.014036590714991831,0.1399679765160161,null
U12,9,1.498878183289116,0.9479864582890684,0.9365230221258726,0.9970751230246484,0.3749896099784524,-0.3229892874050805,null
U12,10,1.2043514876796662,1.8052884478243485,-0.9698481955974118,1.2491396915295423,0.47663199700418324,0.379690911142172,null
U12,11,0.20074497793920465,-1.0652460616202202,-1.25553333182938,0.6328214578485458,-1.2302160755686942,-1.2664615865007853,null
U12,12,-1.0115354308877453,-0.8595998090954231,0.4852814954892468,0.2004817485858118,-0.6511121352418897,-0.5840242228249731,null
U12,13,-0.5384084624303707,0.7393801761543706,0.7150069135434949,1.5714891635681607,0.9685904212238117,0.4309718266481071,null
U12,14,-0.6053402521025142,0.41124931004920007,0.14075528142748034,0.8380993728744833,0.12556379480487,-0.5828291267641412,null
U12,15,2.0534378011554004,0.9967459662950667,-1.1834039966832806,-0.15369723411702224,0.7635243039862614,0.21706534000511596,null
U12,16,1.5145225317171986,2.274110699900573,0.721131325646152,-0.276207968642875,0.7394690526225143,0.5649031751706877,null
U12,17,1.7444453445686325,2.5411000220770887,-0.12968358457404672,0.9826908758247418,1.279601861401619,0.9484384530354499,null
U12,18,2.8929022626067438,1.7220423935699518,0.48987569400084224,-1.3564035885160113,0.16784869156264826,0.8979885901033888,null
U12,19,3.3889201461757135,1.4914329368756605,-0.5539179479747048,-1.2828959111671696,1.077384060238123,1.1311788564995626,null
U12,20,2.792641204760302,0.038752330602753834,-0.4112620911375995,-0.8175970581062105,0.18640090383035862,0.3214846536074446,null
U12,21,2.6756572422523,0.3750136341362329,-0.5956881804362838,-1.1725293096700544,0.48693033413388237,0.4442616886521753,null
U12,22,2.5097025240438984,2.6831526536059433,0.09704067226298613,0.5483338758828584,1.3186879025583007,0.6364928240198362,null
U12,23,2.0787031327650487,2.983186104800682,0.7478731817105913,0.356414765525991,1.9877284752295281,1.3881366721792574,null
U12,24,3.6336552081663553,1.0766363567035038,0.6650562283441994,-0.3281438108810446,2.651299641084033,1.5420017231063992,null
U12,25,4.648730697999535,0.41165456942321765,2.563044900227781,-1.3798465511127778,1.118860053843012,1.496906703193291,null
U12,26,2.553283790906541,-0.15519916815180715,-0.6964019724224179,0.06499340306466228,0.42889378135033324,0.49670832867060405,null
U12,27,1.3203546563693893,1.3041335950669415,-0.11650642027896807,0.5637664109542866,0.6187156347153965,0.6663725411229555,null
U12,28,0.32238511702946926,1.8704916030716725,-1.7793052661921158,-0.044499236647254886,-0.17368918167562092,0.3377293761310093,null
U13,1,0.2169511352114543,-0.9926702382333519,1.839120764326432,-1.5668318106056163,2.1510964628854583,1.484535790395204,null
U13,2,-0.6219103592943116,-0.6655122376682415,1.1405077012998546,-1.4263140448744838,-0.5321511220858328,-0.23801188650494398,null
U13,3,-3.640536992092712,0.47136494687818914,0.8893144764283453,-1.172974328642548,-0.8392183537718003,-0.6107561981949563,null
U13,4,-3.7738926349037962,2.1074961403463544,0.16658204467224755,-0.3844513369218913,-1.2207350625711566,-0.542755691517841,null
U13,5,-3.939752339019307,1.0697281170513555,-0.31970984046775536,-0.8672540100535282,-0.5844982219513202,-0.40209681567600264,null
U13,6,-3.008599967353125,1.694572273134315,-1.2385861408501535,-0.796890553716191,-0.26900401651887085,0.23140405572926548,null
U13,7,-2.497956174588236,-0.3914870287770985,0.27443885184456024,-1.3020544942354997,0.24636861592928766,0.20068378872035533,null
U13,8,-3.4682909330494778,-1.8333522898815795,0.6392036871979893,-1.54834405284433,0.5516236784382809,0.1399679765160161,null
U13,9,-2.1525198733005273,-2.2663117799751644,-0.5266499004997758,-0.9740432060117039,-0.2682571490663626,-0.3229892874050805,null
U13,10,-2.862079929591881,-0.9120397925114611,0.8177767796828205,0.7523791256764043,0.2599581816979556,0.379690911142172,null
U13,11,-3.5838782988064484,-2.995466055338428,0.01659327990477516,0.004322071997180821,-1.6484350039241074,-1.2664615865007853,null
U13,12,-3.700122800998347,-1.1879962360955185,-1.352973429233894,0.16947099221475886,-0.6419215689748958,-0.5840242228249731,null
U13,13,-2.191658974889858,-0.11542024761513214,-0.5001148546311075,-1.389381865635249,0.4452406306912905,0.4309718266481071,null
U13,14,-1.2458351584338603,-1.5639566613667237,-1.4308551295918646,-1.3018899567272304,-0.396583913704161,-0.5828291267641412,null
U13,15,-1.9466221977693272,-1.1753930986195285,0.021482138489472516,0.01295343392676973,-0.020700945738631155,0.21706534000511596,null
U13,16,-2.1624847430554057,-1.0979170192509211,-0.2916481047788685,1.2656222821398155,0.5238335016373039,0.5649031751706877,null
U13,17,-2.5189936925642646,0.6765746044911786,-1.8493676848329352,-0.40943015014230566,1.1150359804344272,0.9484384530354499,null
U13,18,-4.19575594679832,0.9569247377991947,-0.9213554136012796,0.04556322953193584,1.3223814132504401,0.8979885901033888,null
U13,19,-2.665845486706916,-0.32104656508336776,0.8988373067718473,0.05080398263370624,1.1755109223384068,1.1311788564995626,null
U13,20,-2.8921548573453175,0.3430116273630032,0.9386163073679643,-0.04205707591505231,0.42589183265286695,0.3214846536074446,null
U13,21,-1.7424892309330233,0.906100356601568,0.3889492115930826,-0.5117637796724982,0.8682971789116345,0.4442616886521753,null
U13,22,-0.8230382781904841,2.074661393353474,0.36306226270609127,0.2331225608725496,0.9847853710175682,0.6364928240198362,null
U13,23,1.0706236518803478,2.402736332773332,0.5590167109915988,-1.2632883725655688,1.5391891059909493,1.3881366721792574,null
U13,24,0.2131702171007035,1.61598553456512,0.5681130632362484,-0.11441115865597762,2.174373606815392,1.5420017231063992,null
U13,25,0.6583519216991782,0.015956931513426455,1.8466122074145441,0.5424652219251525,1.5733254312622502,1.496906703193291,null
U13,26,-0.8323754940236814,-0.7592220675107899,-0.4391961435228633,1.9873749424282798,0.3404223190036042,0.49670832867060405,null
U13,27,-1.5662253523746514,0.09434579087228584,0.7597904511253841,-0.6006140882023738,0.2797021588001233,0.6663725411229555,null
U13,28,-1.578588698919334,-0.5299893427777677,1.2840716321566987,0.4387178580655814,0.649556033732628,0.3377293761310093,null
U14,1,0.16892559358814907,-0.5202852476877409,0.27558355716109567,0.20343449976892025,0.5689203612232028,1.484535790395204,null
U14,2,0.5912101943638567,-0.5072019961481443,-2.011591121529005,0.8814080968205458,-0.30675733683240397,-0.23801188650494398,null
U14,3,-1.7717182459444674,-1.1956890076573239,-1.9919230835435333,0.4394544550896088,-0.48583714550703383,-0.6107561981949563,null
U14,4,-2.1131082402477155,-1.5365762254912916,0.5161684213769004,0.6008994661781597,-0.7977986795459684,-0.542755691517841,null
U14,5,-1.646258091167938,-1.6300885022881442,-0.43948617235790244,0.005335135934841945,0.14039622764478132,-0.40209681567600264,null
U14,6,-2.295289585360994,-0.9060980875640947,0.38766436998040343,1.1343393105472634,1.2733025835773462,0.23140405572926548,null
U14,7,-0.5692863571576218,-0.9974655352015729,2.494263022345534,-0.7706913548086588,-0.41603869731376814,0.20068378872035533,null
U14,8,-2.845271516655992,-0.853666273861359,1.2958597008565478,-0.028811924551340296,0.32963622002836446,0.1399679765160161,null
U14,9,-2.881769391543458,-0.2267861419664637,0.5337523835382281,-0.24873138770545855,-0.7120336088490682,-0.3229892874050805,null
U14,10,-1.1093000908751223,0.3567880055735686,0.5044547308739433,-0.2992507051666527,0.5045903055609795,0.379690911142172,null
U14,11,-0.5710215475745362,-0.008458717195662092,-0.5452375188281848,1.7088028625650944,-1.0280513020717468,-1.2664615865007853,null
U14,12,-0.44954643930735305,-1.4798504333069216,-0.42351239073300306,1.6689156388227744,-0.3524534790748115,-0.5840242228249731,null
U14,13,-0.9910724649998797,0.027505069059574144,0.029116693370697375,-1.7106366624745326,0.15426373182505654,0.4309718266481071,null
U14,14,-3.399619894974557,1.0317142275750288,0.8063731864069761,-0.31377178540516576,-0.34690588736021266,-0.5828291267641412,null
U14,15,-0.9522644712962074,-0.3288774470423829,1.16872812831856,1.0354031410271,0.022738606983794263,0.21706534000511596,null
U14,16,1.0701704697768126,1.8527532365881096,-0.12523753181609187,0.6939302994492602,0.6028908544268935,0.5649031751706877,null
U14,17,0.15538917214131293,-0.10793840843008767,-0.0029885494575730975,0.32037377250077936,1.3115007525242388,0.9484384530354499,null
U14,18,-0.9671690089196692,-0.14008309388449808,1.4612730645158993,-0.6342849493840186,1.3082691908821762,0.8979885901033888,null
U14,19,-1.8586919145028666,-0.4070174136032817,-0.32467558030891963,-0.5546744854553337,1.4834678319488068,1.1311788564995626,null
U14,20,-0.47102752028607175,-1.114333181798961,1.1155598641199214,0.4242859825235017,0.026024919225687948,0.3214846536074446,null
U14,21,-0.7328867264692538,1.3253580373696214,0.21042736760062986,0.08177834737707029,0.659737506594559,0.4442616886521753,null
U14,22,-0.30913005970385604,-0.36300001324392184,-0.8896519699282437,1.7170143543424596,0.67474344950566,0.6364928240198362,null
U14,23,1.2077058233111173,-0.6480998976897023,1.0367661066979375,0.7499623499190603,1.4728826539070803,1.3881366721792574,null
U14,24,1.4225245317381028,0.366834736379854,1.199582044790224,-1.0047863390710272,1.2385928090935276,1.5420017231063992,null
U14,25,0.9930727635641289,0.7393232243588642,0.13937387019360276,0.04633239701769665,1.6632075527098462,1.496906703193291,null
U14,26,-0.735524995363162,0.683212771068162,-1.443970958839461,-1.311811439969858,1.0037770272172253,0.49670832867060405,null
U14,27,0.7269643150453023,0.10349624768611003,-1.6702466226916075,-0.2999400017494485,0.6493443322412381,0.6663725411229555,null
U14,28,0.7430795752029434,0.9793112469169052,0.11499182243002146,-1.8048991740930116,0.30991802964496196,0.3377293761310093,null
U15,1,2.7231356577145824,0.6238272506594104,0.7356951165025847,1.019823516040229,1.245161116521353,1.484535790395204,null
U15,2,0.8828978196483247,-1.7316709521083031,0.037808977948064426,-0.7621421111207556,-0.24949592491683048,-0.23801188650494398,null
U15,3,0.7825749472012294,-1.5294781667874489,-1.57707661510084,-0.3325773099497234,-0.5824021102474956,-0.6107561981949563,null
U15,4,-0.46613868029255145,-1.8419769319656187,-0.47205375767490354,-1.4247747403033375,-0.5159518592515656,-0.542755691517841,null
U15,5,-0.02301793972342292,-0.7511146080843291,-0.15681029179351763,-2.474468044520537,-0.6287745041049959,-0.40209681567600264,null
U15,6,-0.7779687937140203,0.16743219169271228,-0.23010982987863768,-0.766303822613119,0.22895518187788522,0.23140405572926548,null
U15,7,0.9557087735075249,-0.22009629600760452,-0.6672703636545455,-0.5883112940886555,-0.16957197656087342,0.20068378872035533,null
U15,8,1.0957206530355417,0.8957184497790609,-2.6107952948395976,0.3049677451443464,0.3948875068636378,0.1399679765160161,null
U15,9,0.29026945120977077,1.4621796717070337,-0.8286887596297299,0.29338167320571473,0.05579698571852626,-0.3229892874050805,null
U15,10,-0.06552928355835758,1.022519910858399,0.3225183444213727,1.0657212613450087,0.16488350679776506,0.379690911142172,null
U15,11,-1.244676792247763,-0.5649692677147742,0.8820503606341741,0.9028637389931222,-1.4363341384447985,-1.2664615865007853,null
U15,12,-0.45306801533099517,-1.0628781213527856,-1.0871889849049299,-1.19435476654634,-0.4899093168258087,-0.5840242228249731,null
U15,13,0.5642679050042045,-0.5598162992062028,-0.9302209456321454,-1.2598035627894526,0.5578989320055268,0.4309718266481071,null
U15,14,0.9004211707079202,0.1330560748003295,-0.7626892158386008,-1.275228156378656,-0.7983847949930227,-0.5828291267641412,null
U15,15,-1.267082626883792,0.24868990609436747,-0.05522852977358264,-0.6865481707239204,-0.4644992490362782,0.21706534000511596,null
U15,16,1.0762220035884669,1.3409683288340606,0.11425951847235243,0.35801442676210116,-0.11151704892953318,0.5649031751706877,null
U15,17,1.0262034119561187,-0.8710889996018099,-0.6917479680068238,0.55666947670829,0.2714262538186738,0.9484384530354499,null
U15,18,1.0873585865604065,-0.09075516235315889,1.418470408598748,-1.7610857596248262,0.5751615123977574,0.8979885901033888,null
U15,19,1.1156044382438943,-0.2531205362691583,2.4009550953229093,0.36287733115300136,1.2955963381785236,1.1311788564995626,null
U15,20,1.1705533053052093,0.11266257351754576,0.7541936303333738,0.3406042815755944,-0.46311181526015044,0.3214846536074446,null
U15,21,-0.07567152164744151,0.39410190417533075,-0.5214242810854488,0.1727100883281928,0.0264853284857815,0.4442616886521753,null
U15,22,-0.21739827382278687,0.5318793058200858,-0.09152111864568474,0.11193219051445355,-0.01196892811965411,0.6364928240198362,null
U15,23,0.268483501712667,0.8619084869931943,-0.4531923060552734,-0.16339720671568497,1.6926256338572283,1.3881366721792574,null
U15,24,2.2637641587541877,1.0131834115262948,-0.43409446120319195,1.4482893781754846,1.6185462583922492,1.5420017231063992,null
U15,25,3.6155958829382646,0.935546314996454,1.1953381768498066,-1.5430000946171427,1.9039648616263765,1.496906703193291,null
U15,26,4.276715744641523,0.46294506148256065,0.30394702869651846,0.9976928649238812,1.3241089007004843,0.49670832867060405,null
U15,27,1.6520986767029378,0.21161677368494694,0.46891136871269207,-0.4747095489934759,0.9424540632281143,0.6663725411229555,null
U15,28,1.31015418760277,0.4985018076450042,0.15176566623165963,-0.09879198249973721,0.33401831848066355,0.3377293761310093,null
U16,1,0.5839330190025183,1.9723257545576838,-0.9790465218599274,-1.4300525874139849,1.1913470358922689,1.484535790395204,null
U16,2,-0.2749575611947682,0.2876747990192897,-1.0583771765685863,-0.29729540652385766,-0.5218156303351841,-0.23801188650494398,null
U16,3,-0.5439651531395069,-0.5802613142834676,0.9749526873333735,-0.8312692803546844,-0.8983671623475009,-0.6107561981949563,null
U16,4,-0.8725627907227398,-0.9143277883914482,-0.2113925171107575,-0.12369555407430502,-0.5307630263734948,-0.542755691517841,null
U16,5,-0.6227021720839058,-0.6913785965563553,-0.8690708843081997,0.7108005288711176,-0.8694565310748881,-0.40209681567600264,null
U16,6,1.2810618166354524,-0.8097032288882161,0.10334708294180381,-0.15190673576182312,0.20775750120481512,0.23140405572926548,null
U16,7,1.2893133117191957,-0.5239378494807874,-1.0506014841824107,0.8682357114342653,0.07233106545832532,0.20068378872035533,null
U16,8,0.20789181611751073,0.8948341620881896,1.4579920913706248,-0.9390169549298828,-0.44097625846055943,0.1399679765160161,null
U16,9,-0.5819193223150358,-1.489144918773558,0.134002373863268,-0.4204343677555438,-0.7738425461859577,-0.3229892874050805,null
U16,10,-1.0419547742646458,0.1582265238102851,0.07677454212218543,-0.675175623438484,0.3213859104029806,0.379690911142172,null
U16,11,-1.149636985888109,-2.3008388415948113,-0.9888828171756643,0.2353369667333048,-1.6699408872496,-1.2664615865007853,null
U16,12,-0.5315259965047339,-1.4558321307789377,0.8029144029042359,0.8899962739109462,-0.738328651918873,-0.5840242228249731,null
U16,13,0.050009249548400816,-0.3659967257929189,-0.5429675765724361,0.06040298401962069,0.6914234030380622,0.4309718266481071,null
U16,14,0.10536919779672904,-0.46366933004946714,-1.6171999354987237,-0.14706795669799558,-0.7673547633870303,-0.5828291267641412,null
U16,15,0.6033675358591803,1.4119048725750762,-1.2072138789895026,1.0003152047457995,0.390484522528972,0.21706534000511596,null
U16,16,1.0507497863633324,1.7724667160124326,-0.8255152921675719,1.16468530537642,0.198186902822172,0.5649031751706877,null
U16,17,0.523949624673489,1.5097170895077652,-0.47388495309186107,-0.17254533650244375,0.5876739148846952,0.9484384530354499,null
U16,18,1.4231901299520393,0.274763049318511,0.7495233654248852,0.42962984081513106,0.5638469115561211,0.8979885901033888,null
U16,19,2.297289075863489,0.5499199724141919,-0.46969451588809974,1.607413951575109,0.8075467657819468,1.1311788564995626,null
U16,20,0.008713354423515174,0.5483700332831358,-0.2773203148671004,0.36471128261594776,-0.18011583116128482,0.3214846536074446,null
U16,21,0.029719198944849035,-0.14236893809781476,-0.896541152942345,-2.1362298177271857,0.34185284407074124,0.4442616886521753,null
U16,22,0.9110537830220284,-0.1427194643482441,-1.4217807735471097,-1.1209511141382151,0.6717962824121627,0.6364928240198362,null
U16,23,2.4058796136041134,1.0561322597149507,-0.48072510250726863,-1.261820878875293,2.2522573368780625,1.3881366721792574,null
U16,24,2.256047012827615,1.4815290670251458,1.6256244283039378,0.1438467772142047,1.7233278787455026,1.5420017231063992,null
U16,25,1.4782290481149838,1.5186675838534982,0.7635398602269381,0.4354555480841876,1.7233982449098142,1.496906703193291,null
U16,26,1.3741484935144526,-0.1291325035662759,0.10337437730946107,-0.44943786066927394,0.5277656628967266,0.49670832867060405,null
U16,27,1.1970891625586246,0.27093024791843207,0.13945350837788995,-0.9618457766169921,0.5714733639957982,0.6663725411229555,null
U16,28,0.43658239810388927,1.1749898944449186,-0.5696140505513712,-1.4629072713004527,0.82838630770557,0.3377293761310093,null
U17,1,1.0344627749218165,1.8954081387277169,0.23001210934712163,-0.9084731518034436,1.1848388809338455,1.484535790395204,null
U17,2,1.4690799148536908,1.3459511809850226,-0.4109369323769865,-0.4209979318580611,-0.4095818313693727,-0.23801188650494398,null
U17,3,0.5718612733796828,0.9486351983823385,-1.8009128997654855,-0.5427401061150818,-1.0308530250007086,-0.6107561981949563,null
U17,4,0.31720131579126404,0.9152519647490527,-0.09485324405509257,-0.06665586508169394,-0.7244032959820843,-0.542755691517841,null
U17,5,0.6316520526782474,0.5234262734462589,1.30020612521232,-1.8893950873826755,-0.167312050135362,-0.40209681567600264,null
U17,6,0.2930367905179089,0.492316504845565,0.009364700937937426,-0.1905233460930984,-0.01769727381913519,0.23140405572926548,null
U17,7,1.278213589058106,1.1919918280558843,-0.5349424361052064,-1.2814153568323499,-0.34578961285878357,0.20068378872035533,null
U17,8,1.5601177157836266,1.297636788903889,0.7202452269088495,-0.571983403351212,-0.011622221628448032,0.1399679765160161,null
U17,9,0.9835000680623555,0.8997298779921393,-0.41372252527010733,-0.9499791035384606,-0.14439903283919434,-0.3229892874050805,null
U17,10,0.29575865919092326,-0.42904721367195486,0.3996289272394272,0.2026794384620953,0.9364519363997781,0.379690911142172,null
U17,11,1.3850470646513533,-1.4208762326250324,1.0280678212366214,-2.653381814461486,-1.1021654677833714,-1.2664615865007853,null
U17,12,-0.27226704284863257,-0.8885948508106746,0.1102805393018956,-1.2673510794985026,-1.0095980412572525,-0.5840242228249731,null
U17,13,0.35984053026004104,0.45479965844945647,0.4777857383314132,0.11812930213337824,0.06867069153089456,0.4309718266481071,null
U17,14,0.3261021388060189,0.16045436413920738,-0.8627514063584654,-0.7229154403865125,-0.869088521444134,-0.5828291267641412,null
U17,15,0.3884219607523812,0.740782951118206,0.05432484332444505,-1.3806923708857368,0.07446075321725215,0.21706534000511596,null
U17,16,1.8909796944204194,0.5667253258947711,1.1737324136623768,-1.3881339953242824,0.7656800878569743,0.5649031751706877,null
U17,17,2.310601341544776,-0.31491436128812245,-0.6708795984160567,-0.2644632825446277,1.2545655560622353,0.9484384530354499,null
U17,18,1.247638480459159,-0.4587224713290202,-1.2250109262837485,-0.29686867230725517,1.0771639521146603,0.8979885901033888,null
U17,19,1.1757839549095475,0.46289684178476953,0.25958644949442533,2.0561416760703635,1.1598599000358891,1.1311788564995626,null
U17,20,1.4237027102747062,0.481079423781715,0.7695963094841203,1.1118802196382278,0.4954061007787841,0.3214846536074446,null
U17,21,1.0949749064563739,0.5303918490595902,0.1910261843937826,0.2647426905715752,0.9071995208712709,0.4442616886521753,null
U17,22,1.1350463338655397,0.6067315886356146,0.0959567643170533,0.43491853363073624,0.09326847088467038,0.6364928240198362,null
U17,23,3.715731445850837,1.1368146049881167,1.3119765665430858,1.5564246509563566,1.1247925513801453,1.3881366721792574,null
U17,24,4.1289754150900695,2.5498301477657948,-2.2259906704772465,-0.6800012771344868,1.0987739054623114,1.5420017231063992,null
U17,25,4.704992216819754,1.3392603728859105,-0.6092171913109727,-0.11161131842391189,1.3456638568033632,1.496906703193291,null
U17,26,3.7216379178369796,1.4405418373534422,-0.21518048669881584,0.7081285928941927,0.8300727862279556,0.49670832867060405,null
U17,27,3.866300600130871,-0.13239322392223146,-0.31889973003200384,-0.09533496210080555,0.9857803002131464,0.6663725411229555,null
U17,28,2.848900327442043,1.1358218721605535,-0.48903177120165153,1.1353154540721115,0.6664008585052411,0.3377293761310093,null
U18,1,-0.8798822017089187,2.1686888189522073,0.8690424072740224,-1.035311884168825,1.6276999845315914,1.484535790395204,null
U18,2,-1.4501954658603544,-0.18189519683154348,-0.4948049720182992,0.7355153648428671,-0.9719221351764307,-0.23801188650494398,null
U18,3,-1.826105520470423,0.693470613072259,0.32490282043406726,0.9231302549776133,-0.8762926052302312,-0.6107561981949563,null
U18,4,-2.428504529123297,0.9032953019738214,0.9095524113159625,1.945378645251131,-0.23859268213635892,-0.542755691517841,null
U18,5,-2.5560117336822277,0.42749542047021083,-0.1678959337449122,1.1679522195695005,-0.39830654104243207,-0.40209681567600264,null
U18,6,-3.1701363667009628,0.03859603681993755,-0.47739014781187417,-0.23963751176853443,0.07838777611964468,0.23140405572926548,null
U18,7,-3.245806153177771,-0.5220783438264558,0.2593887378046992,0.8051258398153853,-0.028162388828655127,0.20068378872035533,null
U18,8,-3.814652629482782,-0.3043539302248357,0.8605179774951771,0.7941029679378393,0.24414664688231696,0.1399679765160161,null
U18,9,-4.563770210474331,-0.10592500829137334,-0.005780155049221636,1.7178802314393395,-0.5198978227205153,-0.3229892874050805,null
U18,10,-4.228450467051593,-0.19431488271005795,0.7474802722993443,-1.4338709293005962,0.7813361137817203,0.379690911142172,null
U18,11,-4.297822859459587,-0.04750796421167948,0.6598679305519739,-0.6424765706630242,-1.0025914657737554,-1.2664615865007853,null
U18,12,-4.978751839181202,-1.4930540022367593,-0.17471911154348393,-0.41287364392683223,-0.13002878039572152,-0.5840242228249731,null
U18,13,-2.9611908908185955,0.14468128072548742,0.8086878899445966,1.1420005360868384,0.3898994729649428,0.4309718266481071,null
U18,14,-3.9185805385315318,-2.12010546670002,-1.8267894723156695,0.7277986745270483,-0.6251855913190897,-0.5828291267641412,null
U18,15,-2.7435860461089527,-2.341711915848701,-0.6265463022315866,1.2844293024340927,1.0815023876935583,0.21706534000511596,null
U18,16,-1.6923496208279682,-0.12440566233071206,-0.5410654122268856,0.07156785512713476,0.26316401033797554,0.5649031751706877,null
U18,17,-1.6875540523134274,1.2160829730684768,-1.0257061026824483,-1.1304630445486898,1.4985912441142246,0.9484384530354499,null
U18,18,-1.2357828339507353,0.5250951399597983,0.5042649196045446,-0.3358933511074188,0.8694795908305826,0.8979885901033888,null
U18,19,-0.6880987564637352,1.0151030985959764,0.08316975768960755,0.9176208563759868,1.1028876166191182,1.1311788564995626,null
U18,20,-0.47950773592138674,2.1498940900386683,-0.9886427436681793,-0.07653530081170873,0.41834403444648616,0.3214846536074446,null
U18,21,-1.6971964980457555,-0.25394481718067197,-0.7019352019894414,1.067671594207528,0.19005910604740628,0.4442616886521753,null
U18,22,0.4084415323684538,0.5760579861685262,0.1744252479931882,1.0664341281379603,0.5225754982356451,0.6364928240198362,null
U18,23,-0.46053412858085285,1.4024008736891374,-0.7593744817031809,1.353218130090649,1.0346095676261884,1.3881366721792574,null
U18,24,0.930304270187953,2.1223659550676928,-1.2936282282446085,-0.1282708703956702,2.144363870228747,1.5420017231063992,null
U18,25,-1.3730146406410018,1.981855904083755,-0.6794866993673563,-0.09387087629262161,1.6737506085405507,1.496906703193291,null
U18,26,-0.6881293855281607,-0.7124448850618503,0.44329062091245874,-0.3673304824374465,0.7195356884197159,0.49670832867060405,null
U18,27,-1.5349389606830735,-0.3593998156049868,-0.5391478113761423,0.011087837169944853,0.6859591192076506,0.6663725411229555,null
U18,28,-1.2540757645657294,0.8900199769143002,-0.3210305588593706,-1.2608730833054367,0.17369350619502932,0.3377293761310093,null
U19,1,0.2923901878130395,0.7433885066230135,-0.43407718222413,0.43796384318513676,1.777676931013861,1.484535790395204,null
U19,2,-1.475141573114816,-2.1120607861279512,1.3951401842143998,0.3272585065902928,-0.702037267515281,-0.23801188650494398,null
U19,3,-3.324491808426779,-1.7926819926322537,0.8975139584878459,0.3359451309400965,-0.8027277148586445,-0.6107561981949563,null
U19,4,-0.3491874376556785,-0.9447007487445925,-0.4614545837359989,-0.8600682363735191,-0.2913057761649428,-0.542755691517841,null
U19,5,-0.6057608888668202,-0.39525921673514075,0.6007662559257847,0.3505343784628748,0.22764387535460096,-0.40209681567600264,null
U19,6,-0.6284669836374988,0.3481370900256476,0.2869175667955445,0.028839961398900812,0.2629685721718835,0.23140405572926548,null
U19,7,0.7077297372837666,0.6160798641640769,-1.3359210267319708,-1.5662123948416575,0.06479916189916518,0.20068378872035533,null
U19,8,-0.07532769014658991,-1.4012496012327957,-0.5530743470817528,-0.7977339091444385,0.6258038443936854,0.1399679765160161,null
U19,9,-1.3290646732721447,-1.2358229593548566,-0.049219237432095636,-1.305957899888673,-0.019888229645550315,-0.3229892874050805,null
U19,10,0.11839731071415904,-0.2430321413560235,-0.08089428012658104,-1.711070616486392,-0.008055547456511047,0.379690911142172,null
U19,11,-1.700087329354801,-1.7761981673012022,-0.564614240654809,-0.4691242509239615,-1.2222193146021425,-1.2664615865007853,null
U19,12,-0.9389155136912458,-2.137721464693842,0.8593953691103637,-1.4588700060224666,-1.3685840315540525,-0.5840242228249731,null
U19,13,-0.8952171551946696,-1.5648889029384054,-1.6257748979405036,-0.6555273488703907,-0.20215342843092315,0.4309718266481071,null
U19,14,-0.12838229642845045,-0.15895641686504874,-2.9615365037710437,-1.7855329758923981,-0.49071282614586303,-0.5828291267641412,null
U19,15,0.8417151036364261,-0.7230971943172636,-0.252152464717043,-0.47208556155212766,1.0297400457070234,0.21706534000511596,null
U19,16,0.06114535498564255,-1.7971410872510332,-0.3943876071202133,-1.9419998961551097,0.5745014005307828,0.5649031751706877,null
U19,17,0.6708308248657586,-2.1385199290208465,-0.8112137325290995,-2.00389386099162,0.5167959586183541,0.9484384530354499,null
U19,18,0.5581224057465349,-0.5409616920928353,0.14512936343461003,-0.45754869077048604,0.45203772651733987,0.8979885901033888,null
U19,19,1.49145136510925,0.4166010809950497,0.885602065750104,-0.44314130448938016,1.4409078169449028,1.1311788564995626,null
U19,20,2.153055690962387,-0.19542893309293075,0.9771405699053877,1.0544216609671933,0.7367256211025985,0.3214846536074446,null
U19,21,1.4560727690613349,-1.5416251450975966,0.04014606586331865,0.6134996085434095,0.20919624948679044,0.4442616886521753,null
U19,22,2.1932987896755414,-0.02392153182136937,-0.36438000752409466,-1.5633944085133897,0.43225963757957186,0.6364928240198362,null
U19,23,1.852696630941844,0.4874837220633351,0.24715427705185133,0.9266939971727353,1.4337264684093132,1.3881366721792574,null
U19,24,1.551153542825641,1.4064299698849947,-0.2841349846357354,-0.17737124383743974,1.4520570398611041,1.5420017231063992,null
U19,25,2.245162697662888,0.747604775035726,0.350322202019025,0.7255940905433143,1.8283591827129224,1.496906703193291,null
U19,26,-0.4070166228318641,0.860270677566009,0.8968463914909943,0.6353304826937207,0.40684114702743673,0.49670832867060405,null
U19,27,0.2584177400815124,0.42844502654422273,1.245411868578544,-0.4490161650857268,0.7469488194979449,0.6663725411229555,null
U19,28,-1.9622391462655653,0.07235816515137442,-1.035464015341678,-1.5946732758567304,0.36442619529555426,0.3377293761310093,null
U20,1,0.7739741448481181,0.45104869259560487,0.8652727630379067,-0.2533674341438239,0.9573626738259493,1.484535790395204,null
U20,2,-1.7177917889412304,-0.5060880950551697,0.7914182701867504,1.4501581363615912,-0.5411714353707835,-0.23801188650494398,null
U20,3,-0.9528529641581431,-1.4791620246478183,-1.7893930085093834,2.131567508579706,-1.0914200710158835,-0.6107561981949563,null
U20,4,0.1443794781960197,-0.36830273503241956,0.1270309192611033,-0.8148936687045403,-0.6971383198610002,-0.542755691517841,null
U20,5,-0.30014527764587945,-1.1928086825207989,-1.3308006922910982,0.7140201655581302,-0.07990460897296664,-0.40209681567600264,null
U20,6,-1.116014619990409,0.3961665079648851,0.663076331879736,-0.42854216067964723,-0.22200433948365725,0.23140405572926548,null
U20,7,-0.16649943464844402,0.2511616687014382,-0.43296509291714724,-1.5906369155642401,-0.051281218930524675,0.20068378872035533,null
U20,8,1.3225386903362633,-0.3403238033521204,-0.4389670189495205,-0.45376631367094283,-0.607076983401173,0.1399679765160161,null
U20,9,2.1890890175097892,-0.7244575321843644,-0.5503508033710935,-2.8794518082220604,-0.39073981695058807,-0.3229892874050805,null
U20,10,2.770446185469254,-0.6045277549494548,-0.543072374878719,-1.8105812778529922,0.7626671164820271,0.379690911142172,null
U20,11,-0.08646806775963689,0.13769704999253893,-0.7026596007529613,-0.6242844478421533,-1.3552180825058542,-1.2664615865007853,null
U20,12,0.6554560871907307,0.6004889210549212,-0.43006432014754437,-0.9567443841931602,-1.1416547584612031,-0.5840242228249731,null
U20,13,1.3579708339968413,0.20213790312095634,0.7750739915973807,-0.7135063887556585,-0.03012477453484258,0.4309718266481071,null
U20,14,0.5223775738992822,1.2517475771224227,0.3327961023237599,-0.9107141279745119,-0.611592549703907,-0.5828291267641412,null
U20,15,0.7259901534711822,0.05832675631434606,-0.5821908887727847,-0.278666165547731,0.25645334583617563,0.21706534000511596,null
U20,16,-0.24530798622656969,-0.2939862717584868,-0.2922788988907577,-0.06505048843149829,0.5160528746469217,0.5649031751706877,null
U20,17,1.1505414988495315,0.2605278379612309,-1.0229138903042996,-0.4893839164532765,1.2238061748504465,0.9484384530354499,null
U20,18,1.365805619924492,0.5753954279492322,0.27596163195904144,0.1137883715634091,1.255618170019421,0.8979885901033888,null
U20,19,1.9050822947137127,1.1394155876651053,0.9442785851230999,0.7998695439183688,0.612633007565872,1.1311788564995626,null
U20,20,1.83408202824439,0.4531228531317844,-0.26165289481548504,-1.1746392322985157,0.15308378806062325,0.3214846536074446,null
U20,21,1.3279242688884678,0.5533765030955656,-0.44627611101872966,-1.1396810634867318,0.38684959170793,0.4442616886521753,null
U20,22,0.4425956733496612,0.4547087876686244,0.49903719849409084,1.1353794122800172,0.5291504922728457,0.6364928240198362,null
U20,23,0.24548201926295077,1.450834831125794,1.1537023933966724,1.9497409260047853,1.226121566217794,1.3881366721792574,null
U20,24,2.023978975178919,2.476023602781873,1.4233958368746675,-0.12399410465838623,2.0572917615854607,1.5420017231063992,null
U20,25,3.460628416739106,1.3539772044296396,1.2416172525617606,-0.2673215339962359,1.410695095599115,1.496906703193291,null
U20,26,1.5984554832071964,0.18513647310908765,1.6846364104087763,-1.4335440331320428,0.6600463043601261,0.49670832867060405,null
U20,27,0.6171643561514346,0.18689224886047806,0.27236786096858234,-0.13272630460449492,0.3965007227300181,0.6663725411229555,null
U20,28,-0.6335823117305699,0.9562076687016315,-0.7099977584441473,1.2190944249402507,0.2042403205929488,0.3377293761310093,null
U21,1,0.46658952363453343,1.5334609483415924,0.42266382234246674,0.905955662042394,1.2917494796320175,1.484535790395204,null
U21,2,-0.2736645612749248,1.193311526223606,-0.8833252566377787,-0.15083799880883647,-0.30064157772907013,-0.23801188650494398,null
U21,3,-1.7559624771117937,-0.2163468593380543,-0.7250990834034531,-0.7212737786053045,-0.1292794394566481,-0.6107561981949563,null
U21,4,-0.27624251418020973,-0.6072828108892827,0.5574175998933771,0.6208798983486099,-0.6844147449440056,-0.542755691517841,null
U21,5,-0.6478199691183073,-0.010569851069805306,-1.8980567123036238,-0.5253825474558825,0.32001446514484855,-0.40209681567600264,null
U21,6,0.4040995680004086,1.8761229185135726,-1.1097356891750378,-0.38847312115079546,0.1392361802639524,0.23140405572926548,null
U21,7,0.6720124910066758,0.29593424215223535,1.050856449328049,-1.1734712597281347,0.2789564323611947,0.20068378872035533,null
U21,8,-0.38499076810527133,-0.41060702350364564,-0.49773991727844935,-0.0072830887014533885,-0.5143838542799072,0.1399679765160161,null
U21,9,-0.9926496073643467,-0.6721356129494005,-0.22149908489425557,0.8109095288770926,-0.43517905877981516,-0.3229892874050805,null
U21,10,-0.015250352063744504,-0.6581888026595867,-0.1537260367193773,0.8368104856825879,0.06984922976922309,0.379690911142172,null
U21,11,-0.6993117959712087,-0.768735964424155,-1.4247800354386146,0.09183728188901957,-1.419279506097005,-1.2664615865007853,null
U21,12,-0.5337801322998906,-1.572163744023076,-0.0725131768126944,0.25604836733022646,-0.7999400209647278,-0.5840242228249731,null
U21,13,0.2774327065069738,1.2458708615134986,0.26492422776023794,-0.7649056641170009,-0.3829833306319587,0.4309718266481071,null
U21,14,-0.1674677403965311,0.455464132881398,-1.412666964454997,0.7989894585724719,-0.8582559428590159,-0.5828291267641412,null
U21,15,0.7335224058060594,0.7126227818526626,-0.26690573603084855,-0.2704806416380286,0.3953046322867263,0.21706534000511596,null
U21,16,1.7816658224191948,-0.18318781864741152,-0.7522182579095362,-0.18011993019533748,1.3102310454393309,0.5649031751706877,null
U21,17,1.6582095953087022,-0.19487397822695618,-1.0114180869409326,-0.1939419194883949,0.4816343196513285,0.9484384530354499,null
U21,18,1.4077477045370732,0.4830542918388827,0.8709238547477773,-0.49406063179133153,1.3098922144472758,0.8979885901033888,null
U21,19,0.5992045928545828,-0.5168034281789592,0.020896762339729258,-0.7841459378494997,1.2409635397732544,1.1311788564995626,null
U21,20,1.507553273664746,-0.16360224078073302,0.4458608223762822,-1.4314999317549237,-0.10951411060082228,0.3214846536074446,null
U21,21,2.0961768444531885,0.7189428381845054,1.1140679717858482,-0.9643152456361999,0.38843598626798154,0.4442616886521753,null
U21,22,1.624676775511495,2.512934218742938,0.4309589861023692,1.1484027216103765,0.052587451502669524,0.6364928240198362,null
U21,23,1.6636357543328415,2.7647215834443326,0.3710146258651511,-0.011166319339503905,1.1300577395674705,1.3881366721792574,null
U21,24,1.390805852665634,2.3539183259116143,1.3383511838596678,-0.9522343266543954,1.9164385206364853,1.5420017231063992,null
U21,25,2.4136358184664473,1.1828699663332978,0.8675034657296363,1.4540082915623802,1.8884446212458463,1.496906703193291,null
U21,26,1.6298386556107531,1.1495856251803103,1.5430232770705148,-0.8841096496565994,1.0947666481103457,0.49670832867060405,null
U21,27,1.4358961972743225,2.201884100723537,-0.48278142469234314,0.1307055685007843,1.878344597497021,0.6663725411229555,null
U21,28,-1.3812989071782302,0.2987336998648052,-0.36088201271329545,-0.4042911139325988,0.5205452121713272,0.3377293761310093,null
U22,1,1.5207877804961791,-0.0718135589196223,0.358996266003158,0.5078895780111484,2.048799153780549,1.484535790395204,null
U22,2,-0.1565094382421505,-0.6008582001162549,-0.8839118444615806,1.0863803333226478,0.013992132659740919,-0.23801188650494398,null
U22,3,0.6780942550760201,-1.882763455426799,0.8105884745300814,0.058234849718741655,-0.7689645794245995,-0.6107561981949563,null
U22,4,1.019857304803482,-0.7396122650468411,1.460363470942793,0.46817044608942465,-0.6439179955658642,-0.542755691517841,null
U22,5,0.10656194043865969,-2.066023019912563,-0.14053613409780844,-1.0889624416647408,-0.048131313660932706,-0.40209681567600264,null
U22,6,0.3255016389651447,-1.2341132069643874,0.961763002893634,-0.9358244897436541,0.06991831002522872,0.23140405572926548,null
U22,7,0.5802768082307939,-0.5710471901354989,0.8873482759305522,0.32772790599889634,0.8065278697100711,0.20068378872035533,null
U22,8,0.23123091239754046,-1.0513857595708407,0.8672940495569426,0.07375956658359437,0.31870076251350066,0.1399679765160161,null
U22,9,-0.9897067080801851,-2.4977450884978536,-0.17748650035260524,1.9116219152251008,-0.2528067845425054,-0.3229892874050805,null
U22,10,-0.3028679294266157,-1.3814959564558706,0.5945507820236557,0.3141287984882142,1.139283218794424,0.379690911142172,null
U22,11,-0.7136737271791594,-1.3066881677054674,0.0632021083350035,0.6782819354293146,-0.648817203236278,-1.2664615865007853,null
U22,12,-0.8889656187490728,-1.4354108950217002,-0.06524462136368434,-0.09342160671650729,-0.5309282392273884,-0.5840242228249731,null
U22,13,-0.1124236886286677,0.8859019733723772,-0.10528617974704528,0.3780125851783212,0.43004706257224,0.4309718266481071,null
U22,14,-2.1586284914631975,-1.9143240488187914,-0.07128603572690784,-1.8670762383070327,0.06625135740860588,-0.5828291267641412,null
U22,15,-2.412165365006064,-0.9192440563355981,-0.11676024729051344,-0.335594565456866,0.5005991764355752,0.21706534000511596,null
U22,16,-1.4517913234086537,-0.3923211583603483,-1.1291168295617062,-1.2531983632529549,-0.013793212321019377,0.5649031751706877,null
U22,17,-0.997157934506274,0.17014829104764542,-1.5454734307376379,-0.5330204658887853,0.7065518414265797,0.9484384530354499,null
U22,18,-0.7256692626274222,0.3084461891180098,-0.37236969034233375,0.2072078424976113,1.1310157625942825,0.8979885901033888,null
U22,19,-0.920514165327376,0.16992722588465423,0.19675711427213088,0.19666267637514004,0.8307514922101709,1.1311788564995626,null
U22,20,-1.1942301051242148,-0.040176641764250134,-0.8150494775979027,-0.01172871463486408,0.005139650231130166,0.3214846536074446,null
U22,21,0.20167435118487465,1.8519738453462293,0.008347825034791118,0.9947055027674921,0.18089511284627158,0.4442616886521753,null
U22,22,0.39349392210797535,1.4797263094924138,0.8354849962965447,0.5487611149724418,0.5082955473780142,0.6364928240198362,null
U22,23,0.5091552958114031,2.545539782515596,0.49805024658303393,-0.9032252464949011,0.48370389398627356,1.3881366721792574,null
U22,24,0.8223132408477524,0.7884035359408876,0.6815920880473739,-1.109684614822647,1.336129184790483,1.5420017231063992,null
U22,25,2.0424284730995255,0.017256667539956916,-0.6714974758056107,0.12257360972187348,1.5541410903872355,1.496906703193291,null
U22,26,0.1028211875042837,0.3040480077537091,-0.3151911797190834,-0.7805002833355651,0.615266003141252,0.49670832867060405,null
U22,27,0.14550504076601198,0.2498324575790944,-0.3681695452213047,0.8870817593029623,0.7430136616558953,0.6663725411229555,null
U22,28,-0.9242844285535045,0.8510633698745669,0.5033760928381144,-0.5550400430785916,0.5398041383667918,0.3377293761310093,null
U23,1,0.9815184364104863,1.0514386457324434,-0.08954201598629519,-1.193840578201877,1.1700720519197654,1.484535790395204,null
U23,2,-1.7035794761234824,-0.4889939323599166,1.2541389178106839,-0.29387765997855275,-0.33400822003118574,-0.23801188650494398,null
U23,3,-0.7699330135570166,0.14474842110557207,1.7736845195901805,1.8514221359789687,-1.0534770934118716,-0.6107561981949563,null
U23,4,-1.1581090657145319,1.5994168059191762,-0.6326949199007269,0.5112435507514663,-0.7518188328706052,-0.542755691517841,null
U23,5,-2.7865665812842,0.32057067113929244,-1.4976475114212913,1.2551414385693145,-0.0037572814769078478,-0.40209681567600264,null
U23,6,-2.507362631200826,-0.13005518477363182,0.44364361532029806,-2.180445568993895,0.16657731668436931,0.23140405572926548,null
U23,7,-1.670014164636321,-0.8650592138291684,0.7529841340478729,-0.882850061875827,0.20689408280352456,0.20068378872035533,null
U23,8,-2.2488085527777275,-1.1266350518877994,-0.16628849037082086,-1.278313190585942,0.29290983753891564,0.1399679765160161,null
U23,9,0.1106275750008694,-1.427219829976589,0.00566100513110375,-0.1759459648248466,-0.4652690952468152,-0.3229892874050805,null
U23,10,-0.9608094249415509,0.8468801730985165,-0.13856341610944986,1.1635816710429423,0.10050093037229907,0.379690911142172,null
U23,11,-1.6065416398244814,-0.33082254179370896,-0.19937170120174486,-0.05282815567524629,-1.3628587817096591,-1.2664615865007853,null
U23,12,-1.9576566455807953,-1.7445556773227782,-0.24142012320981454,-0.7576455109292176,-0.9022758116502059,-0.5840242228249731,null
U23,13,-1.016250492299264,0.394218881125839,1.2976086224024987,1.6301493526173974,0.12233577458011075,0.4309718266481071,null
U23,14,-1.9257980993978085,-0.4855042900015124,0.6266979264906652,-0.09062009769827517,-0.4207530853890653,-0.5828291267641412,null
U23,15,-1.9668417291248081,1.3874973447599241,0.29943314675474686,-1.6071497600348361,0.7796003487002374,0.21706534000511596,null
U23,16,-0.8412992713304981,0.7783609245775791,0.41248768432902355,-1.2509316168884475,0.1816702469593317,0.5649031751706877,null
U23,17,0.6236295278884588,0.6579383911219326,1.6197640598462928,1.4700740614064411,0.17992719415154457,0.9484384530354499,null
U23,18,-0.010104871212559985,-0.05508744336625383,1.3351654166810791,0.11508351605150796,1.414427500005683,0.8979885901033888,null
U23,19,-0.29025075008938717,0.48844211343953725,-0.6170750094180648,0.3394929993174277,1.4643421277360333,1.1311788564995626,null
U23,20,-1.3261513109853513,2.663155774155857,-0.2673446776173872,-0.35563165407995434,-0.13921937330184175,0.3214846536074446,null
U23,21,-0.8126564945442014,2.9361975249402272,-1.1583625272351985,0.37213128856896044,0.603263087425354,0.4442616886521753,null
U23,22,-0.4071312896966687,2.8092879913343456,0.05873552612537486,-0.5628672671604804,0.3829795658369527,0.6364928240198362,null
U23,23,-0.5220123735741597,3.4422607441310205,1.9081395826868912,-1.2753694299321934,0.8393668092494613,1.3881366721792574,null
U23,24,0.5296392265569947,1.8485953084773863,2.0063665712651773,0.8587538416037322,1.8367153245915773,1.5420017231063992,null
U23,25,-0.4407301233241212,0.18218725747832143,1.0288907317714635,0.386909005184522,1.4718671944857542,1.496906703193291,null
U23,26,0.30934690498785944,-1.122383855810974,0.4241804300016528,-0.724617326202257,0.6565641953577823,0.49670832867060405,null
U23,27,-1.0425431159914345,-0.3281176045086497,1.1194484436764673,0.8253198802963899,1.0320349902109212,0.6663725411229555,null
U23,28,-2.660776436271039,-0.15171019447145773,-1.1817682247978707,0.5823425307824805,0.6576791834747304,0.3377293761310093,null
U24,1,0.5829865284458267,1.660190836289349,-0.78140298055864,0.3277723419094795,1.241035545877317,1.484535790395204,null
U24,2,0.7526918575786267,1.0694723348857023,0.8122209910808406,1.8688909686879964,-0.7115854937036513,-0.23801188650494398,null
U24,3,-2.0320408077850685,0.6121927411215756,-0.711259667086283,1.4549590952486393,-0.6290225579386274,-0.6107561981949563,null
U24,4,-1.907770035996773,-1.6972635347571137,-0.3935682594343305,0.9074297690774562,-0.7552718419449747,-0.542755691517841,null
U24,5,-1.1232077578684718,-0.4924967446195403,-0.1135647799705729,-0.4930090614057754,-0.5314668856190563,-0.40209681567600264,null
U24,6,-0.42802756991249913,0.010920363718335612,-0.0024766242074863443,0.8499964317698476,0.5424803438801711,0.23140405572926548,null
U24,7,-1.8704450719035153,-0.024371327648532892,-0.06003061132121198,-0.4150643437091134,-0.25773412628021714,0.20068378872035533,null
U24,8,-1.8512875835596758,-1.1593091789233247,0.9098097795081777,0.46619368997616895,0.159883454408115,0.1399679765160161,null
U24,9,-1.6762556881713297,-0.6602528956123243,1.3551549102414744,-0.09496563289942173,-0.7096189545331238,-0.3229892874050805,null
U24,10,-1.1700615555116398,1.240569503089646,-0.23498435380627825,0.6450630726629986,0.13672773285185053,0.379690911142172,null
U24,11,-2.9140877241672323,-0.37520030379504987,0.3539783802395312,-0.6291712342618863,-1.511218565500473,-1.2664615865007853,null
U24,12,-2.0709239045498022,-1.3220709238144366,0.35454194235141145,0.29796615792204384,-0.4241328038352635,-0.5840242228249731,null
U24,13,-0.4603122438062993,-0.7906896523542087,0.021598181500682337,-0.37013405948313216,0.9859600410992988,0.4309718266481071,null
U24,14,-1.583262022131559,-1.629044523059371,-1.0738158153754087,-0.44294336367451465,-0.8760961284827528,-0.5828291267641412,null
U24,15,-0.23450003519448215,-1.5384013039193067,-2.364325654001878,-0.051971039263832064,-0.7545243273224802,0.21706534000511596,null
U24,16,-0.3948138995324906,-0.6884068981704994,0.11265317645583756,1.4207885781999532,-0.01125899197646485,0.5649031751706877,null
U24,17,-1.3176624118103892,-0.2581280504872524,-0.8538355106456076,1.9814083809611618,0.4201112693689022,0.9484384530354499,null
U24,18,-1.8309138097662456,0.7514680191635787,-1.5101093346441168,1.420150751306891,0.26831005008266695,0.8979885901033888,null
U24,19,0.21247417323819862,1.5983626819566816,0.22290859672124952,0.5826197769254715,1.0384865761937032,1.1311788564995626,null
U24,20,-0.9793361345564109,0.9755860027946381,-0.7365202475099923,-1.7487052325402148,0.46977107744638835,0.3214846536074446,null
U24,21,-1.8995216372416586,0.07623124645960871,0.8800406195526779,-1.2312797335754384,0.4993970174850643,0.4442616886521753,null
U24,22,-0.7305405591757008,-0.6508891618304465,0.09033420584063417,-0.7005979488936702,0.9109446805121106,0.6364928240198362,null
U24,23,1.676671619350989,0.6140039504775742,0.2592568561634826,-0.8809272529350933,1.7614227449887834,1.3881366721792574,null
U24,24,0.9773094789775199,0.8558257020560291,-1.7224905276291786,-1.016883713507183,1.63929914526347,1.5420017231063992,null
U24,25,0.30646836082256773,1.2849823629733477,0.0848347254855798,-0.23639341070979647,1.5517129760997415,1.496906703193291,null
U24,26,0.17642866923504008,-0.44852413294093196,0.8866527128207313,0.16800486310239499,0.8639409317497181,0.49670832867060405,null
U24,27,-0.18656620748111855,0.21671465250352479,0.8940654489908162,-2.5985312418595554,0.8000652090348496,0.6663725411229555,null
U24,28,-1.2352737286998683,1.3786868434386603,1.6754656272827746,-0.6735810637427053,-0.35679837034009504,0.3377293761310093,null
U25,1,0.4889330785440221,-0.38856953721392246,1.523760840156209,-0.7926800940435466,1.6426398950357184,1.484535790395204,null
U25,2,1.2876699424803688,-0.3197000705582341,1.7882684901386723,-2.9324442683768948,0.19166104291482366,-0.23801188650494398,null
U25,3,0.9685247583789909,0.2546513066187283,1.548512142822842,-0.9091033961128779,-0.986150560501134,-0.6107561981949563,null
U25,4,-0.2521737240418229,1.8745461854099235,-0.3653252018700538,0.5029020987992057,-0.3538692704460218,-0.542755691517841,null
U25,5,0.17562483192462527,0.33080545470249917,0.14981037975550573,0.14978559159361995,-0.07626894650622196,-0.40209681567600264,null
U25,6,0.38775344683369933,-0.1161605491476997,1.7120323713153296,-0.5343022781852943,0.32890170337672725,0.23140405572926548,null
U25,7,-0.0393385270579909,-0.0506745391979879,1.4430052686199166,1.5429268335276767,0.423441960897216,0.20068378872035533,null
U25,8,1.6237532425975738,0.26908793622780514,0.7293003965676832,1.7281860097061583,0.1488938614917819,0.1399679765160161,null
U25,9,2.7352140503810203,0.0580746332164849,0.051952066153821,1.172950059742101,-0.4976636783799896,-0.3229892874050805,null
U25,10,0.6812848631274268,1.1992250775362028,0.2697156972930346,-3.0519533135191397,0.7412902138168895,0.379690911142172,null
U25,11,0.0248759427143469,-1.0911701796899453,-0.2562033721975374,-1.9241543671553656,-1.143457689154347,-1.2664615865007853,null
U25,12,1.2093170910391706,-0.7811870901373253,-0.5006251246470171,-0.02731153545401055,-0.7431898274731383,-0.5840242228249731,null
U25,13,2.674028971562687,-0.5008448748045022,0.967033749577089,-0.742228952462433,0.03864695519894473,0.4309718266481071,null
U25,14,1.7790141585049808,-0.717330929359503,-0.3617514885450295,-0.866688564528405,-0.14811254332822155,-0.5828291267641412,null
U25,15,0.37188412038571295,1.1875114583459143,1.634850115155573,-0.30077897132236786,0.7985945552882998,0.21706534000511596,null
U25,16,0.15386685363596742,0.7841836353257831,0.8599812668109732,-0.653836462613136,0.6866696048016795,0.5649031751706877,null
U25,17,2.0565725623894493,-0.30110979300561913,0.517900958706468,0.046746646647388757,0.8533467392258373,0.9484384530354499,null
U25,18,2.798487054847647,-0.6537531264903172,-0.48553128651339367,-0.03940290906991273,0.8437394913330191,0.8979885901033888,null
U25,19,2.953871941113709,-0.8760858350864855,-1.4092807527605355,0.5580931670424265,1.3293138874657524,1.1311788564995626,null
U25,20,1.6211132210675696,-0.049703868862137665,0.3546023382751363,0.3298964349666222,0.44041747073543325,0.3214846536074446,null
U25,21,-0.40755727108589035,-1.019392393371889,0.9326082312060999,0.6665208709829163,-0.18061376101287013,0.4442616886521753,null
U25,22,-0.9058647964600157,-0.37418378268561425,1.797726546369608,-0.8872810221486853,0.7716756647920713,0.6364928240198362,null
U25,23,0.6044713916468911,0.9298596570017841,0.847512735323493,-0.8344247725599485,1.5580464718123972,1.3881366721792574,null
U25,24,1.4432621356325084,0.7232065569235675,0.553998636061442,-0.6424750806810933,2.3778089495926276,1.5420017231063992,null
U25,25,1.3060010957317592,0.6635268148757767,0.2266382927516947,-1.973924763041163,0.9372001001122073,1.496906703193291,null
U25,26,1.3407804852220941,-0.06588240195084465,-0.9067833245324483,-1.9896051730191462,0.04182722035016917,0.49670832867060405,null
U25,27,1.9045846646666835,-1.5677745520859432,-0.08483521254511395,-0.22799503108990915,0.9287658378597029,0.6663725411229555,null
U25,28,1.9122348908341054,-2.409641339798925,-0.12446972855829067,0.10615805898905907,-0.39783935694073463,0.3377293761310093,null
U26,1,-0.7323442932508145,-0.5430392001374548,-0.47881562597987565,-0.42379506379574544,0.815314522899361,1.484535790395204,null
U26,2,-1.6940745353186106,-0.672502801891734,-0.9467944933616721,-0.10066649544107138,-0.23893559064970876,-0.23801188650494398,null
U26,3,-2.2169570964483434,-0.9138024693828435,1.133651180466003,-1.1915256387311357,-0.769462593599094,-0.6107561981949563,null
U26,4,-3.4591217930794365,-0.528994887449201,0.7223254997039898,-0.46316794709393744,-0.2905388277648043,-0.542755691517841,null
U26,5,-2.4818437426131688,0.5943143686483374,-0.051101025624181035,0.619553396994404,-0.5338156953692825,-0.40209681567600264,null
U26,6,-1.211088929005034,1.066344236564699,0.3998014563052533,-0.1064985581098481,-0.053078994225702586,0.23140405572926548,null
U26,7,-1.2489138718317898,0.5071283158921165,1.9483364052494758,0.780200832391594,-0.17030133595599234,0.20068378872035533,null
U26,8,-1.713937569508954,1.8079891168128068,-0.8878649216072243,-1.9907799311219732,0.30918155920386936,0.1399679765160161,null
U26,9,-1.605651072368576,0.8211200712137972,0.7901092461109586,-1.0059275826890446,-0.6526836562924171,-0.3229892874050805,null
U26,10,-0.7541952717534506,-0.09189730027100447,1.5059740732459659,-0.16931804335211906,0.1769355057249486,0.379690911142172,null
U26,11,-4.032409571382039,-0.5892794465284932,-0.11322027764076315,-0.46665129509406583,-1.4337258743238515,-1.2664615865007853,null
U26,12,-3.1609239451415245,0.4223210257033114,0.47651109778687994,1.3061547231209427,-0.34964937699491694,-0.5840242228249731,null
U26,13,-2.651652506816588,0.9815235356165011,0.41500596535474715,1.582504832309911,0.732640531090994,0.4309718266481071,null
U26,14,-2.467659583412207,1.2928946094066673,-0.8993005938630166,2.7162616109584734,-0.5901760337944381,-0.5828291267641412,null
U26,15,-0.4972795476866685,1.8697123210832567,0.18948293482514145,-0.5816687798233147,-0.24915761984403362,0.21706534000511596,null
U26,16,-0.8503076360273983,1.2832464073279637,0.0396021983863212,-0.4550529991840576,0.35553561940585743,0.5649031751706877,null
U26,17,0.8350476392103289,-0.5445586442565101,0.3916923256594823,0.21414202757974554,1.2001991729508275,0.9484384530354499,null
U26,18,1.0605893658527137,0.4427474448241441,0.5466890600553678,1.3478769220977327,1.2053651267421945,0.8979885901033888,null
U26,19,0.9424290700456237,1.1513092744947204,1.6973308233567477,2.1999966811861995,1.0916535501230509,1.1311788564995626,null
U26,20,-3.033281306307161,-0.8646137843040825,1.7976695741890538,1.097174902489256,0.3089886152001088,0.3214846536074446,null
U26,21,-2.4936747289661714,-1.7098743384032524,1.3131854625467083,-1.590353379574562,0.6287719716392057,0.4442616886521753,null
U26,22,-2.221036057994811,-1.3426256571284116,-0.32917202902805975,-0.22292786395611142,1.0188664024645904,0.6364928240198362,null
U26,23,-2.571561857868632,0.27334955617372975,-1.0899734807705037,1.0752555500756489,1.727494579239133,1.3881366721792574,null
U26,24,-0.21242581178883824,-1.8510493228978762,0.6593989391310764,-0.10618735218246345,1.8839204456205194,1.5420017231063992,null
U26,25,-1.0964326366501242,0.34450850757544466,0.9787382889341514,-1.5062874727667281,1.5866816899397769,1.496906703193291,null
U26,26,-2.6036538066258137,-0.6077607291227645,-0.49467580429411473,-0.7081092965256536,0.5202062981740945,0.49670832867060405,null
U26,27,-0.14522725853945984,-0.604039422392776,0.3803634121295443,-0.3713959164847375,0.7193976181791838,0.6663725411229555,null
U26,28,-0.18971486005233545,-1.1710047577253253,1.403881218510211,-0.5025790149372638,0.5648954922004532,0.3377293761310093,null
U27,1,0.3575358913396194,0.5622512347934323,-0.23813349120976185,0.6505443900320744,1.5231949884334677,1.484535790395204,null
U27,2,0.37469322580546016,-0.7850434084330793,0.9539587385485807,0.1385852587525683,-0.6155126336935945,-0.23801188650494398,null
U27,3,-0.5927901720586981,0.1433982130073117,-0.5286550529212238,-0.74864534966421,-0.24800363031067585,-0.6107561981949563,null
U27,4,-0.3715583207825043,-1.6139141071693235,-0.7853586962225073,-2.937662834147398,-0.29107857227273903,-0.542755691517841,null
U27,5,-1.5674940548545282,0.607512649312811,-1.207949272077003,-0.7971514792494543,0.29359312740159016,-0.40209681567600264,null
U27,6,-0.15363344406351134,-0.054579007232439566,-1.0914089937359555,-0.9781817276202094,0.4049821393518589,0.23140405572926548,null
U27,7,0.1346157302533963,-0.06709596477505163,0.006010220816397273,0.07516767534067814,-0.20331059761131487,0.20068378872035533,null
U27,8,0.40951968076515316,0.6553174973478796,-0.5156576184690667,0.018063796980912976,0.05462782221686109,0.1399679765160161,null
U27,9,0.14335317073839193,0.31382912799845764,-0.007822345339742798,1.0329815313928772,-0.5239789968221994,-0.3229892874050805,null
U27,10,0.756374248402296,0.21933832141478724,0.30994110355704146,1.6329328664859344,0.7885459721613697,0.379690911142172,null
U27,11,-1.1561314961149374,-0.9528255820929216,-1.2194945957307022,1.2515646905105045,-1.485809343038611,-1.2664615865007853,null
U27,12,-1.0105831781606722,-1.565880996103452,0.059979812832668816,1.7650825570583715,-0.8523701817585085,-0.5840242228249731,null
U27,13,0.5953049436546042,-0.9240440724350134,-0.5321487129297947,1.1858691447499696,0.7287379985832303,0.4309718266481071,null
U27,14,0.1439597007286149,0.5974525967978321,0.14529676258004776,0.7472466141543099,-0.4227786091918744,-0.5828291267641412,null
U27,15,-0.6475622089741195,0.8775980893615003,-0.06926334006491847,-0.687478492564841,0.3231198972345729,0.21706534000511596,null
U27,16,0.277063637826352,0.0770330380429618,1.0008745654059399,0.5457463980038646,0.8007762812969357,0.5649031751706877,null
U27,17,1.0721790372920292,0.8594903420860339,0.5902740712217502,1.033156450719362,1.0487126232839012,0.9484384530354499,null
U27,18,1.6461488538189204,-0.4579059876930799,0.9799179576844639,0.42976417432131186,1.3626228861800023,0.8979885901033888,null
U27,19,0.47240011960286643,0.12157938974766114,0.7123384223252359,0.8975019097820158,1.8704720539795576,1.1311788564995626,null
U27,20,1.211783348019813,-0.6857536527908504,1.1898082497151574,-0.5121514417237497,0.6763520762460874,0.3214846536074446,null
U27,21,2.220766883640004,-0.8946442300894795,1.4514365653492944,-0.8108162502280964,1.3466228445670736,0.4442616886521753,null
U27,22,0.638848388806083,0.5475282198331974,0.6269753926800488,-0.9076235466891449,0.8249270293265796,0.6364928240198362,null
U27,23,2.4887608981180938,1.171263306306103,0.6653064147681386,-0.5852968184017235,1.3959530028425418,1.3881366721792574,null
U27,24,3.1929098844396844,1.6479393101218174,1.4379397462525327,1.2492276375052804,1.0901940444798313,1.5420017231063992,null
U27,25,4.164890258677364,1.4310214523574771,0.36994652761397473,-1.2593675325969862,1.63707047639743,1.496906703193291,null
U27,26,2.4220032466564487,0.7295052917692189,-1.0069115681901128,-0.6840657372657544,0.5325045873027762,0.49670832867060405,null
U27,27,1.208077115745428,0.12990687878276963,0.7459989607499729,0.37936680702327663,0.9480694970970793,0.6663725411229555,null
U27,28,0.1494515671666058,-0.4362933021969936,0.743532024177415,-0.7035211427243911,0.3516674164030408,0.3377293761310093,null
U28,1,-0.2192084898193487,-1.4522105440778912,1.2734795349631058,0.04174262110858387,1.2200768860482638,1.484535790395204,null
U28,2,0.6445756337570391,-2.725473540916995,0.18080285484484246,0.35925118158603053,-1.2067179121324023,-0.23801188650494398,null
U28,3,0.9134510249356032,-0.9940601453771154,0.053476933291376205,0.17302278346169953,-1.4827975179759036,-0.6107561981949563,null
U28,4,1.112001084868171,-0.49653449840305547,-0.3210904453366277,-1.5326716876333386,-0.320946547847883,-0.542755691517841,null
U28,5,0.8217624082556707,-1.3686819366593312,0.6158179439329401,0.016598252101885924,-0.5678059959258925,-0.40209681567600264,null
U28,6,1.2686680067273448,0.2220692590206641,0.282742532194587,0.8774687084643499,0.010810891228940106,0.23140405572926548,null
U28,7,2.0875365107121406,1.4743392359036245,-1.2208960396445352,2.4631457122344207,0.50503437510954,0.20068378872035533,null
U28,8,0.9064254480130154,1.6465392273554549,0.08248252703880068,0.5192260671285264,0.3360009457086417,0.1399679765160161,null
U28,9,2.3569911905178453,1.4105404417009242,-1.2619253202710512,-0.5588508745553149,-0.8461490110496803,-0.3229892874050805,null
U28,10,2.106822195370315,0.5365793098546845,-1.8466255152286073,-0.03099687981961946,-0.027125827109801715,0.379690911142172,null
U28,11,0.1362610817368367,-1.2103252678324266,-1.5697604670458043,1.1258876987854682,-1.6547819296682407,-1.2664615865007853,null
U28,12,1.0149738910528443,0.12698909425833507,-1.3502831178647594,0.6111656210109503,-0.7077740719747075,-0.5840242228249731,null
U28,13,1.6016808173927168,-0.727718983684118,-1.2493364293729379,-0.2538830421509449,0.8717969778047934,0.4309718266481071,null
U28,14,0.8245237454811023,-1.6285152272815013,-1.1838974661491743,-0.4599094958659092,0.06521322964850595,-0.5828291267641412,null
U28,15,-0.19639199980425426,0.11393017684657668,-0.5701704110147386,0.5068322388700889,-0.32951085413202713,0.21706534000511596,null
U28,16,0.6086626136198023,1.7128703595413248,-0.6830397137791111,-0.5919732050771688,0.7829716077997421,0.5649031751706877,null
U28,17,0.9807401141475369,0.07407401039866836,-0.660868472863812,-0.9198994639124909,1.7631958218763997,0.9484384530354499,null
U28,18,0.3877673496630938,0.2641743139338425,-0.2885864758674073,0.09544735486842504,0.9174679464981164,0.8979885901033888,null
U28,19,1.981154842477697,-0.09870669359874121,0.054583269874341894,-1.4566791180364205,1.3238982017959566,1.1311788564995626,null
U28,20,2.7694850141518277,1.07448614722757,-0.2297987067437761,-0.5325186841867106,0.4272715130552557,0.3214846536074446,null
U28,21,3.2785661187204025,1.3423518529569718,0.6501610759708388,0.17353862406026946,0.26062771957730757,0.4442616886521753,null
U28,22,1.7062596721570378,0.5388787630122989,1.3433064216205117,1.007322714660073,0.31037541122801965,0.6364928240198362,null
U28,23,3.795054054279735,0.47542982367848335,0.012284358414580643,-0.38000812909931925,1.5828855344091566,1.3881366721792574,null
U28,24,3.2455272432744295,0.48746473996778056,0.10258474298473219,-0.24307768025654983,1.6424706393565247,1.5420017231063992,null
U28,25,1.840451492767284,0.3676655703791175,0.08693799604897917,1.280221556366613,1.20989684083878,1.496906703193291,null
U28,26,3.444962280869894,0.6997940933983562,0.3165243019527844,-0.6139492566504587,0.13257313157742134,0.49670832867060405,null
U28,27,3.6600796767488206,1.375054754681079,-0.7911060869465658,0.6704860115958486,-0.02489072566619488,0.6663725411229555,null
U28,28,2.3698405182614453,-1.0564424420863192,0.735485744724294,1.555395510479946,0.7857781702566577,0.3377293761310093,null
U29,1,0.9558787285228041,1.758050874191454,-1.6258758105815971,-0.5330651819523904,0.8830375141260881,1.484535790395204,null
U29,2,-2.396639053929521,0.1527604515593888,-0.31874598886987515,-1.063797388521741,0.13012925890345245,-0.23801188650494398,null
U29,3,-0.5619180510800169,-1.1917995954284626,0.6157235889574824,-0.17126127749430653,-0.5053718454543304,-0.6107561981949563,null
U29,4,-1.1050836404063213,1.005965259785455,0.0970771898688906,-0.9192896620919819,-0.5352682961445492,-0.542755691517841,null
U29,5,0.08644093002711206,-0.5130688436422322,0.062200270388880596,0.47719928298493214,-0.32787700958799765,-0.40209681567600264,null
U29,6,-1.3469904878572678,0.44939395216292916,-0.23875168861240345,0.7245650069091739,-0.516163208118308,0.23140405572926548,null
U29,7,0.4390799690576538,0.16072071709383118,-0.6999393492491404,0.5723838044784539,0.298226183818169,0.20068378872035533,null
U29,8,0.1469830436981862,-0.2728672240015006,-0.6466859065066035,-0.873920808496425,0.21043590413658847,0.1399679765160161,null
U29,9,-0.6835896170334925,-2.1674708290604396,1.672932769568578,-1.305198466869703,-0.4075067331387605,-0.3229892874050805,null
U29,10,-1.6231982293003115,-0.28597709298539653,0.22030728431249819,-1.5029513123332054,0.05195198877636531,0.379690911142172,null
U29,11,-0.8639871373445811,0.7774425132768692,-2.0829581880404673,-1.5158613181065506,-1.882868730368879,-1.2664615865007853,null
U29,12,-0.512173833584258,1.702123277390899,-0.05896184147808706,0.333185470368628,-0.5511210846470926,-0.5840242228249731,null
U29,13,-0.12308285315115541,1.0989218995523353,0.806469228821971,1.7321699423658108,0.13643553097087857,0.4309718266481071,null
U29,14,0.3547138630756099,-1.0970817487337352,-0.6546789851855955,0.45113198706814645,-0.46798932485966166,-0.5828291267641412,null
U29,15,1.2771733946371082,0.23594529097971387,0.22913240156332393,-0.24432646305044167,0.25298864249565955,0.21706534000511596,null
U29,16,1.1673686780183892,-1.3821297178400989,-0.407222704351543,-0.5907041883320862,0.5213975073910428,0.5649031751706877,null
U29,17,0.7903618730604536,-0.7042427316910964,0.6705832782046336,-0.4645123763098935,0.7408515794540487,0.9484384530354499,null
U29,18,2.141886894432263,1.1679821687142495,-0.6039215613929845,-0.8678414977980788,0.7342487519612249,0.8979885901033888,null
U29,19,2.2103660719696667,-0.4140970259539388,1.4638634645443989,-0.13399919349235495,1.3981911814241497,1.1311788564995626,null
U29,20,2.8823246124634663,-1.0726303051768427,1.0723896370697978,-0.6573117633715567,0.36211996422975057,0.3214846536074446,null
U29,21,3.3844569485225415,-0.7445591868557293,-0.09529811666378091,0.8668152273526897,1.1082265090560235,0.4442616886521753,null
U29,22,1.2275711966303733,-0.3190024577624991,1.6120950559354241,-0.03080393678827742,0.047246092384363614,0.6364928240198362,null
U29,23,1.6055622046049787,0.023570042390189908,1.2911076857737027,0.37259924636954317,1.3105471964016318,1.3881366721792574,null
U29,24,1.8676681582884018,-1.1624147495944748,0.38524171359403225,1.3567106406919052,0.9827917381659346,1.5420017231063992,null
U29,25,2.4472607537795548,0.7073628215873446,-1.1802451754006278,-0.4095911452480502,1.0327896796792178,1.496906703193291,null
U29,26,1.017950083318504,0.4771082584068011,1.6670022142989873,2.4944299919063893,0.6911084956077687,0.49670832867060405,null
U29,27,2.219972686641322,1.9897745784283907,1.0829660204112244,0.7517488918155085,0.8501007300994816,0.6663725411229555,null
U29,28,1.338579263967144,0.311606876206863,1.1121464569264898,-0.12613308667776124,0.31577004952463494,0.3377293761310093,null
U30,1,1.9122634288563225,1.8970506740890454,-0.17054566736317173,-0.1118881006687083,1.101631343759116,1.484535790395204,null
U30,2,1.5784007537940843,1.2639984769235584,0.4670932936123675,-0.011298689432117023,-0.6569564528982019,-0.23801188650494398,null
U30,3,0.050090780107731936,-0.8181240558553454,-0.004285990225210645,-0.4873307465374306,0.42201558690949537,-0.6107561981949563,null
U30,4,-0.9697337470857981,-0.40443939994709444,-0.20265441503382647,-1.316537172385545,-0.4243834935940167,-0.542755691517841,null
U30,5,-0.059101089546836516,-0.12617837499121978,0.1978005694132053,-2.129063561504024,-0.8351762850133778,-0.40209681567600264,null
U30,6,-2.232264619347143,0.5743213619021758,0.09937151811141856,-2.2461896361328355,0.059737318512489895,0.23140405572926548,null
U30,7,0.2400623842766118,0.4238973300395565,-0.17856392186718714,-1.1119971949479013,-0.05608024536066275,0.20068378872035533,null
U30,8,1.1524320711580998,1.238810970671938,-0.465091408648325,-0.431896519270703,-0.055386027372270885,0.1399679765160161,null
U30,9,1.592700464499931,1.5466675008930386,-0.7127094529326526,-0.31795046486262785,-0.5511716606391802,-0.3229892874050805,null
U30,10,1.2030330967979956,1.349872038802943,-1.3010097912832217,-0.6260723637075876,0.26500762412541345,0.379690911142172,null
U30,11,-0.6429595519824337,-0.6480386126695539,-0.1216114086846517,-0.31365450877435525,-1.658328207781246,-1.2664615865007853,null
U30,12,-0.38506968821772936,0.247540840396737,0.033037041818592267,0.5327332654650433,-0.9400353459314061,-0.5840242228249731,null
U30,13,2.001589224760821,0.4553320992049016,-0.6227954263434434,1.0635817661421234,0.8004313978204314,0.4309718266481071,null
U30,14,0.9101273125323217,0.03660137163716248,-0.04956664409421291,0.5918169355357035,-0.4876130653360351,-0.5828291267641412,null
U30,15,2.4611946605811994,0.41339228710319115,0.28210647179799847,-1.7336621211082188,-0.0056801242556411835,0.21706534000511596,null
U30,16,1.7067039168991784,1.0634980917658983,-1.0703353491353351,-2.3956291383702366,0.5929444531423254,0.5649031751706877,null
U30,17,3.0194287853802275,1.4497940222582726,-1.2039907884700538,-1.0477311811544612,1.3084023475171405,0.9484384530354499,null
U30,18,2.526188578984835,1.5543041196389735,-1.6215897052297321,-1.9028847058713292,1.0269735066671197,0.8979885901033888,null
U30,19,2.32569090384579,1.0576696479983951,0.19631740931238406,-2.1244317864010984,1.2331442947916722,1.1311788564995626,null
U30,20,2.501449433810751,0.5785328315592071,0.18114324080179967,0.6976991509119572,0.3475350453347049,0.3214846536074446,null
U30,21,1.6913900227934384,0.8480389330356356,-0.05448754909115877,-0.13968036072708706,0.8860900342458055,0.4442616886521753,null
U30,22,2.029153920139839,1.2430965467537285,0.5984765396631229,-0.18020672772559487,0.9734434403591329,0.6364928240198362,null
U30,23,2.076759770928911,2.8450640400420517,1.6352905305417342,-1.2030039497680802,1.9820014752423867,1.3881366721792574,null
U30,24,2.8524280819725436,1.7368165902520543,1.157226496910892,1.3623246012705716,1.4407499553974397,1.5420017231063992,null
U30,25,3.2785076653358405,1.316453400871536,0.3774827591623809,0.07368314573152673,1.5379964169800169,1.496906703193291,null
U30,26,2.5611164729095037,-0.5605993572941282,-0.04676206344399035,1.7909567650848277,0.7167296835903618,0.49670832867060405,null
U30,27,1.5407236238570259,0.4302363125234664,-1.4293826401280225,-0.03341949808664424,0.3715485960968878,0.6663725411229555,null
U30,28,0.5631891504220958,-1.2193103491808246,-1.796679045574763,-0.8388226214730976,0.17661748631769683,0.3377293761310093,null
